<?xml version="1.0" encoding="utf-8"?>
<COLLADA xmlns="http://www.collada.org/2005/11/COLLADASchema" version="1.4.1" xmlns:xsi="http://www.w3.org/2001/XMLSchema-instance">
  <asset>
    <contributor>
      <author>Blender User</author>
      <authoring_tool>Blender 2.82.7 commit date:2020-03-12, commit time:05:06, hash:375c7dc4caf4</authoring_tool>
    </contributor>
    <created>2022-06-24T18:45:48</created>
    <modified>2022-06-24T18:45:48</modified>
    <unit name="meter" meter="1"/>
    <up_axis>Z_UP</up_axis>
  </asset>
  <library_effects>
    <effect id="gnome-effect">
      <profile_COMMON>
        <newparam sid="gnome_png-surface">
          <surface type="2D">
            <init_from>gnome_png</init_from>
          </surface>
        </newparam>
        <newparam sid="gnome_png-sampler">
          <sampler2D>
            <source>gnome_png-surface</source>
          </sampler2D>
        </newparam>
        <technique sid="common">
          <lambert>
            <emission>
              <color sid="emission">0 0 0 1</color>
            </emission>
            <diffuse>
              <texture texture="gnome_png-sampler" texcoord="UVMap"/>
            </diffuse>
            <index_of_refraction>
              <float sid="ior">1.45</float>
            </index_of_refraction>
          </lambert>
        </technique>
      </profile_COMMON>
    </effect>
  </library_effects>
  <library_images>
    <image id="gnome_png" name="gnome_png">
      <init_from>gnome.png</init_from>
    </image>
  </library_images>
  <library_materials>
    <material id="gnome-material" name="gnome">
      <instance_effect url="#gnome-effect"/>
    </material>
  </library_materials>
  <library_geometries>
    <geometry id="v_Gnome-mesh" name="v_Gnome">
      <mesh>
        <source id="v_Gnome-mesh-positions">
          <float_array id="v_Gnome-mesh-positions-array" count="4086">4.041334 19.93852 0.54103 4.041334 19.93852 0.54103 4.180333 20.20195 0.405057 4.070701 20.15494 0.956024 3.857574 19.88517 0.93782 4.203891 20.71487 0.575669 4.210147 20.51209 0.260524 4.239957 20.82222 0.115989 4.167053 21.24663 0.1932 3.949467 21.45435 0.509975 4.128468 21.38008 0.144374 3.689541 21.85854 0.225194 3.412374 22.41858 0.206251 3.622436 22.09547 -0.08790796 3.504565 20.16497 1.747171 4.020746 20.5219 1.289975 2.943732 20.01993 1.413578 2.918714 20.33399 1.945742 2.156985 20.26842 1.717925 3.651102 21.58367 0.932321 3.833305 21.23028 1.35126 4.094932 20.97858 0.980578 3.790569 20.89628 1.645698 3.360129 20.65793 1.964618 1.345373 22.56171 2.036089 1.313764 22.85779 1.748896 0.879702 22.85379 1.958372 1.669802 22.54122 1.825941 1.625052 22.7771 1.571612 2.1228 22.51371 1.628484 2.1242 22.1852 1.803269 2.584169 22.06338 1.687447 2.703428 22.39742 1.406652 3.075889 22.04837 1.440145 2.840651 22.69047 0.961687 3.409181 22.12396 1.044149 2.851869 21.8496 1.600569 2.148446 22.74605 1.357541 2.47425 21.92849 1.579303 2.679254 21.69913 1.536847 2.079739 22.03174 1.635297 3.212831 21.65224 1.276427 3.320267 21.46212 1.695827 3.561181 21.85694 1.015174 3.182389 21.84705 1.374475 2.893574 21.76036 1.563307 2.884284 21.66766 1.509741 2.653669 21.67861 1.590815 2.642548 21.66305 1.562052 2.434741 21.67835 1.670117 2.351772 21.80204 1.701973 2.233778 21.63883 1.751841 2.029912 21.86476 1.775449 2.032811 21.59931 1.833568 1.691991 21.82442 1.808878 2.448452 21.6737 1.722141 2.247488 21.63418 1.803867 1.676397 21.55982 1.881715 1.690751 21.57991 1.918883 2.046521 21.59466 1.885592 2.3264 21.57286 1.941131 2.640081 21.68182 1.805259 2.927337 21.57351 1.843104 3.156322 21.13742 1.978905 2.53311 21.28991 2.091354 2.679975 21.00351 2.093745 2.186552 20.88585 2.108968 2.298046 20.67518 2.082191 2.132532 20.72335 1.929727 1.710655 21.85048 1.857179 2.107818 21.10875 2.094371 2.020638 20.99378 1.985977 2.15224 20.81228 2.269055 2.168915 20.64955 2.255951 1.993457 20.76768 2.457116 1.979849 20.58757 2.44876 1.75142 20.83962 2.815348 1.87366 21.16026 2.340517 1.617022 21.24549 2.641391 1.719411 21.37807 2.255214 1.44745 21.46375 2.429637 1.560358 21.66268 2.151673 1.312282 21.71745 2.256749 1.533026 21.94255 2.010407 2.007077 21.41366 1.980861 1.788639 21.24429 2.009581 1.960815 21.10283 2.168429 1.754028 21.31118 2.132397 2.140647 20.54279 1.913984 2.185594 20.48683 2.242845 1.96624 20.40747 2.440403 1.767412 20.56767 2.890669 1.307668 20.86401 3.013371 1.222466 21.27368 2.795327 1.132167 21.46287 2.489841 1.056404 21.75373 2.3167 1.277557 22.0159 2.126768 0.994873 22.05704 2.195497 1.293361 22.28294 2.095618 0.974976 22.29463 2.166276 0.655209 22.22677 2.230762 0.729943 21.96908 2.24732 0.80036 21.67547 2.373932 0.788083 21.41081 2.579624 0.753125 21.17693 2.835194 0.489852 21.27188 2.520752 0.544775 21.57423 2.370644 0.466612 21.84776 2.236033 0.256186 22.1203 2.200215 0.170441 21.90874 2.053217 -0.235686 22.04765 2.248576 -0.2228749 21.91578 2.065889 -0.424899 21.82193 2.121212 0.306358 21.76088 2.13999 0.329609 21.44166 2.219834 0.309507 21.73607 2.087638 0.332041 21.42259 2.17957 -0.016056 21.48023 2.250735 -0.222316 21.61563 2.274597 -0.230567 21.45067 2.254858 -0.06026399 21.67527 2.207531 0.174309 21.87817 1.988816 -0.217765 21.87549 1.980888 -0.419788 21.78165 2.036211 -0.574469 21.66317 2.176956 -0.664843 21.7782 2.327779 -0.891533 21.50365 2.282064 -1.170758 21.59895 2.315107 -1.149943 21.32737 2.316466 -0.922414 21.37322 2.254691 -0.622476 21.41529 2.501603 -0.666321 21.39567 2.233347 -0.36939 21.55506 2.261507 -0.569357 21.62291 2.091953 -0.696448 21.41654 2.225475 0.07324898 21.02103 2.551971 0.239818 21.20869 2.371544 0.10065 21.30249 2.407475 -0.016788 21.50372 2.305183 -0.228025 21.50242 2.309436 -0.464327 21.48744 2.313346 -0.447991 21.38644 2.258838 -0.669821 21.39487 2.20216 -0.690036 21.39991 2.188231 -0.197402 21.37 2.520177 -0.210049 21.15386 2.702539 -0.737872 21.23109 2.699012 -1.10628 21.17656 2.617339 -1.717199 20.97958 2.37913 -1.007635 20.84415 2.787885 -1.753732 20.66756 2.472917 -0.909545 20.48421 2.807869 -1.78921 20.35582 2.478359 -1.073636 20.06442 2.690536 -1.797206 20.00353 2.402909 -2.036292 20.29034 2.239129 -2.126122 20.46073 2.134822 -1.228073 19.75233 2.520181 -1.924294 19.60526 2.193586 -2.278765 20.16829 1.919547 -2.334359 20.31697 1.813103 -2.215953 20.63113 2.030516 -2.389953 20.46566 1.706658 -2.548027 20.33904 1.452323 -2.515077 20.19359 1.497665 -2.241837 19.60694 1.727808 -2.291653 19.09527 1.647818 -1.74729 19.10826 1.92029 -0.960327 19.60561 2.045062 -0.699376 19.88104 2.507377 -0.03186398 19.94205 2.030109 -0.311197 20.09701 2.493176 0.016182 20.21684 2.308851 -0.104356 20.44727 2.530488 0.02365595 20.34651 2.31902 0.03113496 20.47617 2.32919 0.08724695 20.38625 2.630022 0.10497 20.52288 2.659322 -0.57666 20.13935 2.622505 -0.393699 20.56608 2.765555 -0.01702696 20.66027 2.565945 0.103306 20.77546 2.359918 0.276061 20.9008 2.533544 0.360958 20.64158 2.805845 0.420581 21.03515 2.653678 0.760617 20.78563 3.093238 0.356988 21.1168 2.317395 0.423423 21.19434 2.419065 -0.824423 20.85746 2.813658 -0.302338 20.85984 2.772868 0.02772396 20.84054 2.591235 1.319512 20.54632 3.081195 0.401806 20.46627 2.78885 0.793684 20.50345 3.14169 0.826604 20.20528 3.088129 1.331201 20.21263 3.047009 0.847397 19.95937 2.899856 1.322124 19.94452 2.904111 1.266663 19.75827 2.617141 1.738433 19.94309 2.534579 1.592652 19.93646 2.073109 1.929236 20.12097 2.267678 1.794754 20.08096 1.923159 1.784033 20.07048 2.771313 0.442651 20.29096 2.771856 1.959371 20.23587 2.40711 1.783254 20.27974 2.863977 2.198516 20.32997 2.16037 2.093005 20.18306 2.076516 1.940629 20.15645 1.840506 2.148765 20.36223 1.898241 2.434417 20.4156 1.979802 2.807221 20.72046 2.095707 2.480224 22.82846 1.420709 2.082072 22.72047 1.803289 2.53439 22.70544 1.660612 2.872964 22.67247 1.233909 3.102807 22.43833 1.132608 2.956636 22.55037 1.465741 2.502802 22.44086 1.728578 2.074719 22.45182 1.861657 1.784793 22.51538 1.870269 1.723261 22.38808 1.775904 1.616253 22.57903 1.741222 1.975134 22.24579 1.708962 2.40922 22.23388 1.573422 2.91176 22.29213 1.54942 3.154523 22.36285 1.2759 3.156898 22.21333 1.095462 3.010621 22.37291 1.005664 2.723776 22.56662 1.028473 2.381078 22.71716 1.189502 1.991686 22.8496 1.57782 1.78936 22.68149 1.834198 1.733479 22.76126 1.694851 1.659271 22.69465 1.557168 1.871604 22.74179 1.355032 3.126791 22.20326 1.327618 3.040514 22.07979 1.248803 2.772161 22.09236 1.421888 -4.942362 15.85347 0.01795196 -5.63504 15.19525 -0.93817 -5.500902 13.65766 -1.001796 -6.396118 14.39206 -1.55837 -5.803036 15.75193 -1.357287 -6.625463 13.25896 -1.995047 -5.445236 12.63034 -1.584572 -6.674329 11.99481 -2.298844 -5.389571 11.60302 -2.167348 -6.216893 11.22894 -2.030344 -5.574512 11.03304 -1.964595 -5.759458 10.46307 -1.761844 -4.721925 10.51469 -2.467592 -4.861888 10.4161 -2.479399 -5.754177 10.39452 -1.94918 -4.784422 9.736549 -1.612574 -6.479537 9.677387 -1.851074 -5.789935 8.839553 -1.123163 -6.567119 8.79966 -2.337063 -5.869198 8.033796 -1.511061 -6.234859 8.506731 -2.694345 -6.668223 10.84368 -2.049051 -6.994083 10.81676 -2.394784 -6.662113 9.692562 -1.799257 -5.22345 9.009951 -3.203439 -5.778498 8.408384 -2.949029 -5.098155 8.988138 -3.263495 -5.782031 8.52459 -2.880033 -6.301388 8.403434 -2.728855 -6.703706 8.709273 -2.337085 -5.499537 8.061004 -1.616048 -5.129879 8.08821 -1.721034 -4.195415 8.500188 -1.668248 -4.126649 10.83548 -3.676663 -5.015358 9.913802 -4.110062 -4.932558 10.83947 -4.956629 -5.355526 9.623925 -3.952828 -6.211033 9.704711 -4.147968 -6.977912 9.880849 -3.871378 -7.304455 10.1941 -3.372776 -7.283659 10.68575 -3.103862 -7.288151 12.04766 -2.986668 -7.155937 13.51668 -2.797668 -6.650102 14.84286 -2.293208 -6.429313 15.17216 -3.069357 -7.123306 13.50083 -3.699081 -7.379252 11.8385 -4.066018 -7.128482 11.51783 -4.671455 -6.589922 10.99028 -4.95226 -5.851663 13.19635 -4.763356 -6.670074 13.50251 -4.403596 -5.740987 15.3696 -3.769154 -4.705937 15.29025 -4.237641 -5.70955 16.03354 -1.905822 -5.519517 16.28544 -2.512628 -4.763373 16.46604 -3.20307 -3.817552 16.44495 -3.725959 -3.445498 12.04547 -3.895151 -4.243144 12.54971 -5.061451 -3.27815 14.1738 -4.661882 -2.561133 15.49489 -3.944284 -2.739237 17.13945 -3.144575 -3.595834 17.10228 -2.567285 -4.452431 17.06511 -1.989996 -4.621427 16.87039 -1.491706 -4.790421 16.67567 -0.993418 -2.76435 13.25547 -4.113638 -2.71556 21.54047 1.484466 -3.259601 21.09685 0.991734 -3.220026 21.05278 0.99224 -2.751693 21.57786 1.496836 -3.276221 21.15005 0.96451 -2.76234 21.62274 1.476343 -2.148241 21.98182 1.923074 -2.115549 21.95112 1.897828 -2.077861 21.90676 1.862782 -2.670394 21.50632 1.453776 -3.167383 21.02885 0.965905 -2.152916 22.0184 1.90931 3.226263 22.54883 0.850618 2.666905 22.69657 1.298839 3.18934 22.49551 0.830899 2.696203 22.74621 1.326414 2.06355 22.79319 1.680613 2.085223 22.83915 1.716045 2.093064 22.89719 1.722075 2.714396 22.80547 1.33146 2.702657 22.85476 1.306997 3.239286 22.65228 0.83063 3.254808 22.6093 0.854679 2.085106 22.95281 1.697198 4.904432 14.8682 -3.82478 3.624703 16.6043 -4.536939 5.240083 16.47003 -3.111883 3.671613 14.84782 -5.098837 1.320407 16.45648 -5.158862 5.328306 12.64698 -3.792163 -1.072852 16.9984 -4.557615 -1.306274 15.26569 -5.181098 1.349549 14.78991 -5.645295 3.468036 12.4545 -5.520161 5.747216 10.62489 -3.759276 6.496137 10.50264 -2.156981 6.459119 10.16187 -2.210749 5.668383 10.33843 -3.785798 3.279243 10.703 -5.494241 3.214403 10.29131 -5.221111 0.995395 10.44392 -5.444457 1.014409 10.77861 -5.699449 -0.927179 10.63962 -5.442904 -0.882449 11.05294 -5.701097 -3.532763 10.91636 -4.359972 -3.596846 11.20415 -4.330127 -0.772419 12.81078 -5.665094 1.181606 12.73706 -5.774644 -4.798721 10.71951 -2.997412 -4.828536 11.06745 -2.930154 -0.05522197 22.78542 2.385659 0.711724 22.84898 2.248298 0.700966 22.90516 2.224876 0.71629 22.79089 2.236794 -0.02727699 22.62912 2.353706 0.713524 22.74541 2.193238 -0.03380399 22.6724 2.397612 -0.04396796 22.72924 2.409231 -0.80838 22.55073 2.419065 -0.796633 22.49455 2.442786 -0.780878 22.43897 2.431052 -0.76505 22.39788 2.386796 4.016107 22.06952 -0.366415 4.025571 21.97329 -0.35805 4.129991 21.80594 -0.510279 4.253124 21.61496 -1.137672 3.921312 18.18648 -4.81745 4.553268 19.45613 -3.426407 5.183928 18.13459 -3.144447 3.06991 19.66144 -4.292348 3.908071 19.92455 -4.010187 4.287483 20.12469 -3.488591 4.004209 20.88971 -3.120783 1.421168 18.64965 -5.24359 -3.581675 19.30496 -2.733345 -4.302114 19.29237 -2.383805 -3.645142 20.08661 -2.477623 -2.848189 19.00849 -3.164747 -3.113119 18.17408 -3.387989 -1.218823 18.45373 -4.661989 -1.158947 17.59306 -4.966449 1.428672 17.22397 -5.462739 3.888735 17.24456 -4.775896 5.450963 17.14887 -3.248009 5.848415 18.01743 -1.500727 6.204865 17.08012 -1.646 5.937044 16.39365 -1.806835 -4.572496 17.70372 -2.021235 1.422546 22.80531 1.956713 1.427044 22.965 1.980824 1.436401 22.9091 2.004974 1.434768 22.85103 1.996206 -4.921737 0.217599 2.153976 -4.521371 0.995505 3.391702 -5.062065 1.033769 2.114724 -4.408765 0.169772 3.312261 -3.008502 0.87586 3.974613 -3.035777 0.05239194 3.845476 -1.418455 0.629703 3.426697 -1.623233 -0.06371796 3.275174 -1.215989 0.484641 2.222298 -1.431784 -0.07543098 2.218471 -4.781139 0.222369 -1.837033 -1.331223 -0.06618195 -2.044353 -1.105941 0.493091 -2.039794 -0.922862 1.511708 -0.662039 -1.119291 1.516217 2.222061 -1.47427 1.631876 3.3657 -2.962051 1.843978 3.838444 -4.385525 2.01695 3.276332 -4.884399 2.037797 2.083701 -4.732043 2.035847 -0.525592 -4.88083 1.035104 -1.870977 -2.376955 0.02485799 -2.845911 -3.98098 0.159068 -2.766183 -3.943286 0.466169 -2.883947 -3.368112 4.920992 -2.958012 -1.975525 4.488739 -3.000361 -2.343101 0.333209 -2.960756 -0.941209 4.192914 -2.058718 -0.874859 4.123084 -0.677546 -1.486956 2.160686 0.514234 -1.203328 4.117664 0.379488 -2.739569 2.51902 0.379292 -2.629696 4.427174 0.616223 -4.026316 2.516686 0.323336 -3.824133 4.8294 0.294776 -4.388184 5.041348 -0.61366 -4.388745 5.201035 -2.000843 -1.925158 33.20729 -6.392611 -1.659381 33.2675 -6.53045 -1.417854 33.23402 -6.694803 -2.233388 33.50493 -7.152389 -1.786806 33.48638 -7.454924 -1.08161 33.0396 -7.158208 -1.228297 33.15788 -6.911613 5.362697 20.15522 -1.675071 5.293074 19.87045 -1.606305 5.342656 19.79598 -1.72591 4.957044 20.33658 -0.623772 4.818017 20.07313 -0.487803 4.887445 20.95006 -0.861694 4.428049 21.34947 -1.048972 5.023811 20.59636 -1.750233 4.886279 21.12667 -1.720803 4.43387 22.01951 -1.178534 4.061088 21.90266 -1.301586 4.419231 21.78728 -1.904311 4.044451 21.67948 -2.129635 5.467961 20.17943 -1.756582 5.291362 20.75514 -1.895675 4.968506 21.19262 -2.001547 4.525201 21.69844 -2.256831 4.041273 21.63697 -2.287377 4.06157 21.14992 -2.310102 4.833516 21.10187 -2.1571 5.092365 20.63524 -2.093508 5.160841 20.09476 -2.027521 5.198999 19.85472 -1.928847 -2.746619 30.19814 -8.473213 -1.62283 30.85287 -8.859075 -1.542749 18.28091 -4.678748 -2.990755 30.42362 -8.289077 -3.617424 30.16567 -7.452292 -3.61079 19.09868 -2.643687 -3.520107 18.94999 -2.683823 -3.509901 31.6108 -7.684242 -3.831594 20.5208 -0.038899 -3.461555 31.93396 -7.3045 -4.076591 19.83295 -1.402415 4.414827 21.42111 -1.572063 0.272339 20.52471 -1.456414 -3.488814 19.02913 -2.556741 -3.54916 19.02182 -2.581646 -3.593515 19.04711 -2.613261 -3.709703 20.41638 -0.01306796 -3.954661 19.74596 -1.346026 -1.453824 22.19377 2.168785 -3.130524 33.23539 -7.020373 -2.906818 33.21998 -6.588428 -2.592753 33.42601 -6.592968 -2.224874 33.28997 -6.416187 -3.290472 32.71093 -6.938973 -1.51302 22.32602 2.208182 -0.928525 32.91235 -7.515821 -0.886419 32.6673 -8.048133 -0.879411 31.96869 -8.602773 -4.821216 17.43239 -1.925868 -4.37559 17.31958 -1.927979 -4.579593 16.77692 -1.598288 -4.63067 18.1176 -2.202341 -4.182564 18.00368 -2.215644 -4.450168 18.85258 -2.400374 -3.982934 18.73177 -2.414874 -3.761535 19.55446 -2.501939 -4.220689 19.80258 -2.516523 -3.615404 20.0734 -2.480206 -5.02786 16.84782 -1.586813 -4.602114 16.59322 -1.194504 -5.051076 16.60025 -1.147396 -5.351567 17.36651 -2.236977 -5.180755 18.19499 -2.568307 -4.98035 19.00327 -2.781761 -4.703744 20.10045 -2.900045 -4.0378 20.26086 -2.443354 -3.81602 20.55362 -2.144561 -3.422345 20.34535 -2.282494 -3.334587 20.31877 -1.984342 -3.707359 20.55234 -1.830578 -3.310121 20.1863 -1.741149 -3.671554 20.40451 -1.545735 -3.842319 20.94618 -1.180384 -3.878739 21.14761 -1.664676 -4.068427 21.16839 -2.219083 -4.389962 20.76129 -2.703453 -3.597065 20.5014 -0.911429 -3.86014 20.5605 -0.800097 -3.758567 20.15643 -0.676454 -4.029403 20.16325 -0.659667 -5.534282 16.61937 -1.858055 -5.400163 16.11885 -0.977848 -5.031928 16.55363 -0.810037 -5.359196 16.09318 -0.867701 -5.122728 16.8304 -0.186106 -3.986917 19.40804 -0.780862 -3.52609 19.67714 -1.497783 -4.019454 19.52542 -0.49267 -4.159596 19.22056 -0.424734 -4.082434 19.10041 -0.705335 -4.278909 18.9184 -0.366549 -4.178333 18.77917 -0.633882 -4.388176 18.68154 -0.291893 -4.281264 18.5286 -0.551584 -4.481052 18.45186 -0.224462 -4.61902 17.75307 -0.488066 -4.852662 17.67926 -0.09023499 -4.860327 17.16759 -0.514342 -4.440597 17.03819 -0.683514 -4.597146 16.52661 -0.938438 -3.772233 20.43964 -0.008572995 -4.016098 19.75394 -1.35623 -3.827397 20.47765 -0.01379096 -4.065858 19.78559 -1.374647 1.404966 18.29526 2.423402 1.037629 18.43255 2.495904 1.06942 18.2444 2.467825 1.669277 18.59791 2.404737 1.668617 18.70551 1.658586 2.31174 18.97519 1.897793 1.150239 18.74522 1.647863 0.150159 18.75207 2.059601 0.50785 18.8952 1.650671 0.807491 18.43654 2.481832 0.577352 18.44053 2.46776 0.02271795 18.57382 2.024981 0.517395 18.2396 2.441103 0.03268796 18.67469 2.14088 0.782153 18.20664 2.472943 1.089321 18.12826 2.953723 0.699853 18.05744 2.853148 1.088253 18.00106 2.867458 0.707056 18.16168 2.920103 0.734114 18.33484 2.880711 0.347295 18.26581 2.849521 0.40388 18.40486 2.846169 0.46382 18.41778 2.641727 0.761819 18.36249 2.705821 0.514683 18.33875 2.555367 0.778092 18.2959 2.594539 1.064009 18.32377 2.59675 1.415399 18.37971 2.543817 1.700573 18.46361 2.376684 2.360855 18.85408 1.850694 0.333966 18.18452 2.801877 1.726842 18.55312 2.488589 2.39711 18.94895 1.962615 1.082331 18.3779 2.732954 1.476745 18.42972 2.687498 1.831217 18.59902 2.639749 2.50326 18.99758 2.024389 2.572212 18.98058 2.096176 1.08686 18.33553 2.878293 1.522916 18.36507 2.829564 1.91903 18.5121 2.778538 1.971735 18.34425 2.814899 2.670751 19.00406 2.016886 1.966116 18.23632 2.69762 2.734407 18.92617 2.000926 2.69772 18.77321 2.026917 1.893081 18.15787 2.456285 1.547156 18.05995 2.783686 1.506359 17.97788 2.56375 1.079692 17.91537 2.668921 0.699327 17.97099 2.671055 1.550497 18.17751 2.885459 0.341468 18.09731 2.63623 -0.002843976 18.32736 2.36566 -0.239632 18.64959 2.307174 -0.18082 18.72785 2.262974 -0.1218039 18.75854 2.195384 -0.065108 18.75872 2.107228 -2.839132 30.8199 -8.369119 -3.366352 31.09049 -8.012233 -1.567018 32.77012 -7.909805 -3.290663 31.45879 -7.85694 -3.494327 32.01712 -7.488891 -3.445309 30.59885 -7.839804 -1.469124 32.93837 -7.865244 3.900067 12.03449 4.30739 2.26955 13.69384 4.400389 2.440395 11.78862 4.998236 3.996391 13.69207 3.848248 4.853719 12.52833 3.645136 5.29035 13.34193 3.165553 4.778955 16.31028 1.752731 3.211788 14.71441 3.548869 2.113033 14.34852 4.2005 3.810483 10.50804 4.106781 2.228298 9.984678 4.775093 5.110178 11.35224 3.459021 5.789553 13.1547 2.52089 5.580916 15.88795 1.528655 5.842137 17.94996 0.09735596 5.973578 17.11129 -0.294531 5.818964 12.70779 1.841067 6.304108 15.42478 1.14679 6.336823 16.55484 -0.353807 6.018348 18.65361 -1.521372 5.158561 18.31574 0.234318 3.817173 16.55088 2.035123 1.870708 15.34116 3.436681 1.388837 15.41634 4.151445 1.448023 16.38583 3.526602 0.814055 16.32772 3.691975 1.374008 17.07735 3.12718 1.939146 16.4693 2.906793 6.072875 15.12515 0.436419 6.194868 15.94739 -0.626933 2.119668 17.30389 2.742657 2.966951 17.89451 2.091457 4.533638 18.97832 0.646918 5.121681 19.0657 -0.183762 5.936142 19.31162 -1.504411 5.723831 19.23328 -1.714055 5.419775 19.63373 -1.594873 4.999634 19.83305 -0.313096 4.458866 19.82736 0.560577 1.26501 19.42533 2.703154 1.716182 19.2715 2.493304 1.757833 19.39159 2.501045 2.548822 19.29844 2.126328 1.846075 19.66184 2.308933 2.48653 19.49148 2.040909 2.944467 19.04323 1.924232 3.198398 18.70442 1.6422 2.863965 18.20297 2.056887 0.690862 17.18148 3.119047 -1.529068 18.35611 2.531135 -0.792555 18.65828 2.774365 -0.981199 18.87907 2.694023 -0.20231 19.17355 2.655266 -0.10877 18.97351 2.741629 0.480695 19.24729 2.731226 0.509502 19.40891 2.668782 1.253431 19.58631 2.577707 0.167562 19.90525 2.043684 0.459554 19.85123 2.063584 0.779642 19.79211 2.08537 1.0862 19.77686 2.094553 0.974727 13.73702 4.441783 1.032877 14.45106 4.344599 -0.09887599 14.47182 4.235634 0.423573 15.18637 4.07591 -1.806947 16.0445 3.732736 -1.061431 16.99393 3.296505 -2.231493 16.9233 2.661417 -1.318887 17.75985 2.418568 -2.466841 17.83992 2.194088 -1.389543 17.8886 2.539929 -1.45551 18.06275 2.585943 -0.743628 18.49309 2.6456 -0.05484795 18.83938 2.546148 0.491747 19.08647 2.671166 1.215449 19.26229 2.655458 -2.536358 18.42633 2.011546 -0.709489 18.43862 2.348767 -0.642397 17.84107 2.76493 2.577056 19.16501 2.153065 1.679729 19.20134 2.399181 1.1755 19.1988 2.499946 0.516563 19.08125 2.550595 -0.009545981 18.77498 2.350785 0.496276 18.93089 1.894659 1.09791 19.06828 1.92485 1.64281 19.00216 1.894569 2.608364 19.06384 2.148486 -5.191792 16.85644 -0.06746995 -5.433702 16.06977 -0.417741 -5.578887 16.10743 -0.396341 -5.533241 16.0799 -0.968779 -5.700018 16.11627 -0.946586 -5.650515 16.58994 -1.855715 -4.552132 18.48423 -0.230575 -4.892927 17.69413 0.03457295 -4.967985 17.69986 0.02028197 -5.258462 16.89621 -0.05526596 -5.622815 16.27034 -0.406502 -5.777369 16.29709 -0.909584 -5.758996 16.65986 -1.803029 -5.480494 17.34629 -2.201975 -5.317954 17.40377 -0.484301 -5.308617 17.48082 -0.5866 -5.375134 17.22547 -0.79853 -5.49008 17.02811 -0.68351 -5.62889 17.05065 -1.097631 -5.673766 16.94585 -1.080566 -5.714399 17.21878 -1.455443 -5.859725 16.82912 -1.699998 -5.602365 17.41426 -2.136703 -5.30939 18.22016 -2.591228 -5.131347 19.08875 -2.829342 -4.8207 20.17177 -2.942469 -5.717191 17.57041 -2.041164 -5.477078 17.23785 -1.101172 -5.253656 17.97485 -0.718857 -5.34287 17.65647 -0.75271 -5.354386 17.50906 -0.887226 -5.431204 17.51621 -1.075951 -5.439846 17.61529 -1.417489 -5.652882 17.32587 -1.424171 -5.611619 17.88628 -1.830876 -5.562603 18.35759 -2.357375 -5.436672 18.27436 -2.520917 -4.956523 20.19322 -2.867172 -5.261961 19.12972 -2.755682 -5.372191 19.12615 -2.560782 -5.482184 18.49352 -2.195615 -5.543041 17.96434 -1.783576 -5.34032 18.07426 -1.728671 -5.294927 17.97846 -1.235843 -5.363915 17.59191 -1.078028 -5.297427 17.55678 -0.917827 -5.300996 17.69397 -0.816256 -5.23455 17.97028 -0.785818 -4.960546 17.87132 -0.895415 -4.989845 17.65143 -0.949013 -4.993926 17.50374 -1.148669 -4.963086 17.52639 -1.007015 -4.924682 17.87553 -1.350682 -5.210399 19.18377 -2.27931 -5.411706 18.55134 -2.128016 -4.938564 19.16378 -2.221501 -5.220934 18.63682 -2.030973 -5.285504 19.17602 -2.342363 -4.777847 20.58658 -2.222878 -4.609234 20.87364 -1.903505 -4.824016 20.6437 -2.269262 -4.771499 20.77401 -2.493313 -5.111212 20.16481 -2.674152 -5.083181 20.11704 -2.412618 -5.026546 20.08585 -2.355272 -4.692838 19.94576 -2.333344 -4.885187 19.42011 -1.796692 -5.12828 18.79307 -1.826883 -5.311876 18.2947 -1.624631 -4.464981 20.40356 -2.224706 -4.690085 19.95763 -1.699145 -4.465496 20.31088 -1.667259 -4.562387 19.14615 -1.217018 -4.381469 19.11811 -1.274425 -4.413657 18.93165 -1.563888 -4.299001 19.44007 -1.118052 -4.509933 19.46922 -1.023165 -4.447053 19.57127 -1.013107 -4.485244 19.51083 -0.938596 -4.446868 20.04209 -0.960671 -4.412414 20.03177 -1.027566 -4.381002 20.34364 -1.067507 -4.127226 20.25484 -1.151299 -4.103581 20.47652 -1.367857 -4.235688 20.25254 -1.453584 -4.40076 19.95578 -1.453638 -4.501707 19.58655 -1.452684 -4.271056 19.54655 -1.088777 -4.173649 20.00738 -1.0953 -4.731413 19.08065 -0.979091 -4.703817 18.93511 -1.198719 -4.715554 19.12252 -0.880736 -4.664497 19.14604 -0.763065 -4.433624 19.47117 -0.76953 -4.373984 20.06178 -0.7539 -4.409735 20.37912 -1.003108 -4.354598 20.66709 -1.229908 -4.180729 20.60958 -1.660973 -4.293046 20.5776 -1.931727 -4.580209 20.79304 -1.88697 -4.410818 20.81024 -1.576174 -4.43227 20.89689 -1.556437 -4.372156 20.74587 -1.185813 -4.668352 20.84124 -2.655939 -4.480972 21.12132 -2.056617 -4.343428 21.14163 -1.533227 -4.256071 20.90787 -1.097747 -4.320221 20.45454 -0.802182 -4.717633 18.93704 -0.702023 -4.49908 18.93991 -0.453258 -4.367271 19.24303 -0.49485 -4.249424 19.53818 -0.510849 -4.259122 20.0956 -0.722489 -4.16686 20.48986 -0.801487 -4.130183 20.99181 -1.099429 -4.179531 21.25096 -1.576598 -4.382662 21.26243 -2.103281 -4.525884 20.83381 -2.72643 -4.209496 21.27383 -2.160807 -4.024633 21.25295 -1.620414 -3.984297 20.99409 -1.126911 -4.014074 20.52511 -0.770908 -4.144265 20.12943 -0.691078 -4.172769 19.53393 -0.504789 -4.298047 19.23554 -0.471477 -4.425689 18.93274 -0.424355 -4.536215 18.70102 -0.342349 -4.096113 19.52968 -0.49873 -4.228826 19.22805 -0.448106 -4.352298 18.92557 -0.395453 -4.459489 18.69426 -0.309337 -4.630764 18.49566 -0.268688 0.626199 10.33845 4.813128 0.637418 10.17925 4.11288 2.085283 9.797093 4.093191 -1.000219 10.43581 3.907152 0.742767 12.0344 5.037048 -1.211377 10.65321 4.571637 -2.617279 10.81466 3.191329 3.567793 10.05971 3.553542 4.838165 11.00212 2.863726 -3.710289 18.2092 0.91174 -3.843496 17.84139 1.074603 -3.156497 16.4997 2.652343 -2.304435 15.2409 3.861211 -0.604085 13.67416 4.1181 -1.250522 12.09895 4.818689 -2.900137 11.30718 3.73614 -3.741982 11.67428 2.394814 -4.044467 12.06794 2.962329 -4.533493 13.36498 1.299562 -4.569668 13.82416 2.006518 -2.760999 12.59445 4.005254 -2.565254 14.21613 3.708127 -4.443012 16.21496 1.559862 -5.190405 16.16582 0.816958 -4.592379 17.48938 0.392168 -3.455672 18.60226 0.7007 -4.884329 17.40851 -0.546416 -4.408692 18.4492 -0.582561 -4.554706 18.72629 -0.539218 -1.671954 2.160794 2.290092 -2.270083 2.233121 3.038034 -2.843844 2.520286 2.182568 -4.107597 2.493476 2.208666 -3.50411 2.369189 2.95471 -2.899752 2.302806 3.150052 -3.360256 20.28927 0.384644 -4.006695 20.42184 -0.587845 -4.17033 20.18931 -0.59528 -4.338774 20.02289 -0.483897 -3.522535 20.13759 0.577164 -4.649022 20.14892 -0.740669 -4.433709 20.40139 -0.842128 -4.244312 20.63997 -0.829148 -3.581778 18.89381 0.768036 -3.567711 19.54384 0.533745 -3.550687 19.76048 0.54425 -3.531045 20.04322 0.806092 -2.53396 20.54837 1.441955 -2.45019 20.75609 1.494354 -2.246403 21.32664 1.569445 -3.305445 20.69941 0.186183 -3.049368 20.54316 -0.006501972 -3.781878 20.29321 -0.825129 -4.050767 20.539 -1.111025 -2.371308 21.57746 1.382327 -4.228244 19.64644 -0.500522 -4.420004 18.96854 -0.386317 -4.185038 20.30481 -1.104665 -4.281565 20.40364 -0.920226 -4.281994 20.24234 -0.916196 -4.399693 20.05264 -0.898449 -4.62144 19.9038 -0.767165 -4.38146 19.9369 -0.445674 -4.255879 19.74055 -0.496365 -4.495378 19.64698 -0.792524 -4.678231 18.89515 -0.59627 -4.330433 19.69007 -0.84864 -4.523564 19.77156 -0.779441 1.35427 1.936053 0.338636 0.330099 1.478879 1.824984 0.917946 2.04603 2.066461 1.134461 1.281899 -0.944639 0.285473 1.632011 3.017406 1.53536 1.676139 3.975411 1.227514 2.093369 2.974392 2.096213 2.23446 2.366975 2.616573 2.110325 0.641736 3.828189 1.929634 1.039435 3.254684 2.038946 2.834082 3.947715 1.47418 2.99974 3.073852 1.611689 3.942691 2.420852 2.054509 3.3247 1.783562 2.085531 3.297858 4.699267 1.29462 0.502828 6.188202 18.15539 -1.756383 6.135375 18.28907 -1.953733 6.048386 18.60987 -1.952465 6.067741 18.31305 -1.998938 6.002554 18.59133 -2.00173 5.715433 18.4797 -1.957139 5.285552 18.66026 -2.655089 5.639837 18.76805 -2.802562 5.353258 19.20081 -2.970817 5.801359 18.53352 -2.393881 5.486097 18.38509 -2.340552 5.660709 18.06465 -2.115526 5.733409 18.25258 -1.970333 6.02986 18.15712 -2.05724 6.097505 18.11544 -2.045251 6.17358 17.85774 -1.916792 6.246015 18.10235 -1.654684 6.339939 17.6868 -1.824646 6.295018 18.02828 -1.558422 6.394923 17.60203 -1.780676 6.425622 17.7329 -1.268004 6.630029 17.00428 -1.48014 6.018007 18.15409 -2.233787 5.692688 18.11881 -1.982959 5.407155 18.96858 -3.225692 5.401567 19.16869 -3.039774 5.687627 18.72113 -2.837666 5.861742 18.49859 -2.423404 6.084511 18.07851 -2.245334 6.133568 17.80008 -2.228596 6.284205 17.61335 -2.252165 6.338983 17.51348 -2.234672 6.549699 16.91503 -1.993267 5.683053 18.48249 -2.89448 5.542497 18.85774 -3.37572 5.93794 18.09996 -2.568762 6.146088 17.80933 -2.606395 6.195083 17.69602 -2.637958 6.246251 17.2577 -2.832929 5.920725 17.91033 -3.225765 5.895457 18.26791 -3.062529 5.592063 18.61359 -3.601222 5.580543 18.78426 -3.453391 5.848987 18.35666 -3.007732 6.23797 17.615 -1.187533 6.455633 16.83051 -1.427508 6.298547 16.71593 -1.898862 5.899397 17.02913 -2.784857 5.521018 17.68044 -3.194412 5.168451 18.4212 -3.584768 5.281203 19.32455 -3.858485 5.29432 19.42397 -3.640153 5.253538 19.4478 -3.553864 5.035424 19.44982 -3.380489 4.841584 19.16904 -3.854843 5.153852 19.79465 -3.039828 4.713512 20.19579 -3.536341 4.994686 20.3167 -3.730711 5.018716 20.33274 -3.812195 4.927642 20.32102 -4.063256 4.467925 20.22192 -4.069441 4.700555 20.97391 -3.906494 4.226308 20.91963 -3.900225 4.599417 21.45124 -3.465832 4.119201 21.43334 -3.42232 4.664798 21.54877 -2.936786 4.189718 21.54083 -2.850288 5.0062 21.03989 -2.142071 5.004899 20.91931 -2.340924 4.867446 21.23809 -2.561859 4.809564 21.44903 -2.485646 4.75111 21.30211 -2.94415 4.761754 21.19757 -3.319985 4.812221 20.88614 -3.685043 4.794615 20.84215 -3.612235 4.524814 20.67343 -3.438644 4.984434 20.34652 -2.982952 4.772501 20.70535 -2.93174 4.830543 20.40801 -2.641603 4.66216 20.70282 -2.632272 4.777753 20.5443 -2.240027 4.695152 20.7749 -2.321041 5.020101 20.5752 -2.290079 4.953616 20.87157 -2.377242 5.079319 20.59884 -2.248806 4.837913 21.15218 -2.576067 4.729121 21.21399 -2.933715 4.748233 21.12356 -3.275835 4.946558 20.0449 -2.606808 4.899173 20.09321 -2.179434 5.124357 19.74266 -2.982357 4.916089 19.96507 -2.609994 4.918796 19.982 -2.194724 5.088486 20.12815 -2.195236 5.060081 19.10069 -2.819411 4.828036 19.61972 -2.902557 4.598312 19.82392 -2.613394 4.947017 19.63114 -2.29943 5.147888 19.30603 -2.053093 5.498511 19.23991 -2.016458 5.190849 19.07485 -1.994171 5.164992 19.21143 -2.242662 5.106069 19.10038 -2.438279 5.219624 19.26144 -2.511709 4.863361 19.38481 -2.527238 5.132638 19.66526 -2.33408 5.147546 20.02443 -2.209905 5.159107 20.08436 -2.133986 5.101857 20.66571 -2.04031 5.364459 19.28019 -2.266917 5.281921 19.45883 -2.335185 5.479999 19.45968 -2.111378 5.391884 19.64804 -2.185892 5.417333 19.71096 -2.1018 5.420721 19.76142 -1.981581 5.188438 20.08456 -1.955207 5.508945 19.5692 -1.907197 5.505554 19.51851 -2.027962 4.379896 21.45188 -2.368259 4.58628 21.15865 -1.961926 4.825913 20.79655 -1.829 5.130147 20.21262 -1.662732 5.262866 19.92444 -1.637803 5.555968 19.35392 -1.819929 5.545897 19.29203 -1.963423 5.84263 19.10638 -1.827481 5.819261 19.15826 -1.72765 5.569992 19.41132 -1.542102 5.695695 19.20928 -1.493936 5.583744 18.70713 -2.076258 5.870587 18.81028 -2.15553 5.909208 18.876 -2.118394 5.862313 19.03404 -1.943864 6.037928 18.60727 -1.833904 6.069797 18.58677 -1.73325 6.099521 18.55906 -1.617844 6.162246 18.47259 -1.304604 5.535301 19.20857 -1.283776 5.979471 18.47251 -1.165231 -4.766642 18.63972 -0.874335 -5.192255 18.27876 -0.865778 -4.784412 18.67616 -0.796035 -5.175849 18.2252 -0.929351 -4.886684 18.12714 -1.006638 -4.485633 18.4948 -1.024035 -5.192607 17.94799 -0.620232 -4.872648 18.22376 -1.652108 -4.566334 18.68218 -1.222606 -4.602333 18.6192 -1.443526 -4.754056 18.74098 -1.142509 -4.784269 18.87535 -0.917133 -4.768929 18.91339 -0.820245 -4.727261 18.70308 -1.796692 -4.731261 18.78415 -1.42334 -4.538024 19.24241 -1.855874 -4.198643 19.39586 -1.657481 -4.478304 19.51143 -1.486156 -4.835291 19.35925 -1.770627 -5.05371 18.81306 -1.780401 -5.252062 18.33624 -1.604287 -5.226615 18.01031 -1.228446 0.377018 -0.136012 1.969337 3.679236 -0.323676 3.122523 0.1946099 -0.070073 3.025616 1.326662 -0.103198 4.050991 2.799923 -0.213502 4.029024 4.915647 -0.603162 -0.664445 1.744239 -0.437146 -2.058322 0.261522 0.446738 1.883917 1.619596 0.1461589 -2.146323 0.05920594 0.654136 3.079188 1.383409 0.723804 4.142523 3.003709 0.593002 4.122884 3.947881 0.460628 3.115169 5.144273 0.183664 -0.68098 -4.997967 18.44647 -0.589565 -5.178015 17.90456 -0.522924 -4.931706 18.47751 -0.500986 -4.728848 18.70553 -0.652597 -5.068802 18.39916 -0.698734 -5.155302 17.85115 -0.415251 -5.322429 17.30789 -0.395167 -4.716955 18.48617 -0.338801 -4.61835 18.70182 -0.390929 -4.465179 18.73552 -1.043453 -5.322743 16.9497 -0.1494989 -5.523092 16.93255 -0.639886 -5.077837 17.69643 -0.13311 6.826236 8.554181 -0.373847 6.49579 8.15555 -2.083074 6.371643 9.274748 -2.13563 6.681512 8.070652 -2.322137 6.587947 9.459203 -2.336409 5.901337 8.7886 -3.897937 4.974594 6.940305 -4.341753 3.1746 7.628548 -5.355108 2.922222 5.807071 -4.39725 6.395105 9.812664 -2.087017 7.139698 8.498499 -0.07033896 6.207366 9.420274 -0.614027 6.142314 9.175457 -0.800494 5.878376 9.623768 -3.89918 3.263893 9.421033 -5.511414 0.877131 9.251148 -5.328387 0.725219 7.467049 -4.489149 2.950067 5.118119 -3.520419 5.46524 6.167048 -2.322906 6.902875 7.458259 -1.465769 0.496485 5.518302 -1.785774 6.896394 7.603848 -0.710377 7.158126 7.42294 -0.652666 6.68197 7.63064 -1.348639 5.719219 6.140177 -0.980559 5.481878 6.795992 0.251894 5.344904 7.562808 0.527261 4.445002 6.597885 1.209523 4.262317 5.784624 0.86182 3.132612 5.949885 1.598879 3.139401 5.322199 1.250222 1.849554 5.666587 1.779973 1.89697 5.002044 1.074878 3.11342 4.633599 1.246525 1.870863 4.430961 0.97359 2.599727 4.067842 0.889132 1.321409 3.950069 0.135686 1.437453 3.897463 0.06603997 1.255931 3.967022 -0.997343 1.113207 4.465129 0.2097319 0.363191 4.875547 0.752086 0.368169 5.38254 1.600056 0.436185 6.489709 1.826422 1.676473 6.566117 1.815575 2.947381 6.875791 1.648754 4.338587 7.411183 1.276743 5.212825 8.302834 0.523643 1.520707 3.923647 -1.03822 -4.754843 6.798585 -1.634016 -4.393863 6.187852 -0.313447 -4.602303 7.444751 -0.395895 -4.692095 5.167773 -0.602849 -3.911672 4.943874 0.367588 -2.626271 4.506934 0.709253 -1.108295 4.152402 0.488684 -0.628114 4.123152 -0.539738 -0.432495 4.595098 0.1328729 -1.29433 4.697107 0.815095 -1.248092 5.26652 0.91169 -1.172663 5.920763 1.616106 -0.864824 6.779875 1.670792 -4.73826 5.34141 -2.018542 -6.115725 9.034085 -1.093801 -4.389791 8.199234 -0.117927 -3.684215 7.257168 0.734549 -3.563387 6.440164 0.432251 -2.463553 6.420563 1.289193 -2.519306 5.798087 0.948883 -2.594252 5.113555 0.954804 -3.675632 5.635571 0.538942 -1.329697 8.007421 -5.611728 -1.552132 6.183335 -4.630715 -1.801442 5.517659 -3.76089 -3.278641 7.554233 -4.831148 -4.273418 6.812534 -2.914943 -5.256132 8.629627 -3.194387 -5.742413 8.047542 -2.372481 -5.498742 8.217859 -2.221512 -5.847847 8.191385 -1.634565 -5.705256 9.099685 -1.328885 -6.165443 8.014082 -1.620363 -3.553391 5.136157 -3.069696 -0.558153 5.036344 -1.902296 -0.57244 4.207773 -2.200315 -1.8299 4.523095 -3.330024 3.001972 -0.549641 -2.445447 4.482207 -0.628049 -1.812972 3.057168 -0.249154 -2.572258 2.072623 3.941135 -2.302691 3.390677 4.037768 -2.791025 2.726139 4.028207 0.779166 3.834086 4.204348 0.949429 4.714359 4.370493 0.348322 5.287633 4.502343 -0.915277 4.721939 4.244328 -2.216384 4.534647 -0.328484 -1.943856 6.007784 10.89109 1.956023 4.930437 9.961999 2.969981 6.08567 9.856256 1.779865 4.959951 8.84765 2.684502 3.539752 9.171302 3.574443 -5.688696 13.47729 -0.47854 -5.011064 11.51688 1.238092 -4.043983 10.62465 2.397211 -2.74252 9.699971 3.158513 -1.151622 9.137695 3.704881 0.531344 8.954282 3.930651 2.028078 8.870128 3.911837 3.273399 7.979911 3.419158 4.494539 7.567053 2.086707 5.55241 8.501844 0.949057 6.518737 9.598867 -0.312947 6.754408 10.6861 0.355821 3.023033 7.040684 2.462131 1.978242 7.650439 3.597042 0.44757 7.570763 3.613258 -1.227431 7.920135 3.400881 -2.583281 8.472673 3.053479 -4.184444 9.500137 2.052922 -5.167319 10.45695 0.976989 -5.625923 11.2693 -0.509953 1.733033 6.71074 2.640192 0.415225 6.613178 2.663888 -0.988139 6.939636 2.482913 -2.305039 7.488894 2.147481 -3.741268 8.232361 1.576921 -4.557344 9.117492 0.23415 -5.278477 10.1563 -1.184902 -2.140593 7.303785 1.352816 -3.457803 8.067064 0.80918 -4.134898 8.931718 -0.110706 -4.875038 9.985249 -1.426729 6.919474 12.84202 0.284386 6.873155 13.02314 -0.272762 6.849602 11.02866 -1.334664 0.06953001 20.24963 2.600722 0.09902197 20.07191 2.533383 0.442228 20.05071 2.628791 0.455246 19.96356 2.43502 0.82181 19.79533 2.56751 0.136991 19.98393 2.384634 5.620883 4.632072 -0.783247 5.107514 5.514283 0.2393 4.993726 4.486364 0.486176 3.896918 4.316336 1.056792 4.236694 4.978445 0.955727 4.967311 4.448614 -2.231819 3.385053 4.08493 -3.149143 1.462994 4.866392 -1.80075 1.792925 4.0109 -2.568245 2.626611 3.985523 0.800628 -5.083239 8.719633 -2.925178 -4.775083 9.8155 -2.963524 -3.978474 9.34262 -4.602105 -4.970335 9.992493 -3.193704 -4.773267 10.36572 -2.885385 -3.838015 10.18062 -4.567165 -1.059218 9.784737 -5.774995 5.77342 17.1821 -1.948418 5.54591 17.32788 -2.37495 5.905176 17.21125 -1.635168 5.837407 17.88034 -1.431394 5.592416 18.46486 -1.426846 5.209059 19.21813 -1.498907 4.305562 21.08506 -1.932029 4.104814 20.84917 -2.498842 4.003929 20.92955 -2.794833 3.965805 20.85848 -3.117147 4.043587 20.46678 -3.4091 4.219398 20.03134 -3.460301 4.539855 19.12299 -3.258098 4.837231 18.44391 -3.008314 5.174196 17.83019 -2.704849 -1.131405 22.23701 2.279321 -0.730007 22.46617 2.2683 -0.734084 22.41407 2.096496 -1.056403 22.13824 2.033763 -1.308488 21.90499 2.285532 -1.262124 21.84399 2.133769 -1.323256 21.64614 2.23436 -1.283395 21.83692 2.439287 -1.090788 22.12691 2.528097 -0.67791 22.38545 2.535376 -0.2349359 22.62036 2.29555 -0.192816 22.51024 2.047016 0.07270896 22.52566 2.305908 0.09873199 22.45761 2.152306 0.225904 22.36552 2.308704 0.145588 22.29894 2.113232 0.197878 22.25061 2.255711 0.171546 22.16587 2.387957 0.176001 22.16806 2.270429 -0.10727 22.12322 2.311001 -0.11105 22.12127 2.410235 -0.536291 22.06388 2.369411 -0.53618 22.03327 2.389419 -0.912758 21.81027 2.312018 -0.918466 21.82517 2.390461 -1.133996 21.57727 2.375353 -1.205724 21.69112 2.479275 -1.034539 22.00935 2.558593 -0.601582 22.23558 2.564042 -0.2116259 22.50096 2.542242 0.087103 22.45181 2.458373 0.131093 22.2917 2.49488 -0.1764889 22.32493 2.58326 -1.480585 22.2365 2.208435 -1.50481 22.27964 2.226925 6.895239 14.65466 -3.68056 7.825315 14.38821 -2.124903 8.721907 11.31912 -2.88684 8.216849 10.49796 -3.833424 5.887455 13.56695 -4.288067 6.894258 10.31116 -4.12185 7.075973 7.849571 -2.001211 7.832067 8.19564 -1.206229 7.773702 9.209356 -0.647221 7.028289 9.922456 -0.811292 7.865793 11.4318 -1.259615 7.608598 13.74221 -0.704502 6.032007 10.26594 -3.004107 6.604805 8.44327 -2.395277 6.708542 8.470361 -2.311445 7.083127 7.972249 -1.924281 7.721479 8.28758 -1.224437 7.628133 9.188751 -0.729921 7.05233 9.858509 -0.993066 6.836139 8.2798 -0.173469 6.876951 7.436091 -0.595854 6.252944 7.480562 -0.929088 5.463782 7.884917 -1.019218 6.293982 9.950772 -1.692455 6.404563 9.858794 -1.674265 1.772596 21.96314 1.672957 2.069738 22.03605 1.509055 1.806027 21.98024 1.735492 1.760498 22.15355 1.898418 0.973378 22.55991 2.189674 0.538216 22.49043 2.201857 0.405186 22.77367 1.931205 0.166949 22.40488 2.131536 0.06926095 22.63278 1.88484 -0.314635 22.29116 2.122001 -0.481923 22.50269 1.88684 -0.905744 22.06701 2.136847 -1.251241 22.31112 1.785045 -1.636384 21.66026 2.066111 -2.010057 21.9104 1.30015 -1.6885 21.184 2.102301 -2.205463 20.8353 1.90353 2.456768 21.90019 1.472467 2.662034 21.68073 1.50412 4.485153 20.91307 -3.144194 4.499046 21.00726 -2.865122 4.565356 20.94423 -2.546966</float_array>
          <technique_common>
            <accessor source="#v_Gnome-mesh-positions-array" count="1362" stride="3">
              <param name="X" type="float"/>
              <param name="Y" type="float"/>
              <param name="Z" type="float"/>
            </accessor>
          </technique_common>
        </source>
        <source id="v_Gnome-mesh-normals">
          <float_array id="v_Gnome-mesh-normals-array" count="4878">0 0 -1 0.285731 -0.4766831 -0.8313429 0.2177467 -0.3883358 -0.8954226 0.8369252 -0.5073113 0.2054063 0.8819081 -0.3032848 0.3609107 0.5832892 -0.7266944 0.3628899 0.9051786 -0.1241879 0.406484 0.9825839 0.0688008 0.1726129 0.9549531 0.07879877 0.286104 0.9342765 0.2790858 0.221898 0.9467545 0.3092971 0.08939278 0.7855725 0.5602024 0.2627722 0.8790224 0.43132 0.2031821 0.8146668 0.5116019 0.2730963 0.8403716 0.5181931 0.1589074 0.5067828 0.8530964 0.1240878 0.3543101 -0.6637416 0.6587196 0.8495616 -0.08211272 0.5210592 -0.0207104 -0.9021617 0.4309008 0.04459017 -0.5451037 0.8371821 0.196108 -0.8522545 0.4849784 0.7651547 0.4843776 0.424166 0.7191333 0.5261189 0.453923 0.924889 0.2754814 0.2620887 0.6972884 0.1462979 0.7017021 0.4828087 -0.1049985 0.8694085 0.410609 0.4124807 0.813179 0.384795 0.6671949 0.637796 0.09588027 0.6604752 0.744701 0.4055001 0.4986914 0.7660788 0.3822265 0.6954348 0.608501 0.351098 0.5719061 0.7413864 0.2891983 -0.1635974 0.9431863 0.2191027 -0.06690216 0.9734054 0.4340995 0.5595989 0.7059793 0.5741708 0.3279724 0.7501747 0.5814846 0.6595693 0.4762815 0.7652226 0.484315 0.424115 0.2423215 -0.1275104 0.9617803 0.3388849 0.7067807 0.6209816 -0.3115955 -0.7413228 0.5944316 -0.4602848 0.0331853 0.8871508 0.05649536 -0.9032877 0.4252995 0.6321128 0.3850937 0.6724109 0.4782068 0.6830988 0.5519912 0.7872973 0.1851855 0.5881066 0.647246 -0.08109247 0.7579556 0.4003121 -0.2834226 0.8714482 0.3388817 0.7067697 0.6209959 -0.1556984 0.9855847 0.06618887 0.1017895 0.8882588 0.4479233 0.2003871 0.7518117 0.6281913 0.4471753 0.4486047 0.773814 0.01688873 0.8839865 0.4672073 0.2026097 0.5269054 0.8254213 0.01689541 0.8839972 0.467187 0.8396141 0.1180921 0.530191 -0.09069639 0.9886129 0.1200786 -0.1279962 0.9210079 0.367915 0.6500101 0.7363997 0.1876232 0.7547798 0.6119793 0.2361963 -0.07659685 0.8433557 0.5318686 -0.04792088 0.6646183 0.7456448 0.09330374 0.9224041 0.3747867 0.3097957 0.6872107 0.6570907 0.4077312 0.3008177 0.8621276 0.06959819 0.3234751 0.9436737 0.1227005 0.0951997 0.9878672 -0.3759831 -0.1690987 0.9110666 -0.2538961 -0.2829037 0.9249337 0.4018937 -0.0491932 0.914364 0.9462045 -0.2203894 0.2369086 -0.460317 0.0332036 0.8871335 0.1151154 0.3777191 0.9187365 0.9248694 0.2754651 0.2621753 0.9459192 0.02410089 0.3235061 0.8013732 0.2440782 0.5461016 0.8155941 -0.005894839 0.5785946 0.6335173 0.3212091 0.7039039 0.7299861 0.5814759 0.3591741 0.5035051 0.6369073 0.583808 0.7528051 0.5867867 0.2982715 0.3822038 0.69537 0.6085892 0.6698362 0.4623122 0.5810224 0.3609073 0.5081189 0.7820237 0.6268002 0.1278082 0.7686265 -0.190103 0.304184 0.9334523 0.611468 0.4607589 0.6432793 0.8018224 0.5943068 0.06229221 0.8664686 0.4988999 0.01819837 0.5582689 -0.278389 0.7815596 0.9500671 -0.100593 0.2953874 0.828746 -0.1071949 0.5492626 0.6852608 0.05692684 0.7260696 0.2238112 0.3656264 0.9034522 0.135697 0.6741316 0.7260392 0.1084969 0.7030778 0.7027873 0.1543967 0.4916715 0.8569836 0.3483853 0.2564095 0.9015997 0.1850032 0.2639905 0.9466166 0.3873948 0.08738946 0.9177627 0.2010906 0.07660549 0.9765727 0.004788517 0.08150309 0.9966617 -0.00969541 0.2404851 0.9706044 -0.0917012 0.4753135 0.8750247 -0.2061913 0.6504998 0.7309824 -0.2780233 0.6318175 0.7235397 -0.6698901 0.4475933 0.5923746 -0.4649756 0.3883961 0.7955792 -0.3751939 0.1024879 0.9212632 -0.1575061 -0.08939754 0.9834632 -0.3541153 -0.6925172 0.628508 0.1547881 -0.1737865 0.9725425 0.2926953 -0.7880541 0.5415721 0.5976145 -0.678224 0.427632 -0.836334 -0.199 0.5108271 -0.5478925 0.6062906 0.5763902 -0.6225405 0.1367173 0.7705529 -0.4959871 0.7959839 0.3469966 0.1529842 0.9733561 0.1708039 -0.07862776 0.380315 0.9215087 -0.01299434 0.9193716 0.3931756 0.09679234 0.4823092 0.8706372 -0.4254848 -0.4487079 0.7858905 0.1883943 -0.1039817 0.9765733 0.345802 -0.002985477 0.9383029 0.690198 -0.4977942 0.525193 0.2190788 -0.06689655 0.9734113 0.188394 -0.1039775 0.9765738 -0.1924065 0.2040817 0.9598596 -0.2780014 0.6318392 0.7235292 -0.009398758 0.5801653 0.8144445 -0.1279936 0.9210096 0.3679118 0.1295936 0.9900416 -0.05498343 -0.2751051 0.3179987 0.9073004 0.3873955 0.08739244 0.9177622 0.585996 0.09780931 0.8043892 0.7123158 0.07949352 0.6973429 0.5341835 0.1542696 0.8311732 0.4940313 0.427425 0.7571269 0.1955167 0.9675475 0.1600784 0.02960979 0.9956979 -0.08780151 -0.06290245 0.9175031 -0.392723 -0.09069627 0.9886212 0.1200105 -0.03840827 0.859011 0.5105144 0.6073903 0.621091 0.495301 0.2165948 0.7074931 0.6727111 0.2914001 0.3804951 0.8776728 -0.1007133 0.5571722 0.824267 -0.3553756 0.5928581 0.7226531 -0.5724909 0.4829602 0.6625736 -0.2964788 0.1753163 0.9388102 -0.5583187 0.1538189 0.8152422 -0.1262083 -0.1091925 0.9859759 -0.5317987 -0.05467581 0.845104 -0.09072142 -0.3510127 0.9319655 -0.5300085 -0.2051944 0.8227919 -0.7417678 -0.07580202 0.6663592 -0.777107 0.07740807 0.6245901 0.04671925 -0.6656902 0.7447643 -0.5911882 -0.32191 0.739507 -0.817531 -0.09850645 0.5673974 -0.854281 0.02320063 0.5192935 -0.7937203 0.2425892 0.557816 -0.8608046 0.1095982 0.4969948 -0.7417252 -0.07568931 0.6664195 -0.7771038 -0.01459813 0.6292032 -0.7417249 -0.07570368 0.6664183 -0.5863071 -0.2653089 0.7654119 -0.1038038 -0.6573785 0.7463768 0.3649893 -0.8367028 0.408303 0.2909926 -0.6949138 0.6575851 0.2714956 -0.758109 0.5929257 0.4890102 -0.5829203 0.6489014 -0.4803317 -0.6363435 0.6036127 0.5767256 -0.373204 0.7267094 -0.2990134 -0.2922776 0.9083858 -0.1261962 -0.109189 0.9859779 -0.7855781 -0.06831216 0.6149801 -0.8116891 0.1869105 0.5533763 0.2870894 -0.4218939 0.8599915 0.2991129 -0.241589 0.9231286 0.7395159 -0.2988074 0.6031836 0.5487022 0.01371604 0.8359054 -0.8003016 0.4627206 0.3813228 -0.6225013 0.1365863 0.7706078 -0.6617469 0.4892078 0.5681258 -0.302715 0.2917872 0.9073169 -0.2751129 0.3180072 0.9072951 -0.8577018 0.3097029 0.4104042 -0.05780518 0.1510992 0.9868271 0.286718 0.01949614 0.9578166 0.7373928 -0.1361964 0.6615909 0.2525787 0.05869257 0.9657946 -0.5285143 -0.1475239 0.836008 -0.2910047 -0.05210053 0.955302 -0.3026878 -0.3693263 0.8786229 0.2314081 -0.3000137 0.9254416 -0.297095 -0.7120656 0.6361582 0.1847965 -0.7022061 0.6875732 0.1448109 -0.9659909 0.2142232 0.5442022 -0.8337826 0.09300875 0.430775 -0.8932529 -0.1285787 0.622007 -0.7777059 0.09100091 0.4308138 -0.8932294 -0.1286107 0.6869744 -0.5295907 0.4975942 -0.497594 -0.3302913 0.8020648 0.8154796 -0.4056999 0.412796 0.7049424 -0.1770261 0.6868173 0.8678841 -0.3917181 0.3055067 0.7458296 -0.6613034 -0.08010065 0.591521 -0.8060141 -0.02107971 0.7192009 -0.6483094 0.2498899 -0.103802 -0.6573932 0.7463641 0.113197 -0.1670734 0.9794248 0.187009 0.9812288 -0.04709124 0.134275 0.5971824 0.7907866 0.3881208 0.5898449 0.7081281 0.4803989 0.8523668 -0.2066106 0.7227582 0.5908591 -0.3584775 0.6703941 0.5035313 0.5450028 0.299104 -0.2416824 0.923107 0.1345049 -0.2173126 0.9667904 -0.3652888 -0.05858641 0.9290489 -0.3927946 -0.4175012 0.8193933 -0.751022 0.26483 0.6048398 0.05713069 -0.6121166 0.7887011 0.1732024 -0.6357887 0.7521793 0.4725115 -0.2824931 0.8348237 0.9717084 0.1790725 0.1539998 0.9804423 -0.0565384 -0.1885108 0.658324 0.4962176 -0.5660191 0.265181 0.7746652 -0.5740845 0.01809877 0.8922916 -0.4510965 -0.09070456 0.9886224 0.1199934 -0.2105878 0.5601095 0.8012054 -0.5386887 0.7726052 0.3359996 -0.6432609 0.7646783 -0.03850346 -0.2264053 0.9250144 -0.3051046 0.7652016 -0.3617976 0.532512 0.7106647 -0.5754854 0.4046878 0.2468005 -0.6480934 0.7204614 -0.8116877 0.1869142 0.5533771 -0.7468866 0.1340162 0.6513065 -0.6462991 -0.1664925 0.7446998 -0.7531598 0.09871602 0.6503887 -0.800304 0.4627299 0.3813066 -0.6763212 -0.1670921 0.7174049 -0.6462842 -0.1665063 0.7447096 -0.4523932 -0.3308036 0.8281964 -0.4603125 0.03319168 0.8871363 0.08499753 0.03979599 0.9955861 -0.1059384 0.2720354 0.9564381 0.1850256 0.264004 0.9466084 0.3345806 -0.2407917 0.9110846 0.5151926 -0.4122855 0.7513971 0.5307933 -0.05030554 0.8460071 0.4827379 -0.1049916 0.8694487 0.06340998 0.6387261 0.7668169 0.05980885 -0.3284313 0.9426324 -0.5582902 0.1538957 0.8152473 -0.2301989 -0.7075697 0.668097 -0.7565127 -0.6243301 0.1946807 0.0615912 -0.9352818 0.3485032 -0.4936453 0.1825816 0.8502814 -0.8643596 0.05119943 0.5002611 -0.4850081 -0.1388152 0.8634219 0.6841362 -0.7002393 0.2040162 0.324396 -0.9297204 -0.1743198 0.7413823 -0.6463 -0.1806898 0.4407904 -0.8556662 0.2711814 -0.1795035 -0.9432514 0.2793839 -0.423622 -0.6425444 0.6384991 -0.2682033 -0.9247518 -0.2700023 0.1599087 -0.8873894 -0.4323995 0.3748099 -0.7765103 -0.5065072 0.7363709 -0.4912932 -0.4651761 0.4226946 -0.6319229 -0.6496175 0.3219093 -0.6328108 -0.7042194 0.1509939 -0.647688 -0.7467939 -0.2015836 -0.6255233 -0.7537139 -0.6872237 -0.5094038 -0.5179105 -0.9683775 -0.2439052 -0.0524916 -0.9641731 -0.06008911 0.2583788 -0.9183194 0.04910808 0.3927823 -0.9511913 0.1418035 0.2740928 -0.8945885 0.3961681 0.2067906 -0.7727209 0.5790402 -0.2600286 -0.9019783 0.3313928 -0.2767923 -0.9932489 0.02530682 -0.1132094 -0.7243067 -0.07099491 -0.6858131 -0.2586734 -0.2249973 -0.9393957 0.37533 -0.2046169 -0.9040241 -0.1950076 0.2363138 -0.9519075 -0.5692226 0.3582922 -0.7400083 -0.4962829 0.5791041 -0.6467936 -0.1067952 0.428295 -0.8973062 -0.7437851 0.6478874 0.1643953 -0.6167514 0.7711797 -0.1577959 -0.3985031 0.7786989 -0.4845859 -0.08559405 0.6043142 -0.7921351 0.6734219 -0.3583187 -0.6466149 0.7251839 -0.4021911 -0.5588833 0.3563142 -0.1116111 -0.9276762 0.377709 0.1112148 -0.919221 0.2864143 0.3227049 -0.9021245 -0.04746729 0.704608 -0.7080074 -0.3258125 0.8640798 -0.3836827 -0.04752206 0.7046021 -0.7080096 -0.5189372 0.8470551 -0.1149001 -0.647928 0.7495127 0.1357203 -0.7271174 0.5989969 0.3354148 0.6746905 -0.1633974 -0.7197875 -0.1461921 -0.6163207 0.7738066 -0.6940172 -0.233622 0.6809999 -0.2753152 -0.6505647 0.7077904 -0.5299926 -0.205219 0.8227959 -0.8723655 0.1668963 0.4594824 -0.7715766 0.2376032 0.5900969 -0.3960129 -0.2286925 0.8893107 -0.09597766 -0.6294722 0.7710728 0.07890796 -0.7784034 0.6227855 0.05241465 -0.7545078 0.6541948 0.0127952 -0.7972773 0.6034776 -0.6656838 0.3184801 0.6748597 0.4528733 -0.5621948 0.6919847 0.2909932 -0.6948998 0.6575996 0.1501007 -0.837968 0.5246708 0.4686837 -0.4347674 0.7689688 0.2748019 -0.7226586 0.6342306 0.3832045 -0.4569748 0.8027007 0.4702078 0.1378984 0.871716 0.6267988 0.1278163 0.7686262 0.6191847 0.5468896 0.5634911 0.7651618 0.4843537 0.4241804 0.7652304 0.1087989 0.6344959 0.4340876 0.5595698 0.7060097 0.681491 0.1405916 -0.718195 0.4867253 0.2694879 -0.8309481 0.6769993 0.2095997 -0.7055068 0.4599862 0.1823936 -0.868991 0.04437834 0.3073681 -0.9505554 0.764865 0.1353947 -0.6298015 -0.3888734 0.3262817 -0.8615788 -0.6242179 0.1933941 -0.7569352 -0.6155675 0.3145785 -0.7225767 -0.3933667 0.2137838 -0.8941807 0.03939682 0.2130274 -0.9762517 0.4604845 0.04500252 -0.8865264 0.7835328 0.03181803 -0.6205353 0.9030169 0.03589439 -0.428103 0.9030526 0.03589552 -0.4280278 0.8906289 -0.1080079 -0.4417177 0.6683622 -0.256893 -0.6980673 0.3066928 -0.3301784 -0.8927049 0.2444072 -0.5741333 -0.7814321 -0.0103954 -0.571538 -0.8205098 0.01260399 -0.3103378 -0.9505429 -0.2223879 -0.5266203 -0.8204966 -0.2460941 -0.262303 -0.9330782 -0.5472857 -0.1489097 -0.8235923 -0.6440902 0.2430894 -0.7252968 -0.6242926 0.1932939 -0.7568991 -0.3692824 0.1083958 -0.9229739 0.03439962 0.04720681 -0.9982927 -0.7413225 -0.006980299 -0.6711128 -0.7428867 0.1770042 -0.6455919 -0.6441007 0.2429957 -0.7253189 -0.006106972 0.5197858 0.8542749 0.2470135 0.1312724 0.9600791 0.1677795 0.5391936 0.8253003 0.2870963 -0.4219364 0.8599683 0.2347931 -0.74009 0.6301896 0.2357045 -0.7679961 0.5955045 0.1930117 -0.4480837 0.8729075 0.1226869 0.09520983 0.987868 -0.2192172 0.4777094 0.8507277 -0.1378075 0.03631991 0.9897929 0.03808993 -0.5014876 0.8643261 0.144594 -0.7572821 0.6368802 0.8809185 0.4118213 0.2332081 0.9107206 0.1908035 0.3663088 0.7984352 -0.3340774 0.5008928 0.4870073 -0.7486689 0.4497988 0.4866993 0.2696259 -0.8309186 0.6379794 0.0700128 -0.7668641 0.7706844 0.2858933 -0.5694826 0.4994024 0.1603137 -0.8514088 0.6533954 0.137709 -0.7443861 0.671767 0.3814097 -0.6350243 0.5855873 0.517001 -0.6243376 0.09080624 0.2500905 -0.9639549 -0.4279068 0.2320978 -0.8735138 -0.4711859 0.1959101 -0.8600019 -0.4279054 0.2321141 -0.8735103 -0.5328238 0.2037973 -0.8213194 -0.6145928 -0.08818936 -0.7838995 -0.3663836 0.2651911 -0.8918727 -0.4515904 -0.09831684 -0.886792 0.005391836 -0.1523118 -0.9883179 0.4911178 -0.1702263 -0.8542987 0.8189961 -0.06932181 -0.5695962 0.9676598 0.1750037 -0.1816818 0.9681777 0.06298285 -0.2422086 0.9026282 -0.2780919 -0.3285229 0.7398 -0.3570023 -0.5703028 0.4386913 -0.4170859 -0.7959832 -0.007302284 -0.4399917 -0.8979722 -0.4560809 -0.4490041 -0.7683655 -0.5963024 -0.3663002 -0.7143162 -0.6145924 -0.08821851 -0.7838965 -0.5634903 -0.2930729 -0.7723905 0.274795 -0.7226889 0.6341992 0.3004131 0.5459551 0.7821029 0.3497984 0.1400908 0.9262914 0.338194 -0.4199947 0.8421575 -0.9721143 -0.1522028 0.1784045 -0.7111322 -0.008414089 0.703008 -0.9899994 0.05160129 0.1312955 -0.6763147 -0.1671072 0.7174076 -0.01890635 -0.02957612 0.9993838 -0.0265991 -0.1889031 0.9816355 0.7374218 -0.1361991 0.661558 0.7084789 -0.3150821 0.6314911 0.9726738 -0.2056868 0.1076974 0.5300089 -0.8457078 0.06220144 -0.08359062 -0.9964916 -0.004130363 -0.08359152 -0.9964916 -0.004124283 0.307594 -0.9515013 0.005608141 0.9570712 -0.288891 0.02359902 0.9873714 -0.1514735 0.04640734 0.9865222 -0.04539978 0.1572036 0.7585918 0.03228336 0.6507661 -0.0107184 0.1299048 0.9914686 -0.6936728 0.188197 0.6952697 -0.9674122 0.1751022 0.1829017 -0.9807305 0.1885893 -0.05100762 -0.9986503 0.02928715 -0.04289567 -0.9881539 -0.139399 -0.06418746 -0.08359223 -0.9964916 -0.004116535 -0.08358049 -0.9964928 -0.004088342 -0.08358931 -0.9964919 -0.004111826 -0.08358234 -0.9964924 -0.004135131 -0.08358985 -0.9964917 -0.004126727 -0.4515776 -0.09831857 -0.8867984 -0.3928487 0.03219771 -0.9190394 -0.04147732 -0.008610844 -0.9991024 -0.058793 -0.1794218 -0.982014 -0.07448428 -0.344847 -0.935699 -0.4526103 -0.2569007 -0.8539004 -0.7594944 -0.1285018 -0.6376956 -0.8771613 0.02029985 -0.4797665 0.584832 -0.271833 -0.7642503 0.5848373 -0.2718254 -0.764249 0.6122044 -0.161191 -0.7740952 0.8008134 -0.1283048 -0.5850091 0.6477199 -0.03661692 -0.7609981 0.8850707 -0.04490298 -0.4632857 0.9865217 -0.04539865 0.1572067 0.9865211 -0.04539752 0.1572108 0.5624807 -0.03028547 0.8262556 0.5624839 -0.03031826 0.8262522 -0.06301826 -0.03349137 0.9974504 -0.06300842 -0.03349161 0.997451 -0.5275979 0.03210115 0.8488875 -0.5275827 0.03210091 0.8488969 -0.9417701 0.1268987 0.3113936 -0.9417797 0.1267977 0.3114057 -0.9189196 0.1008977 -0.3813223 0.1669979 0.9486102 0.2687945 0.1079866 0.9578776 0.2661007 0.2741103 0.9468412 0.1683903 -0.2264203 0.9250075 -0.3051147 0.2127049 0.9280032 -0.3058868 0.4804369 0.8523461 -0.2066077 0.5043249 0.8635062 0.003682792 0.7872878 0.1852113 0.5881112 0.8406587 -0.1634984 0.5162957 0.970844 -0.2370212 -0.03581881 0.9050716 0.1618051 0.3932743 0.8406485 -0.1635085 0.5163091 0.7998875 -0.1183676 0.5883614 0.8228605 0.4669769 0.3237796 0.808674 0.4548847 0.3729963 0.7313 0.3557993 0.5818997 0.8228579 0.4669798 0.3237822 0.6055473 0.7844247 0.1341286 -0.1890972 0.9488607 -0.2527959 0.3824039 0.9104207 -0.1578019 -0.1329003 0.9531633 -0.2716932 0.9993388 0.00190103 0.03631013 0.8790305 0.4313008 0.2031877 0.8120899 0.5179883 -0.2686975 0.494489 0.6201223 -0.6090396 0.02308547 0.594819 -0.8035281 0.1447936 -0.0263949 -0.9891098 0.4993985 0.1603028 -0.8514131 0.6533831 0.1377916 -0.7443816 0.7144286 -0.1201048 -0.6893233 0.6968052 -0.2271996 -0.6803255 0.3379841 -0.8714628 -0.3554145 -0.4598103 -0.3112905 -0.8316687 0.1874898 -0.2357907 -0.9535462 -0.3879784 -0.8308776 -0.3988922 -0.7274354 -0.2738152 -0.6291764 -0.8858935 -0.1788999 -0.4280041 -0.8932961 -0.4014136 -0.2022109 -0.5135802 -0.8570809 0.04059481 -0.9986495 0.02929759 -0.04290473 -0.9498753 0.0769999 0.3029984 -0.9445545 0.1801989 0.2744906 -0.9956186 -0.0930832 -0.00890845 0.8791096 -0.3920093 0.2710999 0.1959869 -0.8523332 0.4848891 0.8425976 -0.3910232 -0.3703113 -0.09358191 -0.8887663 0.4487059 -0.45881 -0.8279885 0.3223794 -0.7433017 -0.6590849 0.1144978 -0.004689574 -0.855424 0.5179072 -0.06912589 -0.8738194 0.4813122 0.05238586 -0.7544911 0.6542164 -0.4582086 0.7625371 -0.4567081 -0.3613814 0.9315944 0.03918325 -0.07159507 0.9839758 0.1632969 0.2253994 0.9359245 0.27063 -0.8238262 0.3209957 0.4671963 -0.6878199 0.4058226 0.6018403 -0.5313018 0.4936211 0.6885177 -0.4649843 0.3883928 0.7955757 -0.260397 0.5767907 0.7742778 -0.04763019 0.6328912 0.7727743 0.13572 0.6741768 0.725993 0.2820175 0.6608348 0.6955311 0.4575241 0.6503372 0.6064102 0.6074172 0.6210308 0.4953436 0.7603012 0.5632878 0.3234949 0.8619005 0.4953088 0.1086133 0.9270923 0.3384063 -0.1611862 0.7628406 0.05860698 -0.6439251 0.208208 -0.4684128 -0.8586261 -0.1088399 -0.4160023 -0.9028268 -0.1138242 -0.7104163 -0.6945162 0.201951 -0.3553127 -0.9126712 -0.09832096 -0.2967007 -0.9498956 0.2307947 -0.2369927 -0.9436993 -0.05878764 -0.1795126 -0.9819976 -0.04140049 -0.008601427 -0.9991056 0.283077 -0.07758641 -0.9559539 0.0744034 0.3609977 -0.9295939 0.251208 -0.6996163 -0.6689033 -0.0913906 -0.9415611 -0.3242077 0.3379871 -0.8715084 -0.3552997 0.503221 -0.4715999 -0.7241285 0.4830907 -0.3797008 -0.7889556 0.5056169 -0.2798047 -0.8161256 0.5502815 -0.1410927 -0.8229721 0.3919001 0.224899 -0.8920958 0.6264278 0.5709995 -0.5306108 0.3216027 0.809759 -0.490777 0.5598044 0.8249945 0.07748001 0.7897048 0.6132783 -0.01600778 0.6021842 0.7315866 0.3196175 0.8674804 0.4930985 0.06581568 0.8525004 0.4847961 0.1954889 0.94147 0.3091906 -0.1342958 0.8261322 0.268798 -0.4952304 0.6379767 0.07000142 -0.7668673 0.6191994 0.5468858 0.5634785 0.3609067 0.5081324 0.7820153 0.2647894 0.310481 0.9129557 0.2647737 0.3104829 0.9129596 0.5724871 -0.6000015 -0.5587995 0.7033736 -0.6352734 -0.3188939 0.5456933 -0.7988827 0.2529926 0.8276751 -0.5569632 0.06889092 0.8448547 -0.393634 0.362316 0.881911 -0.3033001 0.3608909 0.8819118 -0.3032962 0.3608922 0.8819119 -0.3032954 0.3608925 0.8819047 -0.3032991 0.360907 0.881867 -0.3032855 0.3610105 0.8819101 -0.3033126 0.3608825 0.9033542 -0.2542718 0.345394 0.9033538 -0.254284 0.3453865 0.874751 -0.2249888 0.4291746 0.8747683 -0.225085 0.429089 0.8568887 -0.2155441 0.4682762 0.8526756 -0.2693037 0.4476827 0.8526639 -0.2691782 0.4477805 0.8531153 -0.3407028 0.395115 0.8407385 -0.3230523 0.4345066 0.6901837 -0.4978072 0.5251994 0.209599 -0.4783899 0.852767 0.05649346 -0.9032854 0.4253047 -0.3822154 -0.7422791 0.5503937 -0.3927777 -0.819159 0.4179766 -0.8091331 -0.3406286 0.4788275 -0.8370593 -0.5082637 0.2024847 -0.3390081 0.9406321 -0.01688539 -0.03296875 0.7441622 0.6671851 -0.07660913 0.8433273 0.5319119 0.2648035 0.3104673 0.9129563 -0.1694179 0.9675076 0.187688 0.03539294 0.8217914 0.5686883 0.09330576 0.9223639 0.3748853 -0.1694008 0.9675027 0.1877284 -0.1679816 0.7173146 0.6761968 0.1670985 0.9051773 0.3908098 -0.328214 -0.6732694 0.6625586 -0.2750941 0.3180196 0.9072964 0.1888056 0.87922 0.4374068 0.1887899 0.8791806 0.4374928 0.1522898 0.8763905 0.4568893 0.7227823 0.5908818 -0.3583915 -0.00789237 0.8687979 0.4951041 0.04242861 -0.1504229 0.9877109 -0.230211 -0.7075489 0.668115 0.03819721 -0.7816087 0.6225985 -0.1792694 -0.1615062 0.9704526 0.001401066 0.7239057 0.6898975 -0.3782954 0.1370754 0.9154796 0.0134018 0.7892996 0.613862 0.3955264 0.9116381 -0.1116911 0.09019094 0.9826783 -0.1618922 0.4854021 0.7319135 -0.4782128 0.07388502 0.8389925 -0.5391035 -0.1306923 0.8775213 -0.4613847 -0.3440994 0.8732955 -0.3448923 -0.2213042 0.7837319 0.5803349 -0.04710578 0.8290325 0.5572129 -0.6078159 -0.5043996 0.6133034 -0.5394064 0.8171092 -0.2034046 -0.5860902 0.796596 -0.1480991 -0.07969099 0.9958024 -0.04502093 -0.2549265 0.954325 0.1558085 -0.3336965 0.898986 0.283674 -0.5861079 0.7965804 -0.1481129 -0.2701116 0.9091171 0.3170897 0.282003 0.6607777 0.6955912 0.00139147 0.7238848 0.6899195 -0.04770201 0.6329239 0.7727431 0.06340044 0.6387633 0.7667867 0.4827017 -0.06169283 0.8736093 0.685283 0.05689263 0.7260513 0.6544173 -0.5672904 0.4999197 0.7374053 -0.1361938 0.6615775 0.7584962 -0.4713992 0.4499626 0.5358954 -0.8339936 0.1314196 0.3190046 -0.7956129 0.5150108 0.535907 -0.8339921 0.1313808 0.320181 -0.9158788 0.2421781 0.0312255 -0.9230962 0.3832993 -0.2425128 -0.8769968 0.4148062 0.2081996 -0.1921828 0.9590197 -0.5100925 -0.7843921 0.3528948 -0.7287852 -0.5728622 0.3751015 -0.7316364 -0.1327953 0.6686356 -0.7287681 -0.5728977 0.3750805 -0.4931801 0.4134691 0.7653868 -0.03831779 0.8590196 0.5105068 0.5526827 0.8331589 -0.01970499 -0.4712011 0.1958973 -0.8599964 -0.3665065 0.2651969 -0.8918204 -0.4750961 0.07610797 -0.8766365 -0.6577177 -0.09119749 -0.7477236 -0.6711055 0.2821121 -0.6855875 -0.3320971 0.5382074 -0.7746254 -0.7008203 0.2660129 -0.6618824 -0.7004138 0.5996974 -0.387019 -0.9035787 0.00631529 -0.4283757 -0.8187975 -0.06320548 -0.5705924 -0.8073943 0.1219957 -0.5772623 -0.8032917 0.5849978 -0.1118041 -0.06861752 0.6365045 -0.7682146 0.3943142 0.8346203 -0.3846108 0.03000229 0.6566323 -0.7536138 -0.2099928 0.530179 -0.8214703 -0.4250108 0.3768716 -0.8230027 0.4561991 0.06207567 0.8877101 0.1981952 0.3113775 0.9293884 0.2010881 0.07660311 0.9765734 0.4174901 0.3522218 0.8376406 0.5860014 0.09780085 0.8043864 0.6266014 0.2510033 0.737813 0.405489 0.4986935 0.7660833 0.3153282 0.4984346 0.8075463 0.2967144 0.4243217 0.8555184 0.5546155 -0.5223821 0.6477025 0.1732046 -0.6357775 0.7521882 0.7983751 -0.3340637 0.5009977 0.9275027 -0.07259821 0.3666992 0.6978289 0.3795946 0.6074066 0.8135617 0.3901064 0.4312011 0.9717031 0.1790966 0.1540051 0.9570699 -0.2888956 0.02359336 0.9559554 0.1124804 0.2711043 0.988259 0.135974 0.0696792 0.9651534 0.2497914 0.07799494 0.6114976 0.4608113 0.6432135 0.410592 0.412402 0.8132275 0.4738155 0.4751346 0.7414487 0.4106006 0.4124951 0.8131759 0.4175923 0.3521836 0.8376058 0.02288037 0.4759278 0.8791868 0.1543917 0.4916864 0.856976 0.6134093 0.176004 0.7699037 0.97183 -0.2187094 -0.08782249 0.9487813 -0.23901 -0.2066114 0.4715049 0.2691015 0.8398022 0.4439325 0.2952026 0.8460375 0.6265086 0.2509858 0.7378978 0.8013779 0.2440916 0.5460888 0.8120778 0.5180016 -0.2687081 0.5931124 0.3425261 -0.7286245 0.7286886 0.6768873 -0.1040995 0.7300114 0.5814874 0.3591045 0.8403875 0.5181708 0.158896 0.6092664 0.7440868 0.2740974 0.568599 0.6021109 0.5604978 0.3180001 0.9033194 0.2879065 0.5037287 0.4575442 0.732742 0.8674908 0.4930961 0.06569755 0.1950089 0.1175857 0.9737275 0.2871001 -0.4218918 0.8599889 0.3927866 0.1948009 0.898761 0.5205761 0.3187867 0.7920705 0.1984256 0.6375323 0.7444326 0.5036899 0.4575009 0.7327957 0.2591976 0.6028068 0.7546129 0.4941024 0.4273977 0.7570958 0.5738887 0.1779789 0.7993593 0.6466538 0.1500032 0.747889 0.4851781 0.2100948 0.8488005 0.3188935 0.3186985 0.892602 0.1543812 0.4916746 0.8569846 0.05369973 0.5104366 0.8582371 -0.4222891 0.2898068 0.8588854 0.04242014 -0.1504459 0.9877078 -0.3077766 0.4045794 0.8611556 -0.145895 0.5392896 0.8293862 0.1132038 -0.1669914 0.9794381 0.03360021 -0.02301281 0.9991704 -0.0417996 0.6988056 0.7140893 0.03689831 0.7155659 0.6975701 0.01269781 0.7611972 0.6483963 0.06177741 0.6800013 0.7306038 0.06200855 0.6800286 0.7305587 -0.4534976 0.5204876 0.7234864 -0.3553642 0.5928787 0.7226419 -0.2060855 0.6505166 0.7309973 -0.03301483 0.7441644 0.6671801 0.1276916 0.8006191 0.5854093 0.004898726 0.8502136 0.5264152 -0.03828907 0.8590096 0.5105257 -0.009713828 0.2404996 0.9706007 -0.03398609 0.1837897 0.982378 -0.1314062 0.1253172 0.9833759 -0.03859513 0.3040012 0.9518895 -0.21921 0.4777008 0.8507343 -0.210607 0.5601785 0.8011521 -0.2914913 0.5064889 0.8114812 -0.2226003 0.1838052 0.9574261 -0.375202 0.1025114 0.9212573 0.0979005 -0.5848696 0.8051976 -0.2156168 -0.156616 0.9638366 0.4272176 -0.6669207 0.6104933 0.3596095 -0.7736204 0.521721 0.271618 -0.7579238 0.5931063 0.2134172 -0.682526 0.6990074 -0.5310881 0.4076949 0.7427855 0.188423 -0.1039898 0.9765669 -0.1468997 0.579916 0.8013228 0.4610223 -0.0092206 0.8873407 0.06810396 -0.8481935 0.5252901 0.1295922 -0.9473801 0.2927061 0.3201862 -0.9158714 0.2421993 0.5753031 -0.6413003 0.5077011 0.296702 0.4243115 0.8555277 -0.009399175 0.5800979 0.8144927 -0.009386062 0.5802017 0.8144189 0.3138975 -0.8820022 0.3514833 0.02749925 -0.8791832 0.4756898 -0.05599355 -0.8148163 0.5770088 0.1884059 -0.1039822 0.9765711 0.1929178 -0.4481055 0.8729171 -0.2302061 -0.70758 0.6680836 -0.1038003 -0.6573921 0.7463653 -0.07009989 -0.6505831 0.756193 -0.1037953 -0.6573706 0.7463849 -0.03559994 -0.7395969 0.6721079 0.3238862 -0.8311502 0.4519815 0.6137142 -0.7355169 0.2870016 0.3238809 -0.831189 0.4519138 0.7759459 -0.5715069 0.2669982 0.7759145 -0.5715134 0.2670751 0.1884126 -0.1039445 0.9765737 0.7795385 -0.2389047 0.5790029 0.5044847 -0.3787852 0.7758977 0.8678274 -0.3918226 0.3055337 0.2489323 -0.9023219 0.3519205 0.5742666 -0.8144707 0.08279812 -0.5836773 -0.545271 0.6016647 -0.08658504 -0.9601027 -0.2659061 -0.6996301 -0.707302 -0.1012015 -0.2015915 -0.6255061 -0.7537261 0.1685045 -0.9383621 -0.3017991 0.08128654 -0.6637949 -0.7434843 0.01870471 0.3023138 0.953025 0.4019041 -0.04920035 0.9143591 -0.4792716 0.2822087 0.8310579 -0.4240129 -0.0732057 0.9026926 -0.903935 0.04202252 0.4256005 -0.9831793 -0.01419842 0.1820904 -0.7193986 -0.4207009 -0.5526994 -0.3137849 -0.3353983 -0.8882833 -0.0513243 -0.4024018 -0.9140233 -0.9365738 0.3156045 0.1523926 -0.9367398 0.2364222 0.2581147 -0.9317079 0.3094854 0.1901034 -0.8760611 0.4423744 0.1918902 -0.8003075 0.4627324 0.3812959 -0.8919132 0.3371152 0.301404 -0.9086411 0.2918137 0.2986907 -0.9932083 -0.01899564 -0.114789 -0.6712875 -0.1840032 -0.7179945 -0.2461895 -0.2622855 -0.933058 0.03841358 -0.3342976 -0.9416844 0.1874719 -0.235693 -0.9535739 -0.1728038 -0.1416047 -0.9747241 0.2787982 -0.01009553 -0.9602968 -0.08560609 0.1271913 -0.9881771 0.3329946 0.4037977 -0.8520928 -0.9620333 0.07540583 -0.262309 -0.872662 0.3729844 0.3151887 -0.9548968 0.2433127 0.1702086 -0.9645316 0.2549022 -0.06858503 -0.9239488 0.3678768 0.1048108 -0.8604136 0.3477259 0.3725256 -0.8919227 0.3370964 0.3013966 -0.710627 0.4658005 0.5272942 -0.8919157 0.3371089 0.3014032 -0.9669404 0.1386147 -0.2140381 -0.6850025 -0.1145009 -0.7194868 -0.6448741 0.3043004 -0.7010983 -0.6838247 0.03090417 -0.7289916 -0.9636638 0.2049859 -0.1712684 -0.8604318 0.3477118 0.3724967 -0.6699125 0.4476274 0.5923234 -0.7859086 0.4210924 0.4528013 -0.697988 0.4479786 0.5586841 -0.197995 0.6836935 0.7023967 -0.4710974 0.8252542 -0.3114848 -0.6098902 0.3749035 -0.6981987 -0.7288051 0.06320023 -0.6817983 -0.8081144 0.07029706 -0.5848159 -0.8236327 0.1826202 -0.5369163 -0.8238727 0.4589707 0.3325354 -0.6027811 0.7075576 -0.3688051 -0.5568416 0.6859276 0.4684345 -0.4290987 0.2543958 0.8666933 -0.573534 0.4379118 0.6923092 -0.6877998 0.405901 0.6018105 -0.8003093 0.4627155 0.3813131 -0.8326155 0.2643105 0.4867151 -0.5392099 -0.2473999 0.8050131 -0.9053033 0.1492009 0.3976997 -0.8664964 0.2517102 0.4310756 -0.8329238 0.5502117 -0.0592032 -0.9261209 0.3338071 -0.1757071 -0.8326143 0.2643051 0.4867199 -0.4001066 0.070001 0.9137914 -0.6962003 0.2554 0.6708771 -0.8116778 0.1869017 0.553396 -0.8194069 0.3763126 0.4323899 -0.8003211 0.4627121 0.3812922 -0.777054 0.07738 0.6246595 -0.8604232 0.3477078 0.3725201 -0.7739903 0.4878989 0.4036009 -0.4377925 0.6300585 -0.6413767 -0.7337543 0.6190878 -0.2798839 -0.6432854 0.7646577 -0.03850394 -0.9604077 -0.03070324 -0.2769015 -0.7115951 0.4995078 -0.4940895 -0.7008038 0.2660218 -0.6618961 -0.9311826 0.3633003 0.03019905 -0.993943 0.08940744 -0.06390237 -0.6591956 -0.001301467 -0.7519705 -0.7365313 -0.1615069 -0.6568387 -0.9366087 0.07381325 -0.3425142 -0.9831777 -0.01421135 0.1820977 -0.7676738 0.2938914 0.5694776 -0.7510151 0.2649089 0.6048136 -0.7855923 -0.06819814 0.6149746 -0.9215714 0.2430876 -0.3026789 -0.905977 0.1873856 -0.379595 -0.9261149 0.3338257 -0.1757033 -0.921563 0.2431156 -0.3026824 -0.8957192 0.4129081 0.1649063 -0.785936 0.4210208 0.4528203 -0.8470601 0.2884962 0.4463847 -0.6936902 0.1881915 0.6952539 -0.9925842 0.1199016 -0.020011 -0.8575122 -0.4071263 -0.3145171 -0.9400283 -0.07058787 0.3337129 -0.8837648 -0.05838459 0.464275 -0.6849979 -0.4986002 0.5312022 -0.8186942 -0.5446876 0.1818109 -0.9498448 0.07699418 0.3030952 -0.9891 0.09379768 0.1135041 -0.571668 0.656594 -0.4920164 -0.7823082 0.6067938 0.1406954 -0.7271233 0.598993 0.3354091 -0.6535915 0.5327089 0.537624 -0.6231757 0.3393974 0.7046002 -0.8470638 0.2884936 0.4463793 -0.5631853 0.3673748 0.7401743 -0.5044047 0.3229976 0.8007799 -0.5299996 0.2684055 0.8043998 -0.2268249 0.2742943 0.9345122 -0.1908106 0.3931873 0.8994416 -0.1679902 0.7172541 0.6762588 -0.27011 0.9091093 0.3171137 -0.4515049 0.8871316 -0.09560781 0.0108022 0.5655961 -0.8246117 0.1715067 0.9122418 -0.372022 0.4555004 0.7663018 -0.4531015 0.3347072 0.9266201 0.1713077 0.2003178 0.7518182 0.6282055 -0.05460965 0.4522867 0.8901991 -0.1901069 0.3041735 0.9334549 -0.1892107 0.2393069 0.9523296 -0.2441993 0.2280114 0.9425378 -0.3270134 0.3589071 0.8742129 -0.3878044 0.4507914 0.803987 -0.1892163 0.2392995 0.9523303 -0.2268183 0.2742998 0.9345122 -0.2862223 0.3569053 0.8892106 -0.2291095 0.4142176 0.8808705 -0.4555068 0.4587964 0.762902 0.5597965 0.8249979 0.07750147 0.3954146 0.7317117 0.5551986 0.09679949 0.4824028 0.8705846 -0.1059202 0.2720126 0.9564465 -0.1058873 0.272011 0.9564508 -0.2267857 0.2743021 0.9345195 -0.2750849 0.3179894 0.9073098 -0.1302022 0.3641052 0.922212 0.3499109 0.1399931 0.9262636 0.06620371 0.2536916 0.965017 -0.1627022 -0.6514923 0.7410032 -0.2044975 -0.9476864 0.2450944 0.07029068 -0.9478104 0.3109902 -0.3053046 -0.909415 0.2824069 -0.0554021 0.1135217 0.9919896 -0.3609139 -0.6126943 0.7030981 -0.5469084 -0.7901057 0.276811 0.5015105 -0.8160192 0.2874021 0.7975928 -0.5828903 0.1551929 -0.6617278 0.489242 0.5681185 -0.6572003 0.4286034 0.6199894 -0.5548803 0.3346062 0.7616736 -0.3886187 0.218989 0.894997 -0.1922988 0.2041075 0.9598757 -0.2575163 0.1182109 0.959016 -0.6078003 -0.5044159 0.6133054 -0.8243021 -0.55528 0.110409 -0.8216434 -0.2794092 0.4968225 -0.9533938 -0.2998064 -0.03400897 -0.8830938 -0.01289457 0.4690192 -0.5136828 0.07859033 0.8543732 -0.5248818 0.1584843 0.8362905 -0.6656241 0.318494 0.674912 -0.9445617 0.1801801 0.2744782 -0.7738747 0.4880008 0.4036998 -0.7676867 0.2938662 0.5694733 -0.525568 0.5738615 0.6280615 -0.9722018 -0.1544014 -0.1760225 -0.972383 0.2320274 -0.02519249 -0.9086515 0.291796 0.2986765 -0.6895301 -0.4518961 0.5659843 -0.9700685 -0.06340932 -0.2344064 -0.9643515 0.1770166 -0.1967017 -0.964361 0.1770046 -0.1966658 -0.9643589 0.1769931 -0.1966865 -0.9601522 -0.06759464 -0.2711802 -0.9700732 -0.06340771 -0.2343876 0.8018177 0.5943119 0.06230413 0.6409065 0.7657174 0.05399847 0.7365874 0.6643105 0.1270065 0.5068091 0.8530788 0.1241023 0.4806175 0.7565137 0.4435017 0.321797 0.8719875 0.3688964 0.1276696 0.8006575 0.5853616 0.1206 0.9838749 0.1320827 0.136699 0.9905125 0.01408326 -0.2773295 0.9607308 -0.009204149 -0.2447772 0.9625808 0.116286 -0.4639983 0.875582 0.1343942 -0.2563008 0.8651921 0.4309902 -0.1243992 0.9393119 0.3197156 0.06650251 0.9143118 0.399514 -0.523015 0.8520104 -0.02310299 -0.7274824 0.5790913 0.3679983 -0.1804785 0.9036027 0.3884968 -0.5255951 0.5737974 0.6280974 -0.5478923 0.6062886 0.5763924 -0.669542 0.6219242 0.4061082 -0.9261142 0.3338193 -0.1757194 -0.7640832 0.5166096 -0.3863826 -0.4709227 0.8537618 -0.2220872 -0.7111258 -0.008416473 0.7030145 -0.6564278 -0.2212074 0.7212281 -0.7531722 0.09868037 0.6503797 -0.6940037 -0.2336991 0.6809873 -0.7531619 0.09868693 0.6503907 -0.7531781 0.09860008 0.6503852 -0.7676727 0.2938804 0.569485 -0.6878364 0.4057975 0.6018386 -0.64779 0.7017949 0.2963985 0.1463855 0.8921909 -0.4272783 0.3824915 0.9103866 -0.157786 -0.09269315 0.9224196 -0.3749002 -0.5631778 0.3673716 0.7401818 -0.7770493 0.07740551 0.6246623 -0.7331922 0.04862183 0.6782811 -0.8814789 -0.3964097 0.2566208 -0.7110942 0.3671879 -0.5995982 -0.5721923 0.2480823 -0.7816977 -0.4538868 0.03930211 -0.8901922 -0.4454339 -0.0017789 -0.8953132 -0.9355962 -0.3052843 0.1773733 -0.7855902 -0.06818234 0.6149792 -0.7439268 -0.3376036 0.576712 -0.9549947 -0.1347953 -0.264226 -0.9400263 -0.07058095 0.3337198 -0.2773949 -0.1832084 -0.9431261 -0.881451 -0.3964778 0.256612 -0.8882107 -0.4343709 0.1496782 -0.4951868 0.8472833 -0.1920971 -0.6167079 0.7712138 -0.1577997 -0.3815306 0.9207471 -0.08160519 -0.6679398 0.7030829 -0.2439895 -0.4813161 0.8461099 0.2289819 -0.1960123 0.8527163 0.4842045 -0.2909008 0.9329943 0.2118922 -0.006199955 0.9983032 0.05790042 0.02959626 0.9956996 -0.08778631 0.4074753 0.9108861 0.06519657 0.3346951 0.9266286 0.1712852 0.5183642 0.8123782 0.2670963 0.2227008 0.8527897 0.4723918 0.1498901 0.9353849 0.3202937 -0.05830639 0.9425933 0.3288134 0.6055818 0.7844032 0.1340993 0.9380108 0.2566856 -0.2329126 0.8204059 0.2022171 -0.5348295 0.9158764 0.2435033 -0.319181 0.2214105 0.1925851 -0.9559751 0.3562979 -0.1116062 -0.9276831 0.4691826 -0.08599954 -0.8789039 0.7015438 0.6842453 0.1991102 0.4344782 0.7323619 0.5242851 0.5657382 0.4361144 0.6998175 0.3388996 0.7067406 0.6210193 0.6570841 0.7535023 0.02179467 0.8471155 0.5124327 -0.1407411 0.4962143 0.03349488 -0.8675537 0.2334942 0.7210997 -0.6523004 0.8513765 0.3515911 -0.3892835 0.8991279 0.3132253 -0.3057108 0.8868593 0.310688 -0.3419848 0.8409848 0.4449129 -0.3078916 0.9265661 0.3204855 -0.196887 0.9265565 0.3205159 -0.1968823 0.9248942 0.2754721 0.26208 0.9770488 -0.1050958 0.185285 0.4357284 0.8143281 0.3834196 0.3350014 0.589419 -0.7350914 0.8471274 0.5124251 -0.1406973 0.8984464 0.4351159 -0.0588926 0.863173 0.4923105 -0.1120849 0.8390268 0.5366961 0.08939504 0.9113357 0.3928282 -0.1230994 0.8958863 0.4043942 -0.183992 0.8471267 0.5124268 -0.1406958 0.90966 0.3657773 -0.1967887 0.9433687 -0.1895152 -0.2722855 0.8672665 0.4966681 -0.03420096 0.7855902 0.5602083 0.262707 0.9096415 0.3658124 -0.1968092 0.8356881 0.5466714 0.05268877 0.9265628 0.3204858 -0.1969018 0.7653651 -0.2326149 -0.600089 0.6544727 -0.1054291 -0.7486991 0.9096518 0.3657918 -0.1967998 0.6477935 -0.03670769 -0.760931 0.9113403 0.3928192 -0.123093 0.8182197 0.5598056 0.1308976 0.4609597 -0.00919646 0.8873735 0.6470856 -0.5259886 0.5519205 0.5668994 -0.7866691 -0.2444927 0.3219086 -0.6328343 -0.7041985 0.1671075 -0.4244052 -0.8899188 0.1272812 -0.3530635 -0.9269011 0.6329525 0.03077012 -0.7735791 0.9341228 0.3561922 0.02327609 0.7434157 0.4241982 0.5170968 0.8403763 0.5181886 0.1588973 0.07658904 -0.2409499 -0.9675109 0.9651766 0.2496997 0.07800167 0.8988617 0.3735818 0.2290947 0.7501439 0.2557165 0.6098306 0.9341137 0.3562138 0.02331036 0.5692225 0.213307 -0.7940315 0.00900489 0.0207827 -0.9997435 0.4933865 0.5203096 -0.6970279 -0.06490087 0.4595987 -0.8857522 0.5019851 0.7642974 -0.4047969 -0.07379913 0.8717906 -0.4842881 0.5519667 0.8265936 -0.10989 0.01570487 0.9996884 0.01940542 0.8146802 0.5115827 0.2730925 0.8739831 0.06290584 -0.4818676 0.927242 0.05140268 -0.3709178 0.6741175 0.7306886 0.1079812 0.9842332 0.07730835 -0.1590865 0.9875999 0.1539835 -0.03058487 0.9635599 0.2674015 -0.006988525 0.8495472 -0.08210873 0.5210833 0.9627735 0.1950084 0.1871874 0.9113407 0.3928216 -0.1230838 0.829276 0.5521814 -0.08600771 0.9189803 0.36651 0.1454159 0.9125159 0.3989035 0.09050315 0.6380202 0.07000076 -0.7668313 0.6892002 -0.03359043 -0.723792 0.2676606 -0.1875936 -0.9450748 0.3891982 -0.3255962 -0.8616914 0.8600921 0.04082709 -0.5085027 0.6624786 -0.4938968 -0.5631945 0.8513179 -0.518011 -0.08320248 0.8791023 -0.3920183 0.2711107 0.9768755 0.04279762 0.2094818 0.6814968 0.1405943 -0.718189 0.6472355 -0.08122175 0.7579508 0.7353807 -0.5731135 0.3616024 0.7459119 -0.121977 -0.6547802 0.3260184 0.09140342 -0.9409344 0.9204568 0.2316918 0.314767 0.8751016 0.3531293 0.3309031 0.9708442 -0.2370221 -0.03580749 0.4934132 0.5203099 -0.6970086 0.8146262 -0.518937 -0.2590145 0.2975136 0.0686019 -0.9522497 0.569224 0.213302 -0.7940316 0.9835443 -0.1615986 0.08078736 0.9487809 -0.2390065 -0.2066176 0.9599133 0.1431224 -0.2410032 0.4853839 0.7318866 -0.4782724 0.07401001 0.4594888 -0.8850947 0.3926087 0.355508 -0.8482173 0.8258237 0.3305101 -0.4569227 0.9170715 0.3218929 0.2352972 0.7728495 -0.5939708 -0.2233884 0.6814947 0.1406183 -0.7181863 0.8085033 -0.2207925 -0.5455027 0.7402009 0.275798 -0.6132194 0.8489169 0.4096113 -0.3340041 0.8672632 0.4966734 -0.03420966 0.9352602 0.3516708 -0.04020082 0.9352573 0.35168 -0.04018837 0.9371952 0.1792958 -0.299196 0.1670787 0.9051913 0.3907858 0.4396946 0.6347811 0.6353909 0.6147257 0.5065272 0.6046012 0.8809273 0.4118064 0.2332012 0.8619049 0.4953032 0.1086039 0.8884375 0.4491214 0.09470379 0.7937265 0.5727216 -0.2049099 0.7410678 0.4493778 -0.498877 0.7937268 0.5727145 -0.2049294 0.7896876 0.6133002 -0.01601368 0.8018142 0.5943166 0.06230396 0.7684726 0.535669 0.3500122 0.2974895 0.06859922 -0.9522575 0.2211053 0.002205133 -0.9752475 0.6956977 0.4335902 -0.5727167 0.7873731 0.5615814 -0.254303 0.9337272 0.3441093 -0.09870392 0.9265664 0.3204796 -0.1968951 0.9221994 0.3824915 -0.05699491 0.8135038 0.3901016 0.4313148 0.6146824 0.506484 0.6046814 0.5741944 0.3280835 0.750108 -0.6807363 0.2481081 -0.6892319 -0.8613461 0.4970235 -0.1051226 -0.8694412 0.4937296 -0.01740634 -0.6242223 0.1934354 -0.7569209 -0.6807451 0.2481102 -0.6892222 -0.8539056 0.3555926 -0.3799989 -0.8576757 0.3097958 0.4103887 -0.5255949 0.5737924 0.6281022 -0.8544355 -0.240689 0.4604443 -0.9510676 -0.2532108 0.1770726 -0.8117916 -0.5838868 0.008404254 -0.9722061 -0.154404 -0.1759964 -0.9674108 0.175108 0.1829034 -0.6828237 0.09750014 0.7240481 -0.9636605 0.1258918 0.2356051 -0.631144 0.2154866 0.7451328 -0.8963043 -0.2887949 0.3365058 -0.5163905 -0.7028034 0.4892937 -0.2539189 -0.282904 0.9249274 -0.1892182 0.239306 0.9523283 -0.1469284 0.5799194 0.8013149 -0.009410917 0.5802093 0.8144131 -0.6423124 -0.7589784 -0.1067085 -0.0738545 -0.9960448 0.04940181 -0.07386368 -0.9960438 0.04940545 -0.07385903 -0.9960455 0.04937946 -0.07383733 -0.9960444 0.04943388 -0.07386451 -0.9960432 0.04941844 -0.4329271 -0.8979244 -0.07941013 -0.9700723 -0.0634067 -0.2343917 -0.9395592 -0.1542208 -0.305687 -0.9604105 -0.03069275 -0.2768927 -0.9735579 0.1051672 -0.2027929 -0.9308862 0.0155 0.3649803 -0.9090828 0.1980995 0.366504 -0.3290991 0.0439831 0.9432706 -0.2964934 0.1754044 0.9387892 0.401888 -0.04917603 0.9143674 0.414989 0.1179054 0.9021543 0.8807085 -0.07300287 0.4679991 0.8684076 0.05410772 0.4928901 0.9549587 0.07880729 0.2860831 0.9500629 -0.1006103 0.2953948 0.9072042 -0.2824159 0.3118043 0.8168219 -0.2683002 0.5107024 0.3739195 -0.1918036 0.9074115 -0.320484 -0.1061023 0.9412929 -0.9160943 -0.1962015 0.3496803 -0.7702874 0.5559948 0.3122937 -0.9086831 0.2916836 0.2986901 -0.6970888 0.5482947 0.4619959 -0.7702875 0.5559945 0.3122938 -0.8007268 0.5483174 0.241215 -0.857706 0.309699 0.4103987 -0.9086547 0.2917852 0.2986772 -0.6170161 0.4437161 0.6499286 -0.600695 0.5166953 0.610075 -0.8624367 -0.5060273 0.01180809 -0.8491279 0.2206086 0.47991 -0.9086849 0.2916809 0.2986871 -0.7636016 0.3521962 0.5411751 0.8087354 0.2577083 -0.5287094 0.902809 0.3145046 0.2932965 0.9010003 0.02679699 0.4329902 0.9969965 -0.05360305 -0.05590069 0.9559713 0.1123848 0.2710883 0.714429 -0.1201021 -0.6893234 0.5513925 -0.4455842 -0.7052809 0.1751165 -0.2682056 -0.947312 -9.03446e-4 -0.6534084 -0.7570052 0.9216101 -0.1276943 0.3665092 0.8135092 0.3901128 0.4312946 0.967839 0.2240083 -0.114491 0.9382842 0.01389384 -0.3455862 0.9932121 0.064803 0.09659403 0.7365029 0.1446143 -0.6607952 0.2211213 0.002215564 -0.9752439 -0.09190928 -0.08551293 -0.9920889 -0.3338094 -0.4711081 -0.8164733 -0.2224077 -0.5265937 -0.8205083 0.7345997 -0.4473006 -0.5101817 0.9842289 0.07730048 -0.1591171 -0.5196148 -0.734422 -0.4366062 0.7122064 0.2958029 -0.6366024 0.2552048 0.1940151 -0.9472216 0.008395612 0.08389687 -0.9964391 0.7631952 0.4848918 -0.4270985 0.9788005 -0.1968179 0.0566774 0.8631845 0.4922878 -0.1120949 0.882274 -0.4653807 0.07080709 0.6454004 -0.3727924 0.6666965 0.5311948 -0.1301876 0.8371878 0.5180055 -0.1762933 0.8370131 0.5179952 -0.1763952 0.8369981 0.2666916 -0.2866014 0.9201822 0.1900905 -0.2899079 0.9379867 0.06830513 -0.4230794 0.9035145 -0.05199927 -0.4456932 0.8936744 0.05281364 -0.2289019 0.9720157 -0.3220056 -0.4978853 0.805247 -0.1037971 -0.6573796 0.7463768 -0.5357227 -0.7412093 0.4044873 -0.2485801 -0.9309693 0.2674026 -0.6564927 -0.754181 0.01511633 -0.7044461 -0.6141268 0.3558146 -0.09750884 -0.7111973 0.6961972 -0.08748483 -0.4858505 0.8696527 -0.06460076 -0.1284122 0.9896147 0.04789602 -0.07570135 0.9959796 0.2093045 -0.01855677 0.9776744 0.4415904 0.02020019 0.8969894 0.3484119 0.2563781 0.9015983 -0.2500181 -0.9680221 -0.02059954 -0.9478346 -0.3172025 0.03150343 -0.8542836 0.0232011 0.5192893 -0.7608554 -0.2562736 0.5961735 -0.8140624 -0.5140972 0.2701976 -0.5762012 -0.4831744 0.6591925 -0.4389911 -0.8981152 0.02599799 -0.4586872 -0.7970727 0.3927865 -0.2351936 -0.5813194 0.7789427 -0.2552106 -0.7765157 0.5760998 -0.01807987 -0.9551779 0.2954801 0.2715879 -0.7579293 0.5931132 0.350188 -0.9152525 0.1992017 0.4884029 -0.7107942 0.5061959 0.1929084 -0.4479982 0.8729742 -0.1127958 -0.4328143 0.8943986 -0.2255007 -0.3951747 0.8904979 -0.1615065 -0.05301016 0.985447 0.07280921 -0.9965592 0.0396068 -0.4262024 -0.879388 -0.2121984 -0.8369026 -0.4434223 -0.3208906 -0.8316004 0.4842059 0.2720028 -0.6463301 -0.0285151 0.762525 -0.6276683 -0.08087307 0.7742688 -0.6276741 -0.08092337 0.7742587 -0.3960123 -0.2286902 0.8893117 -0.3227105 -0.2405875 0.9154102 -0.179434 -0.1614886 0.9704251 -0.5619884 0.03951418 0.8262009 -0.09901326 -0.2178919 -0.9709374 0.2680975 -0.2900951 -0.9186776 0.3966812 -0.6188782 -0.677963 -8.80987e-4 -0.6534809 -0.7569426 0.2049021 -0.516707 -0.8312816 -0.4806801 -0.3847808 -0.787966 -0.6806948 -0.3583962 -0.6389107 -0.9460911 0.09290438 -0.310291 -0.9059793 0.1873961 -0.3795846 -0.7727339 0.5790351 -0.2600016 -0.6189969 0.5562106 -0.5545023 -0.6523808 0.3491886 -0.6726564 -0.9881547 -0.1394009 -0.06417018 -0.4832856 -0.417887 -0.769289 0.8107822 -0.4454042 -0.3797993 0.7406437 -0.5728003 -0.3512074 -0.02367889 -0.796173 -0.6046056 -0.3745109 -0.7785325 -0.5036157 -0.1909819 -0.9584022 -0.2121113 -0.03058892 -0.9919087 -0.1232129 0.5597795 -0.8282967 -0.02390712 0.8727967 -0.483382 -0.06758725 0.4339998 -0.8097048 -0.3949965 0.4418001 -0.8730953 -0.2061976 0.02389109 -0.9984232 -0.05079925 -0.07387459 -0.996041 0.04944562 -0.07389819 -0.996038 0.04947119 -0.32148 -0.1313142 -0.9377672 -0.6838216 0.03079855 -0.728999 -0.3160907 -0.01329571 -0.9486359 -0.3223142 -0.2473909 -0.9137347 -0.3222803 -0.2473954 -0.9137455 -0.5804625 -0.04929381 -0.8127936 -0.9735546 0.1051964 -0.2027938 -0.9735553 0.105196 -0.2027904 -0.8114784 0.1142854 0.5730984 -0.8115094 0.1141899 0.5730734 -0.3290852 0.04411196 0.9432694 -0.3290995 0.0439862 0.9432703 -0.329088 0.04410332 0.9432688 -0.8114883 0.1143278 0.5730759 0.1710004 0.01719808 0.9851209 0.170984 0.01719379 0.9851238 0.7585749 0.03229922 0.6507849 0.7585769 0.0323053 0.6507822 0.9994822 -0.03069013 -0.009682655 0.9848974 -0.1202982 -0.1245211 0.703209 -0.07029825 -0.7074994 0.6968751 -0.2271792 -0.6802608 0.3954853 -0.07400101 -0.9154865 0.3719729 -0.2520819 -0.8933593 0.3364066 -0.421912 -0.8419151 0.6734101 -0.3582986 -0.6466383 0.9026271 -0.2781103 -0.3285103 0.76523 0.1088038 0.6344958 0.5469856 0.107801 0.8301721 0.7585726 0.03229224 0.650788 0.5625848 -0.03039807 0.8261806 0.3457894 -0.003010392 0.9383074 0.8526542 -0.2691801 0.447798 0.6453951 -0.3728735 0.6666563 0.354631 -0.114214 0.9280045 0.1435067 -0.1334828 0.9806061 -0.979872 0.1078007 0.1680181 -0.8114839 0.1143065 0.5730863 -0.9146922 0.2420072 0.3236831 -0.7294015 0.1747006 0.6614025 -0.5888766 0.1270942 0.7981676 -0.6450802 0.007311463 0.76408 -0.4603101 0.03321748 0.8871365 -0.4554979 -0.07189589 0.8873289 -0.2635068 -0.09138375 0.9603193 -0.2587028 -0.1430088 0.9553122 -0.06458801 -0.1282988 0.9896302 -0.07711994 -0.1900858 0.9787339 0.1548156 -0.1738029 0.9725353 0.3833011 -0.4569716 0.8026563 0.6137801 -0.7354726 0.2869741 0.7703886 -0.6300755 0.09750092 0.8727961 -0.4833788 -0.06761628 0.9618842 -0.1503734 0.2284004 0.3650043 -0.8366959 0.4083037 0.1470024 -0.4947792 0.8564952 -0.08750212 -0.4857711 0.8696953 -0.3080944 -0.4583013 0.8336893 -0.5163231 -0.4030196 0.7556359 -0.7439077 -0.3376691 0.5766983 -0.9160904 -0.1961891 0.3496974 -0.9832063 -0.1810824 -0.02268111 0.1717112 -0.8843678 0.434061 0.1650941 -0.9734013 0.1588517 0.3173078 -0.9373373 0.1439254 -0.09358996 -0.8886631 0.4489085 -0.3440807 -0.8458617 0.4075863 -0.5100899 -0.7843935 0.3528954 -0.6872038 -0.700187 0.1936212 -0.7718827 -0.6353079 -0.02410674 -0.8408696 -0.4837714 -0.2427008 -0.9550039 -0.1347754 -0.2642029 -0.9643508 0.1770111 -0.1967096 -0.08500349 -0.9846259 0.1525982 -0.3226001 -0.9370738 0.1334989 -0.4514082 -0.8880475 0.08719152 -0.5709226 -0.8190432 -0.05670839 -0.5947039 -0.7691991 -0.2337952 -0.5475916 -0.7647811 -0.3394898 -0.8304945 -0.4304106 -0.3535897 -0.9550005 -0.1348048 -0.2642006 -0.9550114 -0.1347025 -0.2642127 0.9431019 0.1520861 0.2956834 0.9028042 0.3144991 0.293317 0.9881477 0.1517917 0.02287638 0.9858884 -0.1639128 -0.03400933 0.9795646 -0.1886998 -0.06961137 0.9858884 -0.1638932 -0.03410416 0.8816685 -0.4440958 -0.1594991 0.639856 -0.7402603 -0.2063953 0.6484058 -0.7528126 -0.1133273 0.5299971 -0.8457071 0.06231081 -0.7612095 -0.2562062 0.5957504 -0.5357833 -0.6474248 0.5420125 -0.3989382 -0.6840279 0.6106998 -0.2816095 -0.9085533 0.3085891 -0.2486729 -0.9309467 0.2673954 0.12732 -0.9900634 -0.05969989 -0.6081226 -0.7571036 0.2387072 -0.2440032 -0.9496623 0.1964789 -0.2070991 -0.9757105 0.07140827 -0.4586532 -0.7970525 0.3928671 0.7440803 -0.6679174 0.01519531 0.720313 -0.08029937 0.6889857 0.6471018 -0.5260068 0.5518841 0.3381883 -0.4199782 0.8421682 0.4827175 -0.06170308 0.8735998 0.627635 -0.59441 -0.5027437 0.1492815 -0.7710872 -0.6189827 -0.8933076 -0.4013959 -0.2021958 -0.5660999 -0.7882915 -0.2410966 -0.8596286 -0.2808298 -0.4268177 -0.5822698 -0.5953103 -0.5536854 -0.08899515 -0.9870057 -0.1337898 0.2478968 -0.8917404 -0.3786109 0.4962733 -0.8065728 -0.3211749 0.3494797 -0.9357317 0.04764521 0.3502979 -0.9152117 0.1991957 0.2019122 -0.8217116 0.5329366 -0.09550285 -0.7864457 0.6102314 0.201894 -0.8217251 0.5329226 -0.8823866 -0.4063032 -0.2373009 -0.1685321 -0.9819357 -0.08601939 -0.8824023 0.4489963 0.1406007 -0.9418134 0.1268028 0.3113015 -0.5804871 -0.04927885 -0.812777 -0.9753783 0.1852967 0.1195923 -0.9400018 -0.07059389 0.3337862 -0.3291078 0.04410463 0.9432618 -0.5379917 0.1124054 0.8354222 -0.5043935 0.3229892 0.8007904 -0.8246421 0.4488047 -0.3442963 -0.8529652 0.123791 -0.5070762 -0.99395 0.08931785 -0.06391978 -0.5721958 0.2480825 -0.781695 -0.1234993 0.167984 -0.9780232 0.1178016 0.1240892 -0.9852536 -0.145112 0.3759199 -0.9152196 -0.5361931 0.3996799 -0.7434737 -0.6996374 -0.7072969 -0.1011864 -0.6461226 -0.7358283 0.2026879 -0.6996178 -0.7073142 -0.1012017 -0.6461212 -0.7358245 0.2027063 -0.6268863 -0.533284 0.5679981 -0.6268882 -0.5332903 0.5679901 -0.5863107 -0.2653103 0.7654086 -0.5912131 -0.3218827 0.7394989 -0.5733917 -0.217793 0.7898026 -0.5300079 -0.2051924 0.8227926 -0.529991 -0.2052032 0.8228009 -0.5299832 -0.2052067 0.8228051 -0.1352768 0.769569 0.6240702 -0.6970691 0.54826 0.462067 -0.6000847 0.6596688 0.452477 -0.8919265 0.3370975 0.3013843 -0.9254614 0.3024787 0.2280965 -0.9254422 0.302567 0.2280566 -0.9743106 0.1846075 -0.128993 -0.9743114 0.1845934 -0.1290061 -0.9156772 -0.0784133 -0.3941911 -0.9156829 -0.0783801 -0.3941847 -0.8358502 -0.3038899 -0.4571712 -0.8358483 -0.3039015 -0.4571669 -0.7886388 -0.4355162 -0.4340215 -0.7886731 -0.4353933 -0.4340825 -0.7499008 -0.5275877 -0.3991243 -0.7498493 -0.5276995 -0.3990731 -0.7338332 -0.6023478 -0.3141115 -0.7338016 -0.6023929 -0.314099 -0.7320888 0.6809273 -0.01960062 -0.4025722 0.915359 0.007323563 -0.3748128 0.8489286 -0.3726064 -0.7004077 0.5997048 -0.3870186 -0.9723826 0.2320277 -0.02520507 -0.8832021 0.2745959 -0.3801988 -0.935585 -0.3053041 0.1773982 -0.8114838 0.1143184 0.5730842 -0.5310891 0.4076904 0.7427873 -0.2603989 0.5767997 0.7742703 0.01571857 0.9996882 0.01940101 0.03149688 0.9284166 -0.3702033 0.5597938 0.8249997 0.07750147 0.6810894 0.6444852 -0.3474998 0.9341089 0.3562273 0.02330046 0.8786239 0.2055281 -0.4310202 0.9969955 -0.05360704 -0.05591356 0.700585 -0.6265977 0.341403 0.6714169 -0.7409921 0.01140415 0.1552091 -0.9785545 -0.1354306 0.1612949 -0.9156627 0.3681656 0.3244106 -0.929719 -0.1742998 0.3139287 -0.8819884 0.3514901 0.6432642 -0.7647587 0.03681653 0.5569977 -0.693996 0.4562052 0.2715269 -0.7579388 0.5931292 -0.4790346 -0.4157093 0.7731181 0.05279982 -0.2289052 0.9720157 0.05270296 -0.2289114 0.9720196 0.06342285 0.6387661 0.7667827 0.4793738 0.612565 0.6284624 0.6711181 0.01340264 0.7412293 0.1345037 -0.2172773 0.9667986 -0.09549182 -0.58743 0.8036213 -0.3204979 -0.106099 0.9412886 0.5227842 0.4134829 -0.7454721 0.8664698 0.4988974 0.01820683 0.97687 0.04278928 0.2095096 0.6449081 -0.2019055 -0.7371077 -0.1627198 0.05169433 -0.9853172 -0.3360859 -0.1902855 -0.9224086 -0.2436197 -0.6164003 -0.7487992 -0.1740031 -0.9690868 -0.1749113 0.3542715 -0.6637877 0.658694 0.1883957 -0.1039817 0.976573 -0.3250285 -0.1985802 0.9246202 0.5520612 -0.1015996 0.8275905 0.7652118 0.1087936 0.6345195 -0.7193939 -0.4206922 -0.5527121 -0.775754 -0.5516606 -0.3063926 -0.7808873 -0.6244618 0.01620239 -0.2791818 -0.9588574 0.05147945 0.1362154 -0.7112356 0.6896299 -0.2693074 -0.3227971 0.9073454 -0.687393 -0.0782994 0.7220528 -0.2781112 0.6318152 0.723508 0.4148867 0.1179074 0.9022011 0.6005823 -0.7992866 0.02102321 -0.09529095 -0.8572679 -0.5059759 -0.3069875 -0.7229991 -0.618895 -0.3360868 -0.1903125 -0.9224028 -0.7194015 -0.4207147 -0.552685 -0.5877117 -0.2398874 -0.7726895 -0.5876913 -0.2398928 -0.7727034 -0.240229 0.152793 -0.9586158 0.4306935 0.6010878 -0.6731988 0.7286994 0.6768924 -0.1039903 0.7547834 0.6119698 0.2362096 0.7182834 0.2246996 0.6584672 0.4393934 -0.2298018 0.8684036 -0.329094 0.04409712 0.9432671 -0.7106903 -0.3661965 0.6006826 -0.7417591 -0.03489428 0.6697581 0.7354237 -0.5730767 0.3615732 0.2200943 -0.2541909 0.9417778 0.5833069 -0.7267125 0.3628252 0.4827177 -0.06169903 0.8736 0.1596087 0.3657878 0.9169103 -0.1301214 0.3641326 0.9222126 -0.2157772 0.6168864 0.7568959 -0.1726824 0.4515708 0.8753655 -0.2407966 0.6439086 0.7262223 -0.1458855 0.5392752 0.8293972 -0.2061967 0.6504806 0.7309979 -0.2192026 0.4777145 0.8507286 -0.4344229 0.5923386 0.6785366 -0.5549287 0.3346191 0.7616327 -0.4775909 0.5419887 0.6914877 -0.6064894 0.3993968 0.6874974 -0.7576202 0.3840925 0.5277165 -0.04869061 -0.09218418 0.9945508 -0.6006108 0.5167403 0.6101198 0.9993391 0.001916468 0.03630101 0.9902247 -0.0420019 -0.1330072 0.9629733 -0.007407069 -0.269495</float_array>
          <technique_common>
            <accessor source="#v_Gnome-mesh-normals-array" count="1626" stride="3">
              <param name="X" type="float"/>
              <param name="Y" type="float"/>
              <param name="Z" type="float"/>
            </accessor>
          </technique_common>
        </source>
        <source id="v_Gnome-mesh-map-0">
          <float_array id="v_Gnome-mesh-map-0-array" count="15324">0.466315 0.806834 0.500266 0.817291 0.479229 0.829644 0.466315 0.806834 0.44616 0.825192 0.440457 0.806423 0.466315 0.806834 0.479229 0.829644 0.44616 0.825192 0.479229 0.829644 0.456263 0.845814 0.44616 0.825192 0.479229 0.829644 0.48429 0.849949 0.456263 0.845814 0.489352 0.870254 0.456263 0.845814 0.48429 0.849949 0.489352 0.870254 0.466366 0.866437 0.456263 0.845814 0.442932 0.878013 0.456263 0.845814 0.466366 0.866437 0.481841 0.901309 0.442932 0.878013 0.466366 0.866437 0.481841 0.901309 0.459523 0.927367 0.442932 0.878013 0.481841 0.901309 0.466366 0.866437 0.489352 0.870254 0.417674 0.957438 0.459523 0.927367 0.470313 0.954287 0.399965 0.825304 0.44616 0.825192 0.428746 0.843892 0.399965 0.825304 0.440457 0.806423 0.44616 0.825192 0.3812 0.802667 0.440457 0.806423 0.399965 0.825304 0.369524 0.829525 0.3812 0.802667 0.399965 0.825304 0.369524 0.829525 0.33244 0.81117 0.3812 0.802667 0.419497 0.889588 0.415415 0.87609 0.435839 0.860952 0.428746 0.843892 0.435839 0.860952 0.415415 0.87609 0.428746 0.843892 0.415415 0.87609 0.411333 0.862591 0.411333 0.862591 0.388348 0.841244 0.428746 0.843892 0.399965 0.825304 0.428746 0.843892 0.388348 0.841244 0.388348 0.841244 0.369524 0.829525 0.399965 0.825304 0.272722 0.965244 0.278324 0.994823 0.2414709 0.991302 0.278324 0.994823 0.272722 0.965244 0.300414 0.966054 0.278324 0.994823 0.300414 0.966054 0.306388 0.990654 0.306388 0.990654 0.300414 0.966054 0.33383 0.96358 0.328761 0.941664 0.33383 0.96358 0.300414 0.966054 0.353887 0.931401 0.33383 0.96358 0.328761 0.941664 0.353887 0.931401 0.368947 0.949055 0.33383 0.96358 0.385767 0.923258 0.368947 0.949055 0.353887 0.931401 0.385767 0.923258 0.409448 0.964524 0.368947 0.949055 0.385767 0.923258 0.42838 0.918514 0.409448 0.964524 0.42838 0.918514 0.417674 0.957438 0.409448 0.964524 0.42838 0.918514 0.459523 0.927367 0.417674 0.957438 0.42838 0.918514 0.419497 0.889588 0.459523 0.927367 0.419497 0.889588 0.442932 0.878013 0.459523 0.927367 0.419497 0.889588 0.435839 0.860952 0.442932 0.878013 0.442932 0.878013 0.435839 0.860952 0.456263 0.845814 0.456263 0.845814 0.435839 0.860952 0.428746 0.843892 0.456263 0.845814 0.428746 0.843892 0.44616 0.825192 0.385767 0.923258 0.353887 0.931401 0.367506 0.916432 0.306388 0.990654 0.33383 0.96358 0.34558 0.98356 0.34558 0.98356 0.33383 0.96358 0.368947 0.949055 0.34558 0.98356 0.368947 0.949055 0.409448 0.964524 0.367506 0.916432 0.34676 0.923078 0.355587 0.909341 0.367506 0.916432 0.353887 0.931401 0.34676 0.923078 0.34676 0.923078 0.353887 0.931401 0.328761 0.941664 0.34676 0.923078 0.328761 0.941664 0.327355 0.929811 0.387909 0.893933 0.38232 0.875559 0.415415 0.87609 0.387909 0.893933 0.415415 0.87609 0.419497 0.889588 0.387909 0.893933 0.419497 0.889588 0.423938 0.904051 0.42838 0.918514 0.423938 0.904051 0.419497 0.889588 0.386838 0.908596 0.423938 0.904051 0.42838 0.918514 0.386838 0.908596 0.42838 0.918514 0.385767 0.923258 0.385767 0.923258 0.367539 0.907578 0.386838 0.908596 0.385767 0.923258 0.367506 0.916432 0.367539 0.907578 0.367506 0.916432 0.367572 0.898723 0.367539 0.907578 0.367506 0.916432 0.355587 0.909341 0.367572 0.898723 0.367572 0.898723 0.355587 0.909341 0.353483 0.903577 0.352205 0.904567 0.353483 0.903577 0.355587 0.909341 0.353483 0.903577 0.352205 0.904567 0.342048 0.898785 0.336261 0.910121 0.342048 0.898785 0.352205 0.904567 0.330711 0.897529 0.342048 0.898785 0.336261 0.910121 0.330711 0.897529 0.336261 0.910121 0.321281 0.912586 0.330711 0.897529 0.321281 0.912586 0.319373 0.896274 0.319373 0.896274 0.321281 0.912586 0.303113 0.917123 0.367572 0.898723 0.386838 0.908596 0.367539 0.907578 0.38232 0.875559 0.387909 0.893933 0.367572 0.898723 0.367572 0.898723 0.387909 0.893933 0.386838 0.908596 0.387909 0.893933 0.423938 0.904051 0.386838 0.908596 0.353483 0.903577 0.342048 0.898785 0.342329 0.89617 0.342329 0.89617 0.342048 0.898785 0.330711 0.897529 0.342329 0.89617 0.330711 0.897529 0.330589 0.89479 0.330589 0.89479 0.330711 0.897529 0.319373 0.896274 0.319373 0.896274 0.303113 0.917123 0.302045 0.905235 0.300162 0.903886 0.302045 0.905235 0.303113 0.917123 0.319373 0.896274 0.302045 0.905235 0.300162 0.903886 0.318849 0.89341 0.319373 0.896274 0.300162 0.903886 0.330589 0.89479 0.319373 0.896274 0.318849 0.89341 0.318849 0.89341 0.34109 0.877937 0.330589 0.89479 0.342329 0.89617 0.330589 0.89479 0.34109 0.877937 0.342329 0.89617 0.34109 0.877937 0.359667 0.883439 0.359667 0.883439 0.353483 0.903577 0.342329 0.89617 0.359667 0.883439 0.367572 0.898723 0.353483 0.903577 0.359667 0.883439 0.368199 0.870312 0.367572 0.898723 0.38232 0.875559 0.367572 0.898723 0.368199 0.870312 0.376731 0.857185 0.38232 0.875559 0.368199 0.870312 0.376731 0.857185 0.368199 0.870312 0.34887 0.866462 0.376731 0.857185 0.34887 0.866462 0.35665 0.854988 0.336568 0.85279 0.35665 0.854988 0.34887 0.866462 0.337825 0.843268 0.35665 0.854988 0.336568 0.85279 0.319831 0.843028 0.337825 0.843268 0.336568 0.85279 0.300162 0.903886 0.303113 0.917123 0.300176 0.918416 0.359667 0.883439 0.34887 0.866462 0.368199 0.870312 0.359667 0.883439 0.34109 0.877937 0.34887 0.866462 0.32954 0.862612 0.34887 0.866462 0.34109 0.877937 0.336568 0.85279 0.34887 0.866462 0.32954 0.862612 0.336568 0.85279 0.32954 0.862612 0.31343 0.860196 0.336568 0.85279 0.31343 0.860196 0.319831 0.843028 0.31343 0.860196 0.301399 0.845574 0.319831 0.843028 0.319831 0.843028 0.301399 0.845574 0.301821 0.838133 0.290078 0.844146 0.301821 0.838133 0.301399 0.845574 0.290078 0.844146 0.289247 0.836083 0.301821 0.838133 0.272272 0.8472 0.289247 0.836083 0.290078 0.844146 0.272272 0.8472 0.290078 0.844146 0.290729 0.86447 0.272272 0.8472 0.290729 0.86447 0.271646 0.866162 0.287763 0.879505 0.271646 0.866162 0.290729 0.86447 0.287763 0.879505 0.269291 0.883398 0.271646 0.866162 0.283705 0.900022 0.269291 0.883398 0.287763 0.879505 0.283705 0.900022 0.266117 0.903655 0.269291 0.883398 0.286925 0.921542 0.266117 0.903655 0.283705 0.900022 0.322513 0.872435 0.31343 0.860196 0.32954 0.862612 0.32954 0.862612 0.34109 0.877937 0.322513 0.872435 0.318849 0.89341 0.322513 0.872435 0.34109 0.877937 0.300162 0.903886 0.322513 0.872435 0.318849 0.89341 0.300162 0.903886 0.303721 0.877508 0.322513 0.872435 0.31343 0.860196 0.322513 0.872435 0.303721 0.877508 0.303721 0.877508 0.301064 0.863129 0.31343 0.860196 0.31343 0.860196 0.301064 0.863129 0.301399 0.845574 0.290078 0.844146 0.301399 0.845574 0.301064 0.863129 0.290078 0.844146 0.301064 0.863129 0.290729 0.86447 0.290729 0.86447 0.301064 0.863129 0.295941 0.878597 0.290729 0.86447 0.295941 0.878597 0.287763 0.879505 0.295941 0.878597 0.300162 0.903886 0.287763 0.879505 0.283705 0.900022 0.287763 0.879505 0.300162 0.903886 0.300176 0.918416 0.283705 0.900022 0.300162 0.903886 0.300176 0.918416 0.286925 0.921542 0.283705 0.900022 0.300162 0.903886 0.295941 0.878597 0.303721 0.877508 0.303721 0.877508 0.295941 0.878597 0.301064 0.863129 0.319831 0.843028 0.320195 0.831168 0.337825 0.843268 0.319831 0.843028 0.301821 0.838133 0.320195 0.831168 0.302243 0.830692 0.320195 0.831168 0.301821 0.838133 0.302243 0.830692 0.301821 0.838133 0.289247 0.836083 0.302243 0.830692 0.289247 0.836083 0.288416 0.828019 0.288416 0.828019 0.289247 0.836083 0.271976 0.837964 0.272272 0.8472 0.271976 0.837964 0.289247 0.836083 0.254382 0.848579 0.271976 0.837964 0.272272 0.8472 0.254382 0.848579 0.272272 0.8472 0.271646 0.866162 0.254382 0.848579 0.271646 0.866162 0.252916 0.867173 0.252916 0.867173 0.271646 0.866162 0.269291 0.883398 0.252916 0.867173 0.269291 0.883398 0.251372 0.885203 0.251372 0.885203 0.269291 0.883398 0.266117 0.903655 0.251372 0.885203 0.266117 0.903655 0.248979 0.906209 0.248979 0.906209 0.266117 0.903655 0.267014 0.926184 0.248979 0.906209 0.267014 0.926184 0.2464759 0.928903 0.2464759 0.928903 0.267014 0.926184 0.268466 0.945334 0.2464759 0.928903 0.268466 0.945334 0.24551 0.945727 0.2464759 0.928903 0.24551 0.945727 0.222464 0.941426 0.2464759 0.928903 0.222464 0.941426 0.227427 0.922838 0.248979 0.906209 0.2464759 0.928903 0.227427 0.922838 0.248979 0.906209 0.227427 0.922838 0.232024 0.900703 0.232024 0.900703 0.251372 0.885203 0.248979 0.906209 0.232024 0.900703 0.232003 0.880207 0.251372 0.885203 0.232003 0.880207 0.252916 0.867173 0.251372 0.885203 0.232003 0.880207 0.232127 0.863027 0.252916 0.867173 0.232127 0.863027 0.254382 0.848579 0.252916 0.867173 0.214551 0.873444 0.232127 0.863027 0.232003 0.880207 0.232003 0.880207 0.215308 0.894271 0.214551 0.873444 0.232003 0.880207 0.232024 0.900703 0.215308 0.894271 0.232024 0.900703 0.208673 0.914927 0.215308 0.894271 0.232024 0.900703 0.227427 0.922838 0.208673 0.914927 0.208673 0.914927 0.227427 0.922838 0.222464 0.941426 0.208673 0.914927 0.222464 0.941426 0.193273 0.935131 0.208673 0.914927 0.193273 0.935131 0.186368 0.918885 0.186368 0.918885 0.193273 0.935131 0.160844 0.929713 0.186368 0.918885 0.160844 0.929713 0.164756 0.916541 0.164756 0.916541 0.160844 0.929713 0.155869 0.910699 0.215308 0.894271 0.196333 0.909714 0.19858 0.895338 0.19858 0.895338 0.214551 0.873444 0.215308 0.894271 0.215308 0.894271 0.208673 0.914927 0.196333 0.909714 0.208673 0.914927 0.186368 0.918885 0.196333 0.909714 0.193633 0.908045 0.196333 0.909714 0.186368 0.918885 0.19858 0.895338 0.196333 0.909714 0.193633 0.908045 0.19858 0.895338 0.193633 0.908045 0.196498 0.896362 0.1807129 0.884118 0.19858 0.895338 0.196498 0.896362 0.193633 0.908045 0.1807129 0.884118 0.196498 0.896362 0.1807129 0.884118 0.168121 0.897658 0.169156 0.883024 0.1807129 0.884118 0.175516 0.900557 0.168121 0.897658 0.193633 0.908045 0.175516 0.900557 0.1807129 0.884118 0.175516 0.900557 0.193633 0.908045 0.185715 0.915641 0.193633 0.908045 0.186368 0.918885 0.185715 0.915641 0.1665509 0.912538 0.185715 0.915641 0.186368 0.918885 0.1665509 0.912538 0.186368 0.918885 0.164756 0.916541 0.164756 0.916541 0.15849 0.907176 0.1665509 0.912538 0.164756 0.916541 0.155869 0.910699 0.15849 0.907176 0.146983 0.904856 0.15849 0.907176 0.155869 0.910699 0.146983 0.904856 0.155869 0.910699 0.160844 0.929713 0.137467 0.911369 0.146983 0.904856 0.160844 0.929713 0.146983 0.904856 0.137467 0.911369 0.127484 0.893305 0.137467 0.911369 0.109157 0.896878 0.127484 0.893305 0.127484 0.893305 0.109157 0.896878 0.113669 0.867206 0.127484 0.893305 0.113669 0.867206 0.132523 0.87648 0.132523 0.87648 0.113669 0.867206 0.143809 0.863442 0.145218 0.884215 0.132523 0.87648 0.143809 0.863442 0.175516 0.900557 0.185715 0.915641 0.1665509 0.912538 0.1665509 0.912538 0.168121 0.897658 0.175516 0.900557 0.1665509 0.912538 0.15849 0.907176 0.168121 0.897658 0.160727 0.89476 0.168121 0.897658 0.15849 0.907176 0.160727 0.89476 0.15849 0.907176 0.15043 0.901815 0.146983 0.904856 0.15043 0.901815 0.15849 0.907176 0.141819 0.88933 0.15043 0.901815 0.146983 0.904856 0.146983 0.904856 0.127484 0.893305 0.141819 0.88933 0.127484 0.893305 0.132523 0.87648 0.141819 0.88933 0.145218 0.884215 0.141819 0.88933 0.132523 0.87648 0.173931 0.852387 0.188286 0.865851 0.177035 0.862868 0.177035 0.862868 0.188286 0.865851 0.19858 0.895338 0.177035 0.862868 0.19858 0.895338 0.1811349 0.881076 0.1811349 0.881076 0.19858 0.895338 0.1807129 0.884118 0.1807129 0.884118 0.169211 0.880124 0.1811349 0.881076 0.1807129 0.884118 0.169156 0.883024 0.169211 0.880124 0.157287 0.879172 0.169211 0.880124 0.169156 0.883024 0.157287 0.879172 0.169156 0.883024 0.1576 0.88193 0.157287 0.879172 0.1576 0.88193 0.145218 0.884215 0.146235 0.885463 0.145218 0.884215 0.1576 0.88193 0.141819 0.88933 0.145218 0.884215 0.146235 0.885463 0.141819 0.88933 0.146235 0.885463 0.143618 0.889115 0.141819 0.88933 0.143618 0.889115 0.15043 0.901815 0.15043 0.901815 0.143618 0.889115 0.146235 0.885463 0.15043 0.901815 0.146235 0.885463 0.160727 0.89476 0.146235 0.885463 0.1576 0.88193 0.160727 0.89476 0.160727 0.89476 0.1576 0.88193 0.169156 0.883024 0.160727 0.89476 0.169156 0.883024 0.168121 0.897658 0.145218 0.884215 0.143809 0.863442 0.157287 0.879172 0.157287 0.879172 0.143809 0.863442 0.160422 0.863155 0.157287 0.879172 0.160422 0.863155 0.169211 0.880124 0.1811349 0.881076 0.169211 0.880124 0.160422 0.863155 0.1811349 0.881076 0.160422 0.863155 0.177035 0.862868 0.173931 0.852387 0.177035 0.862868 0.160422 0.863155 0.173931 0.852387 0.160422 0.863155 0.155487 0.850692 0.143809 0.863442 0.155487 0.850692 0.160422 0.863155 0.143809 0.863442 0.1370429 0.848996 0.155487 0.850692 0.143809 0.863442 0.121973 0.850878 0.1370429 0.848996 0.143809 0.863442 0.113669 0.867206 0.121973 0.850878 0.08664995 0.842597 0.121973 0.850878 0.113669 0.867206 0.08664995 0.842597 0.126125 0.842714 0.121973 0.850878 0.08664995 0.842597 0.088081 0.836127 0.126125 0.842714 0.130277 0.83455 0.126125 0.842714 0.088081 0.836127 0.130277 0.83455 0.088081 0.836127 0.089513 0.829657 0.089513 0.829657 0.12209 0.815953 0.130277 0.83455 0.089513 0.829657 0.08188498 0.807902 0.12209 0.815953 0.089513 0.829657 0.06833899 0.822331 0.08188498 0.807902 0.089513 0.829657 0.06405395 0.829706 0.06833899 0.822331 0.089513 0.829657 0.088081 0.836127 0.06405395 0.829706 0.113903 0.797357 0.12209 0.815953 0.08188498 0.807902 0.113903 0.797357 0.08188498 0.807902 0.07425695 0.786147 0.07425695 0.786147 0.08188498 0.807902 0.06833899 0.822331 0.07425695 0.786147 0.06833899 0.822331 0.04716497 0.815005 0.04716497 0.815005 0.06833899 0.822331 0.06405395 0.829706 0.04716497 0.815005 0.06405395 0.829706 0.04002696 0.823285 0.05976998 0.837081 0.04002696 0.823285 0.06405395 0.829706 0.05976998 0.837081 0.06405395 0.829706 0.088081 0.836127 0.05976998 0.837081 0.088081 0.836127 0.08664995 0.842597 0.03288996 0.831564 0.02029597 0.823437 0.04002696 0.823285 0.02085697 0.815209 0.04002696 0.823285 0.02029597 0.823437 0.02085697 0.815209 0.04716497 0.815005 0.04002696 0.823285 0.04716497 0.815005 0.02085697 0.815209 0.04258596 0.781289 0.04716497 0.815005 0.04258596 0.781289 0.07425695 0.786147 0.07425695 0.786147 0.04258596 0.781289 0.04031395 0.748097 0.080567 0.753035 0.07425695 0.786147 0.04031395 0.748097 0.113903 0.797357 0.07425695 0.786147 0.080567 0.753035 0.130655 0.773072 0.113903 0.797357 0.080567 0.753035 0.130655 0.773072 0.138067 0.8048 0.113903 0.797357 0.181654 0.790334 0.138067 0.8048 0.130655 0.773072 0.181654 0.790334 0.162231 0.812243 0.138067 0.8048 0.181654 0.790334 0.186455 0.812888 0.162231 0.812243 0.186455 0.812888 0.1665289 0.827075 0.162231 0.812243 0.186455 0.812888 0.1864939 0.820966 0.1665289 0.827075 0.186532 0.829043 0.1665289 0.827075 0.1864939 0.820966 0.186532 0.829043 0.1864939 0.820966 0.202608 0.825976 0.186532 0.829043 0.202608 0.825976 0.203257 0.832036 0.162231 0.812243 0.144309 0.821514 0.138067 0.8048 0.162231 0.812243 0.1665289 0.827075 0.144309 0.821514 0.12209 0.815953 0.113903 0.797357 0.138067 0.8048 0.12209 0.815953 0.138067 0.8048 0.144309 0.821514 0.130277 0.83455 0.12209 0.815953 0.144309 0.821514 0.130277 0.83455 0.144309 0.821514 0.150552 0.838228 0.150552 0.838228 0.144309 0.821514 0.1665289 0.827075 0.150552 0.838228 0.1665289 0.827075 0.170827 0.841906 0.186532 0.829043 0.170827 0.841906 0.1665289 0.827075 0.186532 0.829043 0.189544 0.847105 0.170827 0.841906 0.203257 0.832036 0.189544 0.847105 0.186532 0.829043 0.203257 0.832036 0.203989 0.852667 0.189544 0.847105 0.203989 0.852667 0.203257 0.832036 0.215992 0.838605 0.203989 0.852667 0.215992 0.838605 0.21401 0.858339 0.21401 0.858339 0.215992 0.838605 0.234916 0.844969 0.203989 0.852667 0.199537 0.868833 0.189544 0.847105 0.203989 0.852667 0.206787 0.871208 0.199537 0.868833 0.206787 0.871208 0.203989 0.852667 0.21401 0.858339 0.130277 0.83455 0.13366 0.841773 0.126125 0.842714 0.150552 0.838228 0.13366 0.841773 0.130277 0.83455 0.150552 0.838228 0.15302 0.84446 0.13366 0.841773 0.170827 0.841906 0.15302 0.84446 0.150552 0.838228 0.170827 0.841906 0.172379 0.847147 0.15302 0.84446 0.189544 0.847105 0.172379 0.847147 0.170827 0.841906 0.121973 0.850878 0.126125 0.842714 0.13366 0.841773 0.121973 0.850878 0.13366 0.841773 0.1370429 0.848996 0.1370429 0.848996 0.13366 0.841773 0.15302 0.84446 0.1370429 0.848996 0.15302 0.84446 0.155487 0.850692 0.155487 0.850692 0.15302 0.84446 0.172379 0.847147 0.155487 0.850692 0.172379 0.847147 0.173931 0.852387 0.173931 0.852387 0.172379 0.847147 0.189544 0.847105 0.173931 0.852387 0.189544 0.847105 0.188286 0.865851 0.199537 0.868833 0.188286 0.865851 0.189544 0.847105 0.19858 0.895338 0.188286 0.865851 0.199537 0.868833 0.19858 0.895338 0.199537 0.868833 0.206787 0.871208 0.206787 0.871208 0.214551 0.873444 0.19858 0.895338 0.206787 0.871208 0.21401 0.858339 0.214551 0.873444 0.214551 0.873444 0.21401 0.858339 0.232127 0.863027 0.21401 0.858339 0.234916 0.844969 0.232127 0.863027 0.232127 0.863027 0.234916 0.844969 0.254382 0.848579 0.234916 0.844969 0.254769 0.838149 0.254382 0.848579 0.254382 0.848579 0.254769 0.838149 0.271976 0.837964 0.203257 0.832036 0.202608 0.825976 0.2181079 0.83102 0.203257 0.832036 0.2181079 0.83102 0.215992 0.838605 0.215992 0.838605 0.2181079 0.83102 0.236542 0.836022 0.215992 0.838605 0.236542 0.836022 0.234916 0.844969 0.234916 0.844969 0.236542 0.836022 0.254769 0.838149 0.238167 0.827076 0.254769 0.838149 0.236542 0.836022 0.238167 0.827076 0.255156 0.82772 0.254769 0.838149 0.255156 0.82772 0.238167 0.827076 0.238238 0.814849 0.255156 0.82772 0.238238 0.814849 0.255468 0.816814 0.25578 0.805909 0.255468 0.816814 0.238238 0.814849 0.273392 0.811827 0.255468 0.816814 0.25578 0.805909 0.278706 0.790248 0.273392 0.811827 0.25578 0.805909 0.278706 0.790248 0.290069 0.811815 0.273392 0.811827 0.278706 0.790248 0.296316 0.792057 0.290069 0.811815 0.255156 0.82772 0.255468 0.816814 0.272536 0.820278 0.273392 0.811827 0.272536 0.820278 0.255468 0.816814 0.220224 0.823436 0.2181079 0.83102 0.202608 0.825976 0.220224 0.823436 0.236542 0.836022 0.2181079 0.83102 0.220224 0.823436 0.238167 0.827076 0.236542 0.836022 0.220224 0.823436 0.238238 0.814849 0.238167 0.827076 0.273392 0.811827 0.290069 0.811815 0.289243 0.819917 0.273392 0.811827 0.289243 0.819917 0.272536 0.820278 0.27168 0.828729 0.272536 0.820278 0.289243 0.819917 0.255156 0.82772 0.272536 0.820278 0.27168 0.828729 0.27168 0.828729 0.254769 0.838149 0.255156 0.82772 0.27168 0.828729 0.271976 0.837964 0.254769 0.838149 0.288416 0.828019 0.271976 0.837964 0.27168 0.828729 0.27168 0.828729 0.289243 0.819917 0.288416 0.828019 0.288416 0.828019 0.289243 0.819917 0.303308 0.821923 0.290069 0.811815 0.303308 0.821923 0.289243 0.819917 0.290069 0.811815 0.304374 0.813153 0.303308 0.821923 0.296316 0.792057 0.304374 0.813153 0.290069 0.811815 0.296316 0.792057 0.31187 0.796052 0.304374 0.813153 0.304374 0.813153 0.31187 0.796052 0.32056 0.819307 0.33244 0.81117 0.32056 0.819307 0.31187 0.796052 0.33244 0.81117 0.339083 0.833745 0.32056 0.819307 0.369524 0.829525 0.339083 0.833745 0.33244 0.81117 0.339083 0.833745 0.369524 0.829525 0.363087 0.842256 0.388348 0.841244 0.363087 0.842256 0.369524 0.829525 0.376731 0.857185 0.363087 0.842256 0.388348 0.841244 0.376731 0.857185 0.388348 0.841244 0.411333 0.862591 0.411333 0.862591 0.38232 0.875559 0.376731 0.857185 0.411333 0.862591 0.415415 0.87609 0.38232 0.875559 0.288416 0.828019 0.303308 0.821923 0.302243 0.830692 0.32056 0.819307 0.302243 0.830692 0.303308 0.821923 0.32056 0.819307 0.303308 0.821923 0.304374 0.813153 0.302243 0.830692 0.32056 0.819307 0.320195 0.831168 0.339083 0.833745 0.320195 0.831168 0.32056 0.819307 0.339083 0.833745 0.337825 0.843268 0.320195 0.831168 0.339083 0.833745 0.363087 0.842256 0.337825 0.843268 0.337825 0.843268 0.363087 0.842256 0.35665 0.854988 0.376731 0.857185 0.35665 0.854988 0.363087 0.842256 0.38964 0.78417 0.363615 0.766421 0.388954 0.767969 0.415611 0.78286 0.38964 0.78417 0.388954 0.767969 0.433556 0.774782 0.415611 0.78286 0.414589 0.766717 0.415611 0.78286 0.388954 0.767969 0.414589 0.766717 0.414589 0.766717 0.388954 0.767969 0.388669 0.751792 0.363615 0.766421 0.388669 0.751792 0.388954 0.767969 0.363615 0.766421 0.362689 0.750239 0.388669 0.751792 0.363615 0.766421 0.346603 0.755733 0.362689 0.750239 0.339825 0.749057 0.346603 0.755733 0.337037 0.764706 0.346603 0.755733 0.339825 0.749057 0.358213 0.734923 0.346603 0.755733 0.358213 0.734923 0.362689 0.750239 0.362689 0.750239 0.358213 0.734923 0.38893 0.735628 0.362689 0.750239 0.38893 0.735628 0.388669 0.751792 0.415832 0.750591 0.388669 0.751792 0.38893 0.735628 0.414589 0.766717 0.388669 0.751792 0.415832 0.750591 0.432083 0.764857 0.414589 0.766717 0.415832 0.750591 0.433556 0.774782 0.414589 0.766717 0.432083 0.764857 0.446485 0.764501 0.433556 0.774782 0.432083 0.764857 0.446485 0.764501 0.438611 0.783448 0.433556 0.774782 0.438611 0.783448 0.415611 0.78286 0.433556 0.774782 0.438611 0.783448 0.419848 0.797988 0.415611 0.78286 0.390362 0.800146 0.415611 0.78286 0.419848 0.797988 0.390362 0.800146 0.38964 0.78417 0.415611 0.78286 0.390362 0.800146 0.360541 0.782338 0.38964 0.78417 0.38964 0.78417 0.360541 0.782338 0.363615 0.766421 0.360541 0.782338 0.348791 0.765464 0.363615 0.766421 0.360541 0.782338 0.345368 0.774833 0.348791 0.765464 0.363615 0.766421 0.348791 0.765464 0.346603 0.755733 0.348791 0.765464 0.337037 0.764706 0.346603 0.755733 0.348791 0.765464 0.345368 0.774833 0.337037 0.764706 0.345368 0.774833 0.33779 0.780583 0.337037 0.764706 0.354279 0.796985 0.33779 0.780583 0.345368 0.774833 0.354279 0.796985 0.345368 0.774833 0.360541 0.782338 0.390362 0.800146 0.354279 0.796985 0.360541 0.782338 0.432083 0.764857 0.415832 0.750591 0.433723 0.75496 0.446485 0.764501 0.432083 0.764857 0.433723 0.75496 0.446485 0.764501 0.433723 0.75496 0.437685 0.745741 0.433723 0.75496 0.418357 0.735045 0.437685 0.745741 0.433723 0.75496 0.415832 0.750591 0.418357 0.735045 0.415832 0.750591 0.38893 0.735628 0.418357 0.735045 0.585908 0.02780795 0.570089 0.03171998 0.555115 0.020612 0.55427 0.03563195 0.570089 0.03171998 0.570398 0.04006499 0.555115 0.020612 0.570089 0.03171998 0.55427 0.03563195 0.555115 0.020612 0.55427 0.03563195 0.538481 0.03322899 0.555115 0.020612 0.538481 0.03322899 0.539477 0.01679998 0.522691 0.03082495 0.539477 0.01679998 0.538481 0.03322899 0.522691 0.03082495 0.52384 0.01298797 0.539477 0.01679998 0.514103 0.02250599 0.52384 0.01298797 0.522691 0.03082495 0.514103 0.02250599 0.514678 0.01358795 0.52384 0.01298797 0.505515 0.01418799 0.514678 0.01358795 0.514103 0.02250599 0.505515 0.01418799 0.51302 0.002210974 0.514678 0.01358795 0.505515 0.01418799 0.50982 0.002634942 0.51302 0.002210974 0.505515 0.01418799 0.503726 0.01245498 0.50982 0.002634942 0.503726 0.01245498 0.495735 -2.16e-4 0.50982 0.002634942 0.492557 0.01946794 0.495735 -2.16e-4 0.503726 0.01245498 0.492557 0.01946794 0.480946 0.008465945 0.495735 -2.16e-4 0.480425 0.02459394 0.480946 0.008465945 0.492557 0.01946794 0.480425 0.02459394 0.471328 0.01324397 0.480946 0.008465945 0.471328 0.01324397 0.480425 0.02459394 0.475035 0.02794998 0.514678 0.01358795 0.51302 0.002210974 0.52384 0.01298797 0.505515 0.01418799 0.514103 0.02250599 0.507846 0.02616196 0.522691 0.03082495 0.507846 0.02616196 0.514103 0.02250599 0.522691 0.03082495 0.505406 0.03131097 0.507846 0.02616196 0.493001 0.02149897 0.507846 0.02616196 0.505406 0.03131097 0.505515 0.01418799 0.507846 0.02616196 0.493001 0.02149897 0.493001 0.02149897 0.492557 0.01946794 0.505515 0.01418799 0.492557 0.01946794 0.503726 0.01245498 0.505515 0.01418799 0.463156 0.039222 0.469866 0.03245097 0.464169 0.04324096 0.463156 0.039222 0.469646 0.03130596 0.469866 0.03245097 0.469866 0.03245097 0.469646 0.03130596 0.475035 0.02794998 0.469866 0.03245097 0.475035 0.02794998 0.475422 0.02907299 0.480425 0.02459394 0.475422 0.02907299 0.475035 0.02794998 0.480425 0.02459394 0.480978 0.02569597 0.475422 0.02907299 0.480425 0.02459394 0.493001 0.02149897 0.480978 0.02569597 0.480425 0.02459394 0.492557 0.01946794 0.493001 0.02149897 0.471328 0.01324397 0.475035 0.02794998 0.466906 0.01453995 0.469646 0.03130596 0.466906 0.01453995 0.475035 0.02794998 0.469646 0.03130596 0.462484 0.015836 0.466906 0.01453995 0.463156 0.039222 0.462484 0.015836 0.469646 0.03130596 0.463156 0.039222 0.450364 0.01749199 0.462484 0.015836 0.463424 0.06868296 0.472825 0.05654394 0.48148 0.06984698 0.463424 0.06868296 0.464169 0.04324096 0.472825 0.05654394 0.475673 0.05114895 0.472825 0.05654394 0.464169 0.04324096 0.475673 0.05114895 0.464169 0.04324096 0.469866 0.03245097 0.469866 0.03245097 0.485144 0.04785799 0.475673 0.05114895 0.475422 0.02907299 0.485144 0.04785799 0.469866 0.03245097 0.475422 0.02907299 0.49105 0.04320895 0.485144 0.04785799 0.480978 0.02569597 0.49105 0.04320895 0.475422 0.02907299 0.480978 0.02569597 0.496955 0.03855895 0.49105 0.04320895 0.493001 0.02149897 0.496955 0.03855895 0.480978 0.02569597 0.493001 0.02149897 0.502966 0.03646099 0.496955 0.03855895 0.493001 0.02149897 0.505406 0.03131097 0.502966 0.03646099 0.502966 0.03646099 0.505406 0.03131097 0.517811 0.04112398 0.522691 0.03082495 0.517811 0.04112398 0.505406 0.03131097 0.522691 0.03082495 0.53573 0.04260498 0.517811 0.04112398 0.522691 0.03082495 0.538481 0.03322899 0.53573 0.04260498 0.553648 0.04408597 0.53573 0.04260498 0.538481 0.03322899 0.553648 0.04408597 0.538481 0.03322899 0.55427 0.03563195 0.553027 0.05254 0.53573 0.04260498 0.553648 0.04408597 0.553027 0.05254 0.532979 0.05198097 0.53573 0.04260498 0.517811 0.04112398 0.53573 0.04260498 0.532979 0.05198097 0.517811 0.04112398 0.532979 0.05198097 0.512931 0.05142199 0.502966 0.03646099 0.517811 0.04112398 0.512931 0.05142199 0.512931 0.05142199 0.496955 0.03855895 0.502966 0.03646099 0.506677 0.05734395 0.496955 0.03855895 0.512931 0.05142199 0.506677 0.05734395 0.49105 0.04320895 0.496955 0.03855895 0.500423 0.06326597 0.49105 0.04320895 0.506677 0.05734395 0.500423 0.06326597 0.485144 0.04785799 0.49105 0.04320895 0.48148 0.06984698 0.485144 0.04785799 0.500423 0.06326597 0.48148 0.06984698 0.475673 0.05114895 0.485144 0.04785799 0.48148 0.06984698 0.472825 0.05654394 0.475673 0.05114895 0.503954 0.085496 0.500423 0.06326597 0.528486 0.06946295 0.506677 0.05734395 0.528486 0.06946295 0.500423 0.06326597 0.506677 0.05734395 0.530733 0.06072199 0.528486 0.06946295 0.512931 0.05142199 0.530733 0.06072199 0.506677 0.05734395 0.512931 0.05142199 0.532979 0.05198097 0.530733 0.06072199 0.553027 0.05254 0.530733 0.06072199 0.532979 0.05198097 0.553027 0.05254 0.554788 0.06409895 0.530733 0.06072199 0.554788 0.06409895 0.528486 0.06946295 0.530733 0.06072199 0.554788 0.06409895 0.556549 0.07565897 0.528486 0.06946295 0.570398 0.04006499 0.553648 0.04408597 0.55427 0.03563195 0.570398 0.04006499 0.569999 0.04790395 0.553648 0.04408597 0.553027 0.05254 0.553648 0.04408597 0.569999 0.04790395 0.553027 0.05254 0.569999 0.04790395 0.5696 0.05574399 0.5696 0.05574399 0.554788 0.06409895 0.553027 0.05254 0.5696 0.05574399 0.571475 0.06776195 0.554788 0.06409895 0.556549 0.07565897 0.554788 0.06409895 0.571475 0.06776195 0.556549 0.07565897 0.571475 0.06776195 0.573349 0.07977998 0.503954 0.085496 0.521846 0.105512 0.504672 0.104032 0.503954 0.085496 0.525919 0.09022098 0.521846 0.105512 0.503954 0.085496 0.528486 0.06946295 0.525919 0.09022098 0.547884 0.09494596 0.525919 0.09022098 0.528486 0.06946295 0.547884 0.09494596 0.528486 0.06946295 0.556549 0.07565897 0.556549 0.07565897 0.570083 0.09777498 0.547884 0.09494596 0.556549 0.07565897 0.573349 0.07977998 0.570083 0.09777498 0.590149 0.08390098 0.570083 0.09777498 0.573349 0.07977998 0.573349 0.07977998 0.588161 0.071424 0.590149 0.08390098 0.573349 0.07977998 0.571475 0.06776195 0.588161 0.071424 0.586174 0.05894798 0.588161 0.071424 0.571475 0.06776195 0.586174 0.05894798 0.571475 0.06776195 0.5696 0.05574399 0.5696 0.05574399 0.58635 0.051723 0.586174 0.05894798 0.5696 0.05574399 0.569999 0.04790395 0.58635 0.051723 0.586526 0.04449796 0.58635 0.051723 0.569999 0.04790395 0.586526 0.04449796 0.569999 0.04790395 0.570398 0.04006499 0.570398 0.04006499 0.585908 0.02780795 0.586526 0.04449796 0.570398 0.04006499 0.570089 0.03171998 0.585908 0.02780795 0.53902 0.106993 0.521846 0.105512 0.525919 0.09022098 0.53902 0.106993 0.525919 0.09022098 0.547884 0.09494596 0.547884 0.09494596 0.570083 0.09777498 0.53902 0.106993 0.128934 0.01445597 0.08855497 0.01655 0.08908498 0.01366394 0.128934 0.01445597 0.128723 0.01706194 0.08855497 0.01655 0.08836597 0.01898097 0.08855497 0.01655 0.128723 0.01706194 0.08836597 0.01898097 0.128723 0.01706194 0.1287519 0.01903498 0.1287519 0.01903498 0.128723 0.01706194 0.168891 0.01757395 0.168783 0.015248 0.168891 0.01757395 0.128723 0.01706194 0.168783 0.015248 0.128723 0.01706194 0.128934 0.01445597 0.1683149 0.01216495 0.168783 0.015248 0.128934 0.01445597 0.1683149 0.01216495 0.128934 0.01445597 0.129069 0.01160496 0.129069 0.01160496 0.128934 0.01445597 0.08908498 0.01366394 0.129069 0.01160496 0.08908498 0.01366394 0.08982199 0.01104497 0.1287519 0.01903498 0.168891 0.01757395 0.169137 0.01908898 0.444458 0.07395899 0.411218 0.07051897 0.443947 0.07116699 0.444458 0.07395899 0.411268 0.07308 0.411218 0.07051897 0.378489 0.06986999 0.411218 0.07051897 0.411268 0.07308 0.378489 0.06986999 0.411268 0.07308 0.378077 0.07220095 0.411268 0.07308 0.377794 0.07490998 0.378077 0.07220095 0.411268 0.07308 0.411394 0.07594197 0.377794 0.07490998 0.377794 0.07490998 0.411394 0.07594197 0.411202 0.07802999 0.444694 0.07874 0.411202 0.07802999 0.411394 0.07594197 0.444694 0.07874 0.411394 0.07594197 0.444994 0.07697498 0.444994 0.07697498 0.411394 0.07594197 0.411268 0.07308 0.444994 0.07697498 0.411268 0.07308 0.444458 0.07395899 0.377794 0.07490998 0.411202 0.07802999 0.377709 0.07731896 0.934282 0.86212 0.91707 0.882193 0.914198 0.85753 0.934282 0.86212 0.937873 0.88178 0.91707 0.882193 0.937873 0.88178 0.921245 0.909384 0.91707 0.882193 0.937873 0.88178 0.934282 0.86212 0.959267 0.854854 0.915647 0.937703 0.932121 0.95749 0.911558 0.962533 0.915647 0.937703 0.936449 0.938036 0.932121 0.95749 0.936449 0.938036 0.915647 0.937703 0.921245 0.909384 0.936449 0.938036 0.921245 0.909384 0.940724 0.908059 0.937873 0.88178 0.940724 0.908059 0.921245 0.909384 0.940724 0.908059 0.937873 0.88178 0.964866 0.882938 0.937873 0.88178 0.959267 0.854854 0.964866 0.882938 0.959267 0.854854 0.982095 0.848344 0.964866 0.882938 0.979916 0.82798 0.982095 0.848344 0.959267 0.854854 0.982095 0.848344 0.979916 0.82798 0.983987 0.828026 0.982095 0.848344 0.983987 0.828026 0.985555 0.848811 0.984616 0.882789 0.982095 0.848344 0.985555 0.848811 0.984616 0.882789 0.985555 0.848811 0.990216 0.881758 0.984616 0.882789 0.990216 0.881758 0.991077 0.908754 0.984616 0.882789 0.991077 0.908754 0.986037 0.908971 0.989462 0.932426 0.986037 0.908971 0.991077 0.908754 0.989462 0.932426 0.983949 0.931164 0.986037 0.908971 0.983949 0.931164 0.989462 0.932426 0.986358 0.965423 0.958304 0.959181 0.932121 0.95749 0.936449 0.938036 0.982989 0.966187 0.96392 0.93057 0.983949 0.931164 0.983949 0.931164 0.96392 0.93057 0.963661 0.908636 0.983949 0.931164 0.963661 0.908636 0.986037 0.908971 0.984616 0.882789 0.986037 0.908971 0.963661 0.908636 0.982989 0.966187 0.983949 0.931164 0.986358 0.965423 0.982989 0.966187 0.986358 0.965423 0.986473 0.987435 0.982989 0.966187 0.986473 0.987435 0.982317 0.987832 0.982317 0.987832 0.958304 0.959181 0.982989 0.966187 0.958304 0.959181 0.96392 0.93057 0.982989 0.966187 0.958304 0.959181 0.936449 0.938036 0.96392 0.93057 0.96392 0.93057 0.936449 0.938036 0.940724 0.908059 0.96392 0.93057 0.940724 0.908059 0.963661 0.908636 0.940724 0.908059 0.964866 0.882938 0.963661 0.908636 0.984616 0.882789 0.963661 0.908636 0.964866 0.882938 0.984616 0.882789 0.964866 0.882938 0.982095 0.848344 0.268375 0.04865795 0.302726 0.05245 0.302475 0.05477195 0.302772 0.04975497 0.269207 0.04135495 0.3026 0.04736 0.302772 0.04975497 0.268951 0.04368096 0.269207 0.04135495 0.302726 0.05245 0.268951 0.04368096 0.302772 0.04975497 0.302726 0.05245 0.268648 0.04633599 0.268951 0.04368096 0.268375 0.04865795 0.268648 0.04633599 0.302726 0.05245 0.234274 0.04254496 0.268648 0.04633599 0.268375 0.04865795 0.234274 0.04254496 0.23457 0.040223 0.268648 0.04633599 0.268951 0.04368096 0.268648 0.04633599 0.23457 0.040223 0.268951 0.04368096 0.23457 0.040223 0.23513 0.03760695 0.269207 0.04135495 0.268951 0.04368096 0.23513 0.03760695 0.269207 0.04135495 0.23513 0.03760695 0.235814 0.03534996 0.482 0.114312 0.444008 0.08117395 0.44487 0.08036899 0.482 0.114312 0.44487 0.08036899 0.486411 0.116151 0.486411 0.116151 0.44487 0.08036899 0.446662 0.07902199 0.486411 0.116151 0.446662 0.07902199 0.496099 0.122597 0.448499 0.07794696 0.496099 0.122597 0.446662 0.07902199 0.448499 0.07794696 0.508642 0.1320379 0.496099 0.122597 0.963199 0.467499 0.980635 0.480373 0.966939 0.48968 0.963199 0.467499 0.980831 0.461099 0.980635 0.480373 0.980831 0.461099 0.985256 0.470379 0.980635 0.480373 0.980635 0.480373 0.985256 0.470379 0.988092 0.47735 0.988092 0.47735 0.985256 0.470379 0.998062 0.477525 0.980831 0.461099 0.963199 0.467499 0.972129 0.442406 0.980602 0.373221 0.980543 0.363281 0.990642 0.37122 0.976728 0.383713 0.980543 0.363281 0.980602 0.373221 0.980543 0.363281 0.976728 0.383713 0.965824 0.382013 0.965824 0.382013 0.976728 0.383713 0.968247 0.410013 0.965824 0.382013 0.968247 0.410013 0.957837 0.411389 0.957837 0.411389 0.968247 0.410013 0.972129 0.442406 0.957837 0.411389 0.972129 0.442406 0.952442 0.440141 0.952442 0.440141 0.972129 0.442406 0.963199 0.467499 0.952442 0.440141 0.963199 0.467499 0.953141 0.467822 0.953141 0.467822 0.963199 0.467499 0.966939 0.48968 0.953141 0.467822 0.966939 0.48968 0.955054 0.491916 0.955054 0.491916 0.966939 0.48968 0.968567 0.510832 0.955054 0.491916 0.968567 0.510832 0.956781 0.512051 0.955054 0.491916 0.956781 0.512051 0.948012 0.510595 0.955054 0.491916 0.948012 0.510595 0.946435 0.49275 0.946435 0.49275 0.953141 0.467822 0.955054 0.491916 0.946435 0.49275 0.944829 0.466891 0.953141 0.467822 0.944829 0.466891 0.952442 0.440141 0.953141 0.467822 0.944829 0.466891 0.943154 0.438804 0.952442 0.440141 0.952442 0.440141 0.943154 0.438804 0.949639 0.409735 0.952442 0.440141 0.949639 0.409735 0.957837 0.411389 0.957837 0.411389 0.949639 0.409735 0.952029 0.383097 0.957837 0.411389 0.952029 0.383097 0.965824 0.382013 0.952029 0.383097 0.961001 0.356869 0.965824 0.382013 0.980543 0.363281 0.965824 0.382013 0.961001 0.356869 0.952029 0.383097 0.952901 0.357332 0.961001 0.356869 0.372858 0.060175 0.339127 0.05828195 0.372415 0.05780696 0.339333 0.06576997 0.373247 0.06287699 0.373484 0.06523895 0.339333 0.06576997 0.339168 0.06339097 0.373247 0.06287699 0.372858 0.060175 0.373247 0.06287699 0.339168 0.06339097 0.372858 0.060175 0.339168 0.06339097 0.339093 0.06066799 0.372858 0.060175 0.339093 0.06066799 0.339127 0.05828195 0.305838 0.05875599 0.339127 0.05828195 0.339093 0.06066799 0.305838 0.05875599 0.339093 0.06066799 0.305328 0.06115996 0.305328 0.06115996 0.339093 0.06066799 0.339168 0.06339097 0.305328 0.06115996 0.339168 0.06339097 0.305089 0.06390398 0.305183 0.06630098 0.305089 0.06390398 0.339168 0.06339097 0.305183 0.06630098 0.339168 0.06339097 0.339333 0.06576997 0.980746 0.612394 0.987576 0.602266 0.987369 0.612913 0.980746 0.612394 0.980844 0.60163 0.987576 0.602266 0.987655 0.589427 0.987576 0.602266 0.980844 0.60163 0.987655 0.589427 0.980844 0.60163 0.980741 0.589053 0.980741 0.589053 0.98696 0.575661 0.987655 0.589427 0.980741 0.589053 0.980766 0.575807 0.98696 0.575661 0.985777 0.565402 0.98696 0.575661 0.980766 0.575807 0.985777 0.565402 0.980766 0.575807 0.980248 0.564731 0.980248 0.564731 0.9502 0.563972 0.950836 0.529715 0.980248 0.564731 0.950836 0.529715 0.98051 0.52675 0.985777 0.565402 0.980248 0.564731 0.98051 0.52675 0.985777 0.565402 0.98051 0.52675 0.986083 0.526071 0.986083 0.526071 0.995623 0.538805 0.985777 0.565402 0.995623 0.538805 0.995255 0.56551 0.985777 0.565402 0.995255 0.56551 0.98696 0.575661 0.985777 0.565402 0.995255 0.56551 0.995369 0.57641 0.98696 0.575661 0.995369 0.57641 0.987655 0.589427 0.98696 0.575661 0.995369 0.57641 0.995678 0.58986 0.987655 0.589427 0.995678 0.58986 0.987576 0.602266 0.987655 0.589427 0.995678 0.58986 0.99589 0.60264 0.987576 0.602266 0.987369 0.612913 0.987576 0.602266 0.99589 0.60264 0.987369 0.612913 0.99589 0.60264 0.99553 0.613067 0.987369 0.612913 0.99553 0.613067 0.995042 0.634621 0.98658 0.644855 0.987369 0.612913 0.995042 0.634621 0.980012 0.644452 0.987369 0.612913 0.98658 0.644855 0.980012 0.644452 0.980746 0.612394 0.987369 0.612913 0.98051 0.52675 0.950836 0.529715 0.971388 0.52072 0.950836 0.529715 0.957591 0.521631 0.971388 0.52072 0.980248 0.564731 0.978757 0.573124 0.9502 0.563972 0.978757 0.573124 0.966679 0.578215 0.9502 0.563972 0.966679 0.578215 0.954783 0.573836 0.9502 0.563972 0.313765 0.62053 0.313916 0.656011 0.302555 0.654087 0.313765 0.62053 0.302555 0.654087 0.301085 0.621163 0.313765 0.62053 0.301085 0.621163 0.301081 0.618503 0.313765 0.62053 0.301081 0.618503 0.314028 0.617947 0.324051 0.617389 0.313765 0.62053 0.314028 0.617947 0.324051 0.617389 0.325078 0.62385 0.313765 0.62053 0.387938 0.61735 0.39836 0.61797 0.398721 0.62056 0.387938 0.61735 0.398721 0.62056 0.386539 0.621906 0.386539 0.621906 0.398721 0.62056 0.396845 0.653485 0.386539 0.621906 0.396845 0.653485 0.385782 0.651173 0.385782 0.651173 0.375343 0.629665 0.386539 0.621906 0.385782 0.651173 0.374872 0.650307 0.375343 0.629665 0.374872 0.650307 0.364822 0.634354 0.375343 0.629665 0.374872 0.650307 0.366129 0.649967 0.364822 0.634354 0.366129 0.649967 0.35467 0.636389 0.364822 0.634354 0.366129 0.649967 0.354557 0.651613 0.35467 0.636389 0.354557 0.651613 0.344515 0.63566 0.35467 0.636389 0.354557 0.651613 0.344559 0.654009 0.344515 0.63566 0.344515 0.63566 0.344559 0.654009 0.336059 0.655394 0.344515 0.63566 0.336059 0.655394 0.335968 0.631483 0.325146 0.657006 0.335968 0.631483 0.336059 0.655394 0.325146 0.657006 0.325078 0.62385 0.335968 0.631483 0.325078 0.62385 0.325146 0.657006 0.313916 0.656011 0.325078 0.62385 0.313916 0.656011 0.313765 0.62053 0.15307 0.726251 0.1733289 0.737669 0.193587 0.749086 0.15307 0.726251 0.193587 0.749086 0.148178 0.7755 0.193587 0.749086 0.184316 0.779134 0.148178 0.7755 0.193587 0.749086 0.201214 0.759561 0.184316 0.779134 0.193587 0.749086 0.197401 0.754323 0.201214 0.759561 0.63773 0.12817 0.634418 0.114943 0.643491 0.111886 0.588789 0.133272 0.634418 0.114943 0.63773 0.12817 0.588789 0.133272 0.580777 0.120833 0.634418 0.114943 0.580777 0.120833 0.588789 0.133272 0.544182 0.130804 0.580777 0.120833 0.544182 0.130804 0.534735 0.118329 0.544182 0.130804 0.588789 0.133272 0.549832 0.145425 0.588789 0.133272 0.555481 0.160045 0.549832 0.145425 0.596893 0.16044 0.555481 0.160045 0.588789 0.133272 0.555481 0.160045 0.596893 0.16044 0.598946 0.185571 0.555481 0.160045 0.598946 0.185571 0.55749 0.184789 0.63773 0.12817 0.635215 0.151098 0.588789 0.133272 0.596893 0.16044 0.588789 0.133272 0.635215 0.151098 0.596893 0.16044 0.635215 0.151098 0.632974 0.1746219 0.598946 0.185571 0.596893 0.16044 0.632974 0.1746219 0.598946 0.185571 0.632974 0.1746219 0.603025 0.211447 0.603025 0.211447 0.55749 0.184789 0.598946 0.185571 0.603025 0.211447 0.54879 0.21128 0.55749 0.184789 0.54879 0.21128 0.603025 0.211447 0.55094 0.228887 0.603025 0.211447 0.60537 0.227369 0.55094 0.228887 0.632147 0.209973 0.60537 0.227369 0.603025 0.211447 0.632147 0.209973 0.643532 0.225274 0.60537 0.227369 0.632147 0.209973 0.603025 0.211447 0.632974 0.1746219 0.635215 0.151098 0.63773 0.12817 0.643145 0.129014 0.635215 0.151098 0.643145 0.129014 0.648257 0.153791 0.635215 0.151098 0.648257 0.153791 0.632974 0.1746219 0.632974 0.1746219 0.648257 0.153791 0.647167 0.17854 0.647167 0.17854 0.632147 0.209973 0.632974 0.1746219 0.647167 0.17854 0.645833 0.2065269 0.632147 0.209973 0.645833 0.2065269 0.643532 0.225274 0.632147 0.209973 0.645833 0.2065269 0.654912 0.22332 0.643532 0.225274 0.645833 0.2065269 0.673576 0.212942 0.654912 0.22332 0.645833 0.2065269 0.658256 0.182027 0.673576 0.212942 0.645833 0.2065269 0.647167 0.17854 0.658256 0.182027 0.661706 0.1535429 0.658256 0.182027 0.647167 0.17854 0.661706 0.1535429 0.647167 0.17854 0.648257 0.153791 0.643145 0.129014 0.661706 0.1535429 0.648257 0.153791 0.643145 0.129014 0.661315 0.1274009 0.661706 0.1535429 0.656403 0.114801 0.661315 0.1274009 0.643145 0.129014 0.656403 0.114801 0.643145 0.129014 0.643491 0.111886 0.63773 0.12817 0.643491 0.111886 0.643145 0.129014 0.147397 0.02152097 0.171371 0.575907 0.114464 0.59258 0.147397 0.02152097 0.271386 0.05510795 0.171371 0.575907 0.171371 0.575907 0.271386 0.05510795 0.1841109 0.586559 0.271386 0.05510795 0.230038 0.576269 0.1841109 0.586559 0.271386 0.05510795 0.40449 0.07852995 0.230038 0.576269 0.271386 0.05510795 0.400783 0.071653 0.40449 0.07852995 0.2379519 0.644874 0.009404957 0.008221983 0.24612 0.670132 0.2379519 0.644874 0.206947 0.04337596 0.009404957 0.008221983 0.230038 0.576269 0.206947 0.04337596 0.2379519 0.644874 0.230038 0.576269 0.40449 0.07852995 0.206947 0.04337596 0.964069 0.201317 0.961856 0.2038609 0.950906 0.21523 0.964069 0.201317 0.950906 0.21523 0.938233 0.190607 0.938233 0.190607 0.966623 0.182323 0.964069 0.201317 0.938233 0.190607 0.954148 0.166499 0.966623 0.182323 0.954148 0.166499 0.938233 0.190607 0.934539 0.162313 0.934539 0.162313 0.938233 0.190607 0.917584 0.172192 0.934539 0.162313 0.917584 0.172192 0.917687 0.1711879 0.917584 0.172192 0.746553 0.140971 0.917687 0.1711879 0.917687 0.1711879 0.746553 0.140971 0.575521 0.109751 0.40449 0.07852995 0.917687 0.1711879 0.575521 0.109751 0.917584 0.172192 0.910293 0.189918 0.913939 0.181055 0.917584 0.172192 0.938233 0.190607 0.910293 0.189918 0.916132 0.208055 0.914323 0.203526 0.912514 0.198997 0.916132 0.208055 0.912514 0.198997 0.910293 0.189918 0.916132 0.208055 0.910293 0.189918 0.938233 0.190607 0.916132 0.208055 0.938233 0.190607 0.932235 0.218043 0.950906 0.21523 0.932235 0.218043 0.938233 0.190607 0.950906 0.21523 0.936907 0.217344 0.932235 0.218043 0.950906 0.21523 0.941578 0.216646 0.936907 0.217344 0.950906 0.21523 0.946242 0.215938 0.941578 0.216646 0.916132 0.208055 0.924161 0.21303 0.920146 0.210542 0.916132 0.208055 0.928198 0.2155359 0.924161 0.21303 0.916132 0.208055 0.932235 0.218043 0.928198 0.2155359 0.109378 0.763055 0.12129 0.758571 0.133201 0.754087 0.109378 0.763055 0.133201 0.754087 0.145294 0.771392 0.133201 0.754087 0.152315 0.729373 0.145294 0.771392 0.133201 0.754087 0.142758 0.74173 0.152315 0.729373 0.08891898 0.01008999 0.01034396 0.711494 0.009404957 0.008221983 0.01034396 0.711494 0.08891898 0.01008999 0.1292 0.01107197 0.01034396 0.711494 0.1292 0.01107197 0.05722296 0.731124 0.169481 0.01205497 0.05722296 0.731124 0.1292 0.01107197 0.169481 0.01205497 0.104101 0.750753 0.05722296 0.731124 0.169481 0.01205497 0.1182219 0.74881 0.104101 0.750753 0.169481 0.01205497 0.2015359 0.02673798 0.1182219 0.74881 0.233591 0.04142194 0.1182219 0.74881 0.2015359 0.02673798 0.233591 0.04142194 0.132344 0.746867 0.1182219 0.74881 0.233591 0.04142194 0.145494 0.735776 0.132344 0.746867 0.233591 0.04142194 0.26966 0.04725897 0.145494 0.735776 0.158644 0.724685 0.145494 0.735776 0.26966 0.04725897 0.158644 0.724685 0.26966 0.04725897 0.305729 0.05309599 0.341738 0.06322598 0.158644 0.724685 0.305729 0.05309599 0.341738 0.06322598 0.1754249 0.736925 0.158644 0.724685 0.377746 0.07335495 0.1754249 0.736925 0.341738 0.06322598 0.377746 0.07335495 0.192207 0.749165 0.1754249 0.736925 0.192207 0.749165 0.377746 0.07335495 0.411371 0.076716 0.192207 0.749165 0.411371 0.076716 0.19671 0.754363 0.201214 0.759561 0.19671 0.754363 0.411371 0.076716 0.201214 0.759561 0.411371 0.076716 0.444997 0.08007597 0.444997 0.08007597 0.235778 0.751788 0.201214 0.759561 0.444997 0.08007597 0.488709 0.105963 0.235778 0.751788 0.235778 0.751788 0.488709 0.105963 0.03504699 0.620594 0.03504699 0.620594 0.488709 0.105963 0.509364 0.113334 0.519692 0.11702 0.03504699 0.620594 0.509364 0.113334 0.01719695 0.01136398 0.03504699 0.620594 0.519692 0.11702 0.08149999 0.612634 0.03504699 0.620594 0.01719695 0.01136398 0.08149999 0.612634 0.01719695 0.01136398 0.14509 0.01072394 0.14509 0.01072394 0.137198 0.590598 0.08149999 0.612634 0.14509 0.01072394 0.269964 0.04958397 0.137198 0.590598 0.499037 0.109649 0.509364 0.113334 0.488709 0.105963 0.03090494 0.971666 0.03303694 0.966881 0.025949 0.964167 0.039065 0.97474 0.03303694 0.966881 0.03090494 0.971666 0.039065 0.97474 0.04090797 0.969982 0.03303694 0.966881 0.04727995 0.977593 0.04090797 0.969982 0.039065 0.97474 0.04727995 0.977593 0.04880499 0.972633 0.04090797 0.969982 0.05749595 0.975016 0.04880499 0.972633 0.04727995 0.977593 0.05749595 0.975016 0.04727995 0.977593 0.05752396 0.980494 0.06257295 0.976042 0.05749595 0.975016 0.05752396 0.980494 0.023175 0.968567 0.02245199 0.962114 0.01910495 0.964559 0.023175 0.968567 0.025949 0.964167 0.02245199 0.962114 0.03090494 0.971666 0.025949 0.964167 0.023175 0.968567 0.023175 0.968567 0.02769094 0.978044 0.03090494 0.971666 0.039065 0.97474 0.03090494 0.971666 0.02769094 0.978044 0.039065 0.97474 0.02769094 0.978044 0.03716194 0.981908 0.04727995 0.977593 0.039065 0.97474 0.03716194 0.981908 0.04727995 0.977593 0.03716194 0.981908 0.04608094 0.984769 0.05752396 0.980494 0.04727995 0.977593 0.04608094 0.984769 0.05752396 0.980494 0.04608094 0.984769 0.05785495 0.987811 0.06296795 0.980621 0.05752396 0.980494 0.05785495 0.987811 0.06257295 0.976042 0.05752396 0.980494 0.06296795 0.980621 0.06766897 0.978688 0.06257295 0.976042 0.06296795 0.980621 0.06766897 0.978688 0.06546097 0.975089 0.06257295 0.976042 0.06708395 0.973678 0.06546097 0.975089 0.06766897 0.978688 0.06708395 0.973678 0.06766897 0.978688 0.06998598 0.976169 0.06812298 0.971972 0.06708395 0.973678 0.06998598 0.976169 0.06812298 0.971972 0.06998598 0.976169 0.071101 0.973492 0.07710796 0.97467 0.06998598 0.976169 0.07532596 0.979168 0.06766897 0.978688 0.07532596 0.979168 0.06998598 0.976169 0.06766897 0.978688 0.07211595 0.983844 0.07532596 0.979168 0.06766897 0.978688 0.06569296 0.987047 0.07211595 0.983844 0.06766897 0.978688 0.06296795 0.980621 0.06569296 0.987047 0.06296795 0.980621 0.05785495 0.987811 0.06569296 0.987047 0.07710796 0.97467 0.071101 0.973492 0.06998598 0.976169 0.071101 0.973492 0.07710796 0.97467 0.07467299 0.968852 0.07715696 0.969759 0.07467299 0.968852 0.07710796 0.97467 0.07715696 0.969759 0.07723295 0.965705 0.07467299 0.968852 0.07715696 0.969759 0.07958298 0.966434 0.07723295 0.965705 0.023175 0.968567 0.01870399 0.97401 0.02769094 0.978044 0.01910495 0.964559 0.01870399 0.97401 0.023175 0.968567 0.01910495 0.964559 0.01163494 0.965618 0.01870399 0.97401 0.01732599 0.960811 0.01163494 0.965618 0.01910495 0.964559 0.01732599 0.960811 0.01001095 0.960963 0.01163494 0.965618 0.01732599 0.960811 0.01492798 0.954004 0.01001095 0.960963 0.04122895 0.941856 0.04947197 0.945395 0.04664897 0.935984 0.04122895 0.941856 0.04664897 0.935984 0.04017698 0.938897 0.03708398 0.940393 0.04122895 0.941856 0.04017698 0.938897 0.03708398 0.940393 0.03825199 0.943329 0.04122895 0.941856 0.03414899 0.94193 0.03825199 0.943329 0.03708398 0.940393 0.03414899 0.94193 0.03521096 0.944938 0.03825199 0.943329 0.03160297 0.942897 0.03521096 0.944938 0.03414899 0.94193 0.03160297 0.942897 0.03255897 0.945961 0.03521096 0.944938 0.03160297 0.942897 0.02922499 0.943891 0.03255897 0.945961 0.02531296 0.950436 0.03255897 0.945961 0.02922499 0.943891 0.02531296 0.950436 0.02922499 0.943891 0.02143597 0.947795 0.02143597 0.947795 0.01492798 0.954004 0.02531296 0.950436 0.01492798 0.954004 0.02032399 0.954386 0.02531296 0.950436 0.01732599 0.960811 0.02032399 0.954386 0.01492798 0.954004 0.01732599 0.960811 0.023799 0.956774 0.02032399 0.954386 0.01732599 0.960811 0.02156895 0.961424 0.023799 0.956774 0.01910495 0.964559 0.02156895 0.961424 0.01732599 0.960811 0.01910495 0.964559 0.02245199 0.962114 0.02156895 0.961424 0.08730798 0.01100695 0.04450899 0.00900799 0.08674597 0.009320974 0.08730798 0.01100695 0.04448294 0.01057595 0.04450899 0.00900799 0.08780997 0.01287597 0.04448294 0.01057595 0.08730798 0.01100695 0.08780997 0.01287597 0.04455 0.01236295 0.04448294 0.01057595 0.08777296 0.01393395 0.04455 0.01236295 0.08780997 0.01287597 0.08777296 0.01393395 0.04451596 0.013659 0.04455 0.01236295 0.001258969 0.01338398 0.04455 0.01236295 0.04451596 0.013659 0.001258969 0.01338398 0.00128895 0.01184999 0.04455 0.01236295 0.04448294 0.01057595 0.04455 0.01236295 0.00128895 0.01184999 0.04448294 0.01057595 0.00128895 0.01184999 0.001657962 0.01014494 0.04450899 0.00900799 0.04448294 0.01057595 0.001657962 0.01014494 0.04450899 0.00900799 0.001657962 0.01014494 0.00227195 0.008694946 0.593778 0.937394 0.576143 0.941994 0.576756 0.933121 0.593778 0.937394 0.608479 0.947372 0.576143 0.941994 0.609766 0.989211 0.576143 0.941994 0.636175 0.970368 0.582223 0.992616 0.576143 0.941994 0.609766 0.989211 0.582223 0.992616 0.53152 0.970722 0.576143 0.941994 0.582223 0.992616 0.551527 0.992449 0.53152 0.970722 0.576756 0.933121 0.576143 0.941994 0.565014 0.943252 0.576143 0.941994 0.553886 0.94451 0.565014 0.943252 0.576143 0.941994 0.53152 0.970722 0.553886 0.94451 0.553886 0.94451 0.53152 0.970722 0.520304 0.961698 0.553886 0.94451 0.520304 0.961698 0.549702 0.935928 0.549702 0.935928 0.520304 0.961698 0.514516 0.95278 0.553886 0.94451 0.563229 0.934525 0.565014 0.943252 0.553886 0.94451 0.549702 0.935928 0.563229 0.934525 0.579154 0.904684 0.559685 0.898597 0.579701 0.89637 0.579154 0.904684 0.560727 0.906665 0.559685 0.898597 0.579154 0.904684 0.561248 0.910699 0.560727 0.906665 0.5423 0.908646 0.560727 0.906665 0.561248 0.910699 0.5423 0.908646 0.561248 0.910699 0.543616 0.912558 0.544932 0.916469 0.543616 0.912558 0.561248 0.910699 0.544932 0.916469 0.561248 0.910699 0.561769 0.914734 0.547729 0.929182 0.544932 0.916469 0.561769 0.914734 0.547729 0.929182 0.561769 0.914734 0.562603 0.927572 0.577477 0.925962 0.562603 0.927572 0.561769 0.914734 0.576756 0.933121 0.562603 0.927572 0.577477 0.925962 0.576756 0.933121 0.577477 0.925962 0.595296 0.930489 0.576756 0.933121 0.595296 0.930489 0.593778 0.937394 0.6108 0.941667 0.593778 0.937394 0.595296 0.930489 0.593778 0.937394 0.6108 0.941667 0.608479 0.947372 0.644014 0.964357 0.608479 0.947372 0.6108 0.941667 0.644014 0.964357 0.636175 0.970368 0.608479 0.947372 0.608479 0.947372 0.636175 0.970368 0.576143 0.941994 0.539669 0.900824 0.559685 0.898597 0.560727 0.906665 0.539669 0.900824 0.560727 0.906665 0.5423 0.908646 0.6108 0.941667 0.595296 0.930489 0.613115 0.935017 0.648002 0.955024 0.6108 0.941667 0.613115 0.935017 0.648002 0.955024 0.644014 0.964357 0.6108 0.941667 0.578607 0.912998 0.595296 0.930489 0.577477 0.925962 0.578607 0.912998 0.597319 0.918618 0.595296 0.930489 0.613115 0.935017 0.595296 0.930489 0.597319 0.918618 0.613115 0.935017 0.597319 0.918618 0.61603 0.924238 0.648002 0.955024 0.613115 0.935017 0.61603 0.924238 0.648002 0.955024 0.61603 0.924238 0.660428 0.946115 0.61603 0.924238 0.662375 0.943795 0.660428 0.946115 0.577477 0.925962 0.561769 0.914734 0.578607 0.912998 0.561769 0.914734 0.578881 0.908841 0.578607 0.912998 0.578881 0.908841 0.597319 0.918618 0.578607 0.912998 0.578881 0.908841 0.598316 0.914721 0.597319 0.918618 0.61603 0.924238 0.597319 0.918618 0.598316 0.914721 0.61603 0.924238 0.598316 0.914721 0.617751 0.920601 0.61603 0.924238 0.617751 0.920601 0.662375 0.943795 0.619472 0.916964 0.662375 0.943795 0.617751 0.920601 0.619472 0.916964 0.664322 0.941475 0.662375 0.943795 0.664322 0.941475 0.619472 0.916964 0.622914 0.909689 0.664322 0.941475 0.622914 0.909689 0.668216 0.936835 0.668216 0.936835 0.622914 0.909689 0.667301 0.927859 0.629516 0.898867 0.667301 0.927859 0.622914 0.909689 0.629516 0.898867 0.622914 0.909689 0.601308 0.90303 0.629516 0.898867 0.601308 0.90303 0.605675 0.891888 0.581834 0.884909 0.605675 0.891888 0.601308 0.90303 0.581834 0.884909 0.601308 0.90303 0.579701 0.89637 0.579701 0.89637 0.558897 0.885911 0.581834 0.884909 0.579154 0.904684 0.579701 0.89637 0.601308 0.90303 0.579154 0.904684 0.601308 0.90303 0.599313 0.910824 0.622914 0.909689 0.599313 0.910824 0.601308 0.90303 0.622914 0.909689 0.619472 0.916964 0.599313 0.910824 0.619472 0.916964 0.598316 0.914721 0.599313 0.910824 0.619472 0.916964 0.617751 0.920601 0.598316 0.914721 0.599313 0.910824 0.598316 0.914721 0.578881 0.908841 0.599313 0.910824 0.578881 0.908841 0.579154 0.904684 0.579154 0.904684 0.578881 0.908841 0.561248 0.910699 0.561769 0.914734 0.561248 0.910699 0.578881 0.908841 0.579701 0.89637 0.559685 0.898597 0.558897 0.885911 0.535961 0.886912 0.558897 0.885911 0.559685 0.898597 0.535961 0.886912 0.559685 0.898597 0.539669 0.900824 0.503422 0.904954 0.535961 0.886912 0.539669 0.900824 0.492542 0.929811 0.503422 0.904954 0.539669 0.900824 0.5423 0.908646 0.492542 0.929811 0.539669 0.900824 0.5423 0.908646 0.498914 0.935928 0.492542 0.929811 0.498914 0.935928 0.5423 0.908646 0.543616 0.912558 0.498914 0.935928 0.543616 0.912558 0.5021 0.938987 0.544932 0.916469 0.5021 0.938987 0.543616 0.912558 0.544932 0.916469 0.505286 0.942046 0.5021 0.938987 0.544932 0.916469 0.514516 0.95278 0.505286 0.942046 0.544932 0.916469 0.547729 0.929182 0.514516 0.95278 0.549702 0.935928 0.514516 0.95278 0.547729 0.929182 0.549702 0.935928 0.547729 0.929182 0.562603 0.927572 0.549702 0.935928 0.562603 0.927572 0.563229 0.934525 0.576756 0.933121 0.563229 0.934525 0.562603 0.927572 0.576756 0.933121 0.565014 0.943252 0.563229 0.934525 0.157642 0.743219 0.1482419 0.751813 0.152995 0.73953 0.1566759 0.739405 0.157642 0.743219 0.152995 0.73953 0.1566759 0.739405 0.164133 0.741447 0.157642 0.743219 0.157642 0.743219 0.164133 0.741447 0.164055 0.76534 0.164133 0.741447 0.166654 0.744492 0.164055 0.76534 0.166654 0.744492 0.173009 0.746919 0.164055 0.76534 0.1566759 0.739405 0.162711 0.737436 0.164133 0.741447 0.166654 0.744492 0.164133 0.741447 0.162711 0.737436 0.163325 0.733147 0.166654 0.744492 0.162711 0.737436 0.163325 0.733147 0.172993 0.743795 0.166654 0.744492 0.173009 0.746919 0.166654 0.744492 0.172993 0.743795 0.177302 0.747688 0.173009 0.746919 0.172993 0.743795 0.173009 0.746919 0.177302 0.747688 0.164055 0.76534 0.181607 0.758623 0.164055 0.76534 0.177302 0.747688 0.181607 0.758623 0.177574 0.765334 0.164055 0.76534 0.164055 0.76534 0.177574 0.765334 0.164703 0.767167 0.177574 0.765334 0.171878 0.768738 0.164703 0.767167 0.170168 0.771229 0.164703 0.767167 0.171878 0.768738 0.170168 0.771229 0.163002 0.769961 0.164703 0.767167 0.164703 0.767167 0.163002 0.769961 0.159445 0.769978 0.164055 0.76534 0.164703 0.767167 0.159445 0.769978 0.151787 0.764577 0.164055 0.76534 0.159445 0.769978 0.164055 0.76534 0.151787 0.764577 0.1482419 0.751813 0.164055 0.76534 0.1482419 0.751813 0.157642 0.743219 0.162711 0.737436 0.1566759 0.739405 0.163325 0.733147 0.181607 0.758623 0.177302 0.747688 0.179455 0.753155 0.531113 0.37174 0.589812 0.453909 0.506874 0.434987 0.531113 0.37174 0.604052 0.376242 0.589812 0.453909 0.531113 0.37174 0.563326 0.32844 0.604052 0.376242 0.604052 0.376242 0.563326 0.32844 0.604399 0.309869 0.604399 0.309869 0.755587 0.333763 0.604052 0.376242 0.649908 0.41348 0.604052 0.376242 0.755587 0.333763 0.649908 0.41348 0.589812 0.453909 0.604052 0.376242 0.649908 0.41348 0.619642 0.464589 0.589812 0.453909 0.466193 0.355969 0.506874 0.434987 0.431525 0.426149 0.466193 0.355969 0.531113 0.37174 0.506874 0.434987 0.517591 0.303854 0.531113 0.37174 0.466193 0.355969 0.517591 0.303854 0.563326 0.32844 0.531113 0.37174 0.607881 0.272309 0.563326 0.32844 0.517591 0.303854 0.607881 0.272309 0.604399 0.309869 0.563326 0.32844 0.742652 0.290675 0.604399 0.309869 0.607881 0.272309 0.604399 0.309869 0.742652 0.290675 0.755587 0.333763 0.861945 0.272903 0.755587 0.333763 0.742652 0.290675 0.742652 0.290675 0.836323 0.2360939 0.861945 0.272903 0.596024 0.23565 0.729805 0.247915 0.607881 0.272309 0.742652 0.290675 0.607881 0.272309 0.729805 0.247915 0.81219 0.214439 0.742652 0.290675 0.729805 0.247915 0.81219 0.214439 0.836323 0.2360939 0.742652 0.290675 0.867934 0.177646 0.836323 0.2360939 0.81219 0.214439 0.867934 0.177646 0.905199 0.208689 0.836323 0.2360939 0.836323 0.2360939 0.905199 0.208689 0.932266 0.226171 0.861945 0.272903 0.836323 0.2360939 0.932266 0.226171 0.861945 0.272903 0.932266 0.226171 0.877343 0.307655 0.861945 0.272903 0.877343 0.307655 0.755587 0.333763 0.759361 0.383638 0.755587 0.333763 0.877343 0.307655 0.649908 0.41348 0.755587 0.333763 0.759361 0.383638 0.759361 0.383638 0.674772 0.474062 0.649908 0.41348 0.619642 0.464589 0.649908 0.41348 0.674772 0.474062 0.674772 0.474062 0.659936 0.506463 0.619642 0.464589 0.711612 0.509388 0.659936 0.506463 0.674772 0.474062 0.701759 0.537791 0.659936 0.506463 0.711612 0.509388 0.701759 0.537791 0.711612 0.509388 0.748119 0.516658 0.711612 0.509388 0.674772 0.474062 0.730842 0.478489 0.596024 0.23565 0.728848 0.209186 0.729805 0.247915 0.728848 0.209186 0.81219 0.214439 0.729805 0.247915 0.728848 0.209186 0.794074 0.186137 0.81219 0.214439 0.847396 0.162641 0.81219 0.214439 0.794074 0.186137 0.847396 0.162641 0.867934 0.177646 0.81219 0.214439 0.748119 0.516658 0.711612 0.509388 0.7701 0.481953 0.711612 0.509388 0.730842 0.478489 0.7701 0.481953 0.730842 0.478489 0.808289 0.426089 0.7701 0.481953 0.808289 0.426089 0.730842 0.478489 0.674772 0.474062 0.759361 0.383638 0.808289 0.426089 0.674772 0.474062 0.759361 0.383638 0.898287 0.352654 0.808289 0.426089 0.759361 0.383638 0.877343 0.307655 0.898287 0.352654 0.877343 0.307655 0.919525 0.307827 0.898287 0.352654 0.877343 0.307655 0.932266 0.226171 0.919525 0.307827 0.958767 0.243698 0.919525 0.307827 0.932266 0.226171 0.969432 0.232652 0.958767 0.243698 0.932266 0.226171 0.981255 0.261958 0.958767 0.243698 0.969432 0.232652 0.981255 0.261958 0.95537 0.321023 0.958767 0.243698 0.95537 0.321023 0.981255 0.261958 0.99165 0.269641 0.95537 0.321023 0.99165 0.269641 0.971653 0.325416 0.971653 0.325416 0.937293 0.365239 0.95537 0.321023 0.971653 0.325416 0.947739 0.383654 0.937293 0.365239 0.937293 0.365239 0.947739 0.383654 0.933149 0.397511 0.937293 0.365239 0.933149 0.397511 0.898287 0.352654 0.937293 0.365239 0.898287 0.352654 0.919525 0.307827 0.937293 0.365239 0.919525 0.307827 0.95537 0.321023 0.958767 0.243698 0.95537 0.321023 0.919525 0.307827 0.991938 0.262463 0.99165 0.269641 0.981255 0.261958 0.882707 0.534057 0.87989 0.507461 0.885507 0.505489 0.871599 0.467076 0.885507 0.505489 0.87989 0.507461 0.89674 0.501544 0.885507 0.505489 0.871599 0.467076 0.89674 0.501544 0.871599 0.467076 0.889117 0.465825 0.942979 0.489595 0.89674 0.501544 0.889117 0.465825 0.942979 0.489595 0.889117 0.465825 0.932271 0.447815 0.932271 0.447815 0.889117 0.465825 0.868506 0.439167 0.932271 0.447815 0.868506 0.439167 0.933149 0.397511 0.856203 0.416202 0.933149 0.397511 0.868506 0.439167 0.856203 0.416202 0.898287 0.352654 0.933149 0.397511 0.898287 0.352654 0.856203 0.416202 0.823621 0.433876 0.808289 0.426089 0.898287 0.352654 0.823621 0.433876 0.804695 0.487119 0.808289 0.426089 0.823621 0.433876 0.804695 0.487119 0.7701 0.481953 0.808289 0.426089 0.785626 0.521364 0.7701 0.481953 0.804695 0.487119 0.785626 0.521364 0.748119 0.516658 0.7701 0.481953 0.785626 0.521364 0.748463 0.550033 0.748119 0.516658 0.701759 0.537791 0.748119 0.516658 0.748463 0.550033 0.856203 0.416202 0.868506 0.439167 0.823621 0.433876 0.801466 0.682472 0.81811 0.629532 0.830273 0.641156 0.856623 0.604542 0.830273 0.641156 0.81811 0.629532 0.856623 0.604542 0.81811 0.629532 0.844051 0.594839 0.856623 0.604542 0.844051 0.594839 0.87071 0.567695 0.856623 0.604542 0.87071 0.567695 0.878836 0.569807 0.878836 0.569807 0.87071 0.567695 0.882707 0.534057 0.878836 0.569807 0.882707 0.534057 0.891661 0.533194 0.891661 0.533194 0.882707 0.534057 0.885507 0.505489 0.891661 0.533194 0.885507 0.505489 0.89674 0.501544 0.927917 0.525956 0.891661 0.533194 0.89674 0.501544 0.934689 0.511256 0.927917 0.525956 0.89674 0.501544 0.938029 0.502532 0.934689 0.511256 0.89674 0.501544 0.942979 0.489595 0.938029 0.502532 0.89674 0.501544 0.844983 0.71369 0.830273 0.641156 0.882416 0.675775 0.882416 0.675775 0.830273 0.641156 0.856623 0.604542 0.882416 0.675775 0.856623 0.604542 0.915428 0.629903 0.878836 0.569807 0.915428 0.629903 0.856623 0.604542 0.878836 0.569807 0.917825 0.617316 0.915428 0.629903 0.917825 0.617316 0.878836 0.569807 0.920465 0.598626 0.878836 0.569807 0.921519 0.576851 0.920465 0.598626 0.891661 0.533194 0.921519 0.576851 0.878836 0.569807 0.891661 0.533194 0.923077 0.557524 0.921519 0.576851 0.927917 0.525956 0.923077 0.557524 0.891661 0.533194 0.582908 0.510531 0.615239 0.513324 0.609378 0.563209 0.609378 0.563209 0.615239 0.513324 0.645386 0.54642 0.666434 0.652037 0.609378 0.563209 0.645386 0.54642 0.645386 0.54642 0.720451 0.630972 0.666434 0.652037 0.720451 0.630972 0.716197 0.696922 0.666434 0.652037 0.720451 0.630972 0.771725 0.662178 0.716197 0.696922 0.771725 0.662178 0.762504 0.725991 0.716197 0.696922 0.771725 0.662178 0.77916 0.667251 0.762504 0.725991 0.786595 0.672325 0.762504 0.725991 0.77916 0.667251 0.786595 0.672325 0.77916 0.667251 0.812029 0.62372 0.786595 0.672325 0.812029 0.62372 0.81811 0.629532 0.81811 0.629532 0.812029 0.62372 0.837766 0.589988 0.81811 0.629532 0.837766 0.589988 0.844051 0.594839 0.844051 0.594839 0.837766 0.589988 0.866648 0.56664 0.844051 0.594839 0.866648 0.56664 0.87071 0.567695 0.87071 0.567695 0.866648 0.56664 0.878229 0.534488 0.87071 0.567695 0.878229 0.534488 0.882707 0.534057 0.882707 0.534057 0.878229 0.534488 0.87989 0.507461 0.801466 0.682472 0.786595 0.672325 0.81811 0.629532 0.801466 0.682472 0.762504 0.725991 0.786595 0.672325 0.801466 0.682472 0.792629 0.73903 0.762504 0.725991 0.805948 0.617908 0.837766 0.589988 0.812029 0.62372 0.805948 0.617908 0.812029 0.62372 0.77916 0.667251 0.805948 0.617908 0.77916 0.667251 0.771725 0.662178 0.771725 0.662178 0.768744 0.606397 0.805948 0.617908 0.720451 0.630972 0.768744 0.606397 0.771725 0.662178 0.720451 0.630972 0.748463 0.550033 0.768744 0.606397 0.889117 0.465825 0.871599 0.467076 0.868506 0.439167 0.871599 0.467076 0.862841 0.467701 0.868506 0.439167 0.871599 0.467076 0.87989 0.507461 0.862841 0.467701 0.874273 0.509434 0.862841 0.467701 0.87989 0.507461 0.874273 0.509434 0.87989 0.507461 0.878229 0.534488 0.874273 0.509434 0.878229 0.534488 0.873752 0.53492 0.873752 0.53492 0.878229 0.534488 0.866648 0.56664 0.873752 0.53492 0.866648 0.56664 0.862585 0.565584 0.862585 0.565584 0.866648 0.56664 0.837766 0.589988 0.862585 0.565584 0.837766 0.589988 0.83148 0.585136 0.805948 0.617908 0.83148 0.585136 0.837766 0.589988 0.83148 0.585136 0.805948 0.617908 0.802934 0.579486 0.768744 0.606397 0.802934 0.579486 0.805948 0.617908 0.785854 0.556667 0.802934 0.579486 0.768744 0.606397 0.748463 0.550033 0.785854 0.556667 0.768744 0.606397 0.785626 0.521364 0.785854 0.556667 0.748463 0.550033 0.83148 0.585136 0.842714 0.554865 0.862585 0.565584 0.862585 0.565584 0.842714 0.554865 0.852396 0.531398 0.862585 0.565584 0.852396 0.531398 0.873752 0.53492 0.852396 0.531398 0.874273 0.509434 0.873752 0.53492 0.852396 0.531398 0.85214 0.507824 0.874273 0.509434 0.823621 0.433876 0.838617 0.458198 0.804695 0.487119 0.838617 0.458198 0.823621 0.433876 0.868506 0.439167 0.838617 0.458198 0.868506 0.439167 0.854082 0.468327 0.854082 0.468327 0.868506 0.439167 0.862841 0.467701 0.874273 0.509434 0.854082 0.468327 0.862841 0.467701 0.874273 0.509434 0.841968 0.476735 0.854082 0.468327 0.874273 0.509434 0.85214 0.507824 0.841968 0.476735 0.85214 0.507824 0.837887 0.481128 0.841968 0.476735 0.85214 0.507824 0.844813 0.508894 0.837887 0.481128 0.844595 0.528924 0.844813 0.508894 0.85214 0.507824 0.844595 0.528924 0.85214 0.507824 0.852396 0.531398 0.840329 0.551686 0.844595 0.528924 0.852396 0.531398 0.840329 0.551686 0.852396 0.531398 0.842714 0.554865 0.819133 0.570057 0.840329 0.551686 0.842714 0.554865 0.819133 0.570057 0.842714 0.554865 0.827719 0.574339 0.83148 0.585136 0.827719 0.574339 0.842714 0.554865 0.827719 0.574339 0.83148 0.585136 0.802934 0.579486 0.854082 0.468327 0.841968 0.476735 0.838617 0.458198 0.888285 0.699911 0.896127 0.671621 0.893685 0.67006 0.893685 0.67006 0.913583 0.645023 0.912642 0.641907 0.893685 0.67006 0.896127 0.671621 0.913583 0.645023 0.896127 0.671621 0.914523 0.64814 0.913583 0.645023 0.936847 0.648968 0.913583 0.645023 0.914523 0.64814 0.936847 0.648968 0.914523 0.64814 0.935215 0.65239 0.96202 0.672332 0.936847 0.648968 0.935215 0.65239 0.93848 0.645547 0.936847 0.648968 0.96202 0.672332 0.93848 0.645547 0.96202 0.672332 0.965235 0.669839 0.912642 0.641907 0.936847 0.648968 0.93848 0.645547 0.912642 0.641907 0.913583 0.645023 0.936847 0.648968 0.888285 0.699911 0.89047 0.723472 0.890813 0.699532 0.888285 0.699911 0.890813 0.699532 0.896127 0.671621 0.896127 0.671621 0.890813 0.699532 0.893341 0.699152 0.896127 0.671621 0.893341 0.699152 0.898569 0.673183 0.896127 0.671621 0.898569 0.673183 0.914523 0.64814 0.915464 0.651256 0.914523 0.64814 0.898569 0.673183 0.935215 0.65239 0.914523 0.64814 0.915464 0.651256 0.935215 0.65239 0.915464 0.651256 0.933582 0.655811 0.958805 0.674826 0.935215 0.65239 0.933582 0.655811 0.96202 0.672332 0.935215 0.65239 0.958805 0.674826 0.972994 0.696113 0.96202 0.672332 0.958805 0.674826 0.965235 0.669839 0.96202 0.672332 0.972994 0.696113 0.965235 0.669839 0.972994 0.696113 0.977312 0.694268 0.910941 0.691033 0.914081 0.694426 0.923044 0.687859 0.910941 0.691033 0.923044 0.687859 0.920767 0.679362 0.935623 0.6818 0.920767 0.679362 0.923044 0.687859 0.920767 0.679362 0.935623 0.6818 0.935816 0.67795 0.935623 0.6818 0.946996 0.688196 0.935816 0.67795 0.933582 0.655811 0.935816 0.67795 0.946996 0.688196 0.95559 0.677319 0.933582 0.655811 0.946996 0.688196 0.958805 0.674826 0.933582 0.655811 0.95559 0.677319 0.968675 0.697957 0.958805 0.674826 0.95559 0.677319 0.972994 0.696113 0.958805 0.674826 0.968675 0.697957 0.980242 0.722972 0.972994 0.696113 0.968675 0.697957 0.977312 0.694268 0.972994 0.696113 0.980242 0.722972 0.977312 0.694268 0.980242 0.722972 0.984826 0.722122 0.988598 0.746405 0.984826 0.722122 0.980242 0.722972 0.988598 0.746405 0.980242 0.722972 0.984131 0.746685 0.990388 0.778762 0.988598 0.746405 0.984131 0.746685 0.990388 0.778762 0.984131 0.746685 0.98592 0.777775 0.98246 0.80332 0.990388 0.778762 0.98592 0.777775 0.968675 0.697957 0.95559 0.677319 0.964357 0.699802 0.964357 0.699802 0.95559 0.677319 0.946996 0.688196 0.935623 0.6818 0.923044 0.687859 0.933819 0.689358 0.914731 0.709359 0.9189 0.70108 0.914081 0.694426 0.914081 0.694426 0.9189 0.70108 0.925149 0.698421 0.914081 0.694426 0.925149 0.698421 0.923044 0.687859 0.925149 0.698421 0.933819 0.689358 0.923044 0.687859 0.925149 0.698421 0.932616 0.699112 0.933819 0.689358 0.933819 0.689358 0.932616 0.699112 0.943285 0.701961 0.945625 0.691584 0.933819 0.689358 0.943285 0.701961 0.945625 0.691584 0.935623 0.6818 0.933819 0.689358 0.935623 0.6818 0.945625 0.691584 0.946996 0.688196 0.945625 0.691584 0.957263 0.708772 0.946996 0.688196 0.964357 0.699802 0.946996 0.688196 0.957263 0.708772 0.971075 0.724672 0.964357 0.699802 0.957263 0.708772 0.975659 0.723822 0.964357 0.699802 0.971075 0.724672 0.975659 0.723822 0.968675 0.697957 0.964357 0.699802 0.980242 0.722972 0.968675 0.697957 0.975659 0.723822 0.984131 0.746685 0.980242 0.722972 0.975659 0.723822 0.984131 0.746685 0.981452 0.776787 0.98592 0.777775 0.984131 0.746685 0.979663 0.746964 0.981452 0.776787 0.984131 0.746685 0.975659 0.723822 0.979663 0.746964 0.975196 0.747244 0.979663 0.746964 0.975659 0.723822 0.975196 0.747244 0.975659 0.723822 0.971075 0.724672 0.975196 0.747244 0.971075 0.724672 0.965634 0.728435 0.971075 0.724672 0.957263 0.708772 0.965634 0.728435 0.955313 0.711371 0.965634 0.728435 0.957263 0.708772 0.945625 0.691584 0.955313 0.711371 0.957263 0.708772 0.955313 0.711371 0.945625 0.691584 0.950934 0.716388 0.945625 0.691584 0.943285 0.701961 0.950934 0.716388 0.950934 0.716388 0.943285 0.701961 0.938694 0.711895 0.938694 0.711895 0.943285 0.701961 0.932616 0.699112 0.932616 0.699112 0.932252 0.702314 0.938694 0.711895 0.925149 0.698421 0.932252 0.702314 0.932616 0.699112 0.925149 0.698421 0.926084 0.701702 0.932252 0.702314 0.9189 0.70108 0.926084 0.701702 0.925149 0.698421 0.9189 0.70108 0.920668 0.703311 0.926084 0.701702 0.914731 0.709359 0.920668 0.703311 0.9189 0.70108 0.914731 0.709359 0.916705 0.710122 0.920668 0.703311 0.920668 0.703311 0.916705 0.710122 0.923639 0.712826 0.920668 0.703311 0.923639 0.712826 0.926127 0.709187 0.923639 0.712826 0.929239 0.708551 0.926127 0.709187 0.929239 0.708551 0.927752 0.708319 0.926127 0.709187 0.926084 0.701702 0.927752 0.708319 0.929239 0.708551 0.926084 0.701702 0.926127 0.709187 0.927752 0.708319 0.926084 0.701702 0.920668 0.703311 0.926127 0.709187 0.923639 0.712826 0.931755 0.716894 0.929239 0.708551 0.965876 0.749546 0.962911 0.730413 0.95857 0.751285 0.962911 0.730413 0.957316 0.734168 0.95857 0.751285 0.962911 0.730413 0.950934 0.716388 0.957316 0.734168 0.962911 0.730413 0.955313 0.711371 0.950934 0.716388 0.955313 0.711371 0.962911 0.730413 0.965634 0.728435 0.962911 0.730413 0.96865 0.748789 0.965634 0.728435 0.975196 0.747244 0.965634 0.728435 0.96865 0.748789 0.962911 0.730413 0.965876 0.749546 0.96865 0.748789 0.961861 0.789283 0.952436 0.800033 0.964095 0.79063 0.970743 0.794436 0.964095 0.79063 0.952436 0.800033 0.976984 0.7758 0.964095 0.79063 0.970743 0.794436 0.970743 0.794436 0.981452 0.776787 0.976984 0.7758 0.976984 0.7758 0.981452 0.776787 0.979663 0.746964 0.976984 0.7758 0.979663 0.746964 0.975196 0.747244 0.975196 0.747244 0.969756 0.774562 0.976984 0.7758 0.975196 0.747244 0.96865 0.748789 0.969756 0.774562 0.96865 0.748789 0.967625 0.774067 0.969756 0.774562 0.96865 0.748789 0.965876 0.749546 0.967625 0.774067 0.965876 0.749546 0.958368 0.77223 0.967625 0.774067 0.965876 0.749546 0.95857 0.751285 0.958368 0.77223 0.94629 0.756075 0.958368 0.77223 0.95857 0.751285 0.950045 0.737971 0.94629 0.756075 0.95857 0.751285 0.950045 0.737971 0.95857 0.751285 0.957316 0.734168 0.947194 0.721972 0.950045 0.737971 0.957316 0.734168 0.947194 0.721972 0.957316 0.734168 0.950934 0.716388 0.950934 0.716388 0.938694 0.711895 0.947194 0.721972 0.961861 0.789283 0.958368 0.77223 0.953993 0.78407 0.961861 0.789283 0.967625 0.774067 0.958368 0.77223 0.969756 0.774562 0.967625 0.774067 0.961861 0.789283 0.969756 0.774562 0.961861 0.789283 0.964095 0.79063 0.976984 0.7758 0.969756 0.774562 0.964095 0.79063 0.943044 0.770579 0.940995 0.78059 0.953993 0.78407 0.923012 0.74912 0.92633 0.75148 0.930642 0.747773 0.92363 0.759482 0.92633 0.75148 0.923012 0.74912 0.92363 0.759482 0.923012 0.74912 0.916254 0.757787 0.92363 0.759482 0.916254 0.757787 0.91618 0.761994 0.916254 0.757787 0.913092 0.759585 0.91618 0.761994 0.913355 0.778604 0.91618 0.761994 0.913092 0.759585 0.913355 0.778604 0.915839 0.777911 0.91618 0.761994 0.918743 0.787735 0.915839 0.777911 0.913355 0.778604 0.925267 0.782749 0.915839 0.777911 0.918743 0.787735 0.931118 0.787992 0.925267 0.782749 0.918743 0.787735 0.931118 0.787992 0.933198 0.781384 0.925267 0.782749 0.931118 0.787992 0.940995 0.78059 0.933198 0.781384 0.933921 0.772699 0.933198 0.781384 0.940995 0.78059 0.933921 0.772699 0.940995 0.78059 0.943044 0.770579 0.934026 0.762613 0.933921 0.772699 0.943044 0.770579 0.934026 0.762613 0.943044 0.770579 0.94629 0.756075 0.94629 0.756075 0.943044 0.770579 0.958368 0.77223 0.943044 0.770579 0.953993 0.78407 0.958368 0.77223 0.92363 0.759482 0.91618 0.761994 0.922548 0.762627 0.922548 0.762627 0.91618 0.761994 0.915839 0.777911 0.922548 0.762627 0.915839 0.777911 0.923166 0.776457 0.925267 0.782749 0.923166 0.776457 0.915839 0.777911 0.933198 0.781384 0.923166 0.776457 0.925267 0.782749 0.933198 0.781384 0.933921 0.772699 0.923166 0.776457 0.933921 0.772699 0.922548 0.762627 0.923166 0.776457 0.933921 0.772699 0.934026 0.762613 0.922548 0.762627 0.922548 0.762627 0.934026 0.762613 0.92363 0.759482 0.916545 0.744125 0.916254 0.757787 0.923398 0.74228 0.916254 0.757787 0.916545 0.744125 0.913434 0.744901 0.916254 0.757787 0.913434 0.744901 0.913092 0.759585 0.913092 0.759585 0.913434 0.744901 0.909277 0.745533 0.913092 0.759585 0.909277 0.745533 0.906256 0.758846 0.913092 0.759585 0.906256 0.758846 0.905621 0.781025 0.913092 0.759585 0.905621 0.781025 0.913355 0.778604 0.91657 0.789373 0.913355 0.778604 0.905621 0.781025 0.918743 0.787735 0.913355 0.778604 0.91657 0.789373 0.926742 0.797239 0.918743 0.787735 0.91657 0.789373 0.931118 0.787992 0.918743 0.787735 0.926742 0.797239 0.939151 0.790782 0.931118 0.787992 0.926742 0.797239 0.939151 0.790782 0.940995 0.78059 0.931118 0.787992 0.946338 0.789182 0.940995 0.78059 0.939151 0.790782 0.953993 0.78407 0.940995 0.78059 0.946338 0.789182 0.951123 0.797736 0.953993 0.78407 0.946338 0.789182 0.951123 0.797736 0.961861 0.789283 0.953993 0.78407 0.961861 0.789283 0.951123 0.797736 0.952436 0.800033 0.946338 0.789182 0.939616 0.80015 0.951123 0.797736 0.946338 0.789182 0.939151 0.790782 0.939616 0.80015 0.939151 0.790782 0.926742 0.797239 0.939616 0.80015 0.951123 0.797736 0.939755 0.803425 0.952436 0.800033 0.951123 0.797736 0.939616 0.80015 0.939755 0.803425 0.939616 0.80015 0.92572 0.800357 0.939755 0.803425 0.939616 0.80015 0.926742 0.797239 0.92572 0.800357 0.926742 0.797239 0.91657 0.789373 0.92572 0.800357 0.970743 0.794436 0.974649 0.797397 0.981452 0.776787 0.957239 0.808923 0.974649 0.797397 0.970743 0.794436 0.970743 0.794436 0.952436 0.800033 0.957239 0.808923 0.952436 0.800033 0.939791 0.812678 0.957239 0.808923 0.952436 0.800033 0.939755 0.803425 0.939791 0.812678 0.939755 0.803425 0.923648 0.808121 0.939791 0.812678 0.939755 0.803425 0.92572 0.800357 0.923648 0.808121 0.92572 0.800357 0.90972 0.793961 0.923648 0.808121 0.92572 0.800357 0.91657 0.789373 0.90972 0.793961 0.91657 0.789373 0.905621 0.781025 0.90972 0.793961 0.909277 0.745533 0.908471 0.738188 0.896549 0.73858 0.909277 0.745533 0.896549 0.73858 0.895405 0.750902 0.906256 0.758846 0.909277 0.745533 0.895405 0.750902 0.906256 0.758846 0.895405 0.750902 0.893865 0.763201 0.905621 0.781025 0.906256 0.758846 0.893865 0.763201 0.893865 0.763201 0.901424 0.784283 0.905621 0.781025 0.901424 0.784283 0.90972 0.793961 0.905621 0.781025 0.901424 0.784283 0.905974 0.798767 0.90972 0.793961 0.905974 0.798767 0.923648 0.808121 0.90972 0.793961 0.905974 0.798767 0.921595 0.813432 0.923648 0.808121 0.921595 0.813432 0.939791 0.812678 0.923648 0.808121 0.921595 0.813432 0.94007 0.819096 0.939791 0.812678 0.94007 0.819096 0.957239 0.808923 0.939791 0.812678 0.94007 0.819096 0.959762 0.81367 0.957239 0.808923 0.957239 0.808923 0.959762 0.81367 0.974649 0.797397 0.978554 0.800359 0.974649 0.797397 0.959762 0.81367 0.98592 0.777775 0.974649 0.797397 0.978554 0.800359 0.98592 0.777775 0.981452 0.776787 0.974649 0.797397 0.978554 0.800359 0.959762 0.81367 0.962284 0.818416 0.962284 0.818416 0.959762 0.81367 0.94007 0.819096 0.98246 0.80332 0.98592 0.777775 0.978554 0.800359 0.964807 0.823163 0.98246 0.80332 0.978554 0.800359 0.964807 0.823163 0.978554 0.800359 0.962284 0.818416 0.964807 0.823163 0.962284 0.818416 0.940349 0.825515 0.962284 0.818416 0.94007 0.819096 0.940349 0.825515 0.919543 0.818744 0.940349 0.825515 0.94007 0.819096 0.919543 0.818744 0.94007 0.819096 0.921595 0.813432 0.902228 0.803573 0.919543 0.818744 0.921595 0.813432 0.902228 0.803573 0.921595 0.813432 0.905974 0.798767 0.897227 0.787541 0.902228 0.803573 0.905974 0.798767 0.897227 0.787541 0.905974 0.798767 0.901424 0.784283 0.897227 0.787541 0.901424 0.784283 0.890846 0.764174 0.893865 0.763201 0.890846 0.764174 0.901424 0.784283 0.892607 0.751382 0.890846 0.764174 0.893865 0.763201 0.892607 0.751382 0.893865 0.763201 0.895405 0.750902 0.89369 0.738864 0.892607 0.751382 0.895405 0.750902 0.89369 0.738864 0.895405 0.750902 0.896549 0.73858 0.894027 0.729173 0.89369 0.738864 0.896549 0.73858 0.897227 0.787541 0.890846 0.764174 0.887827 0.765148 0.889809 0.751861 0.887827 0.765148 0.890846 0.764174 0.889809 0.751861 0.890846 0.764174 0.892607 0.751382 0.890832 0.739148 0.889809 0.751861 0.892607 0.751382 0.890832 0.739148 0.892607 0.751382 0.89369 0.738864 0.891056 0.728956 0.890832 0.739148 0.89369 0.738864 0.891056 0.728956 0.89369 0.738864 0.894027 0.729173 0.894027 0.729173 0.89047 0.723472 0.891056 0.728956 0.894027 0.729173 0.893349 0.723271 0.89047 0.723472 0.890813 0.699532 0.89047 0.723472 0.893349 0.723271 0.890813 0.699532 0.893349 0.723271 0.893341 0.699152 0.964807 0.823163 0.940349 0.825515 0.940628 0.831933 0.91749 0.824055 0.940628 0.831933 0.940349 0.825515 0.91749 0.824055 0.940349 0.825515 0.919543 0.818744 0.898482 0.808379 0.91749 0.824055 0.919543 0.818744 0.898482 0.808379 0.919543 0.818744 0.902228 0.803573 0.89303 0.790799 0.898482 0.808379 0.902228 0.803573 0.89303 0.790799 0.902228 0.803573 0.897227 0.787541 0.884808 0.766121 0.89303 0.790799 0.897227 0.787541 0.884808 0.766121 0.897227 0.787541 0.887827 0.765148 0.887011 0.752341 0.884808 0.766121 0.887827 0.765148 0.887011 0.752341 0.887827 0.765148 0.889809 0.751861 0.887973 0.739432 0.887011 0.752341 0.889809 0.751861 0.887973 0.739432 0.889809 0.751861 0.890832 0.739148 0.888085 0.728739 0.887973 0.739432 0.890832 0.739148 0.888085 0.728739 0.890832 0.739148 0.891056 0.728956 0.887591 0.723672 0.888085 0.728739 0.891056 0.728956 0.887591 0.723672 0.891056 0.728956 0.89047 0.723472 0.888285 0.699911 0.887591 0.723672 0.89047 0.723472 0.882374 0.795515 0.89303 0.790799 0.884808 0.766121 0.429422 0.498459 0.395014 0.497823 0.400247 0.418094 0.429422 0.498459 0.396472 0.58339 0.395014 0.497823 0.503925 0.506655 0.430397 0.58321 0.429422 0.498459 0.429422 0.498459 0.430397 0.58321 0.396472 0.58339 0.430397 0.58321 0.40855 0.674089 0.396472 0.58339 0.720451 0.630972 0.701759 0.537791 0.748463 0.550033 0.645386 0.54642 0.701759 0.537791 0.720451 0.630972 0.701759 0.537791 0.645386 0.54642 0.659936 0.506463 0.659936 0.506463 0.645386 0.54642 0.615239 0.513324 0.659936 0.506463 0.615239 0.513324 0.619642 0.464589 0.619642 0.464589 0.615239 0.513324 0.582908 0.510531 0.619642 0.464589 0.582908 0.510531 0.589812 0.453909 0.589812 0.453909 0.582908 0.510531 0.503925 0.506655 0.589812 0.453909 0.503925 0.506655 0.506874 0.434987 0.506874 0.434987 0.503925 0.506655 0.429422 0.498459 0.506874 0.434987 0.429422 0.498459 0.431525 0.426149 0.429422 0.498459 0.400247 0.418094 0.431525 0.426149 0.43303 0.34276 0.431525 0.426149 0.400247 0.418094 0.43303 0.34276 0.466193 0.355969 0.431525 0.426149 0.466193 0.355969 0.43303 0.34276 0.495037 0.27913 0.466193 0.355969 0.495037 0.27913 0.517591 0.303854 0.596024 0.23565 0.517591 0.303854 0.495037 0.27913 0.596024 0.23565 0.607881 0.272309 0.517591 0.303854 0.792629 0.73903 0.772998 0.820729 0.751241 0.817169 0.792629 0.73903 0.751241 0.817169 0.762504 0.725991 0.683151 0.733639 0.762504 0.725991 0.751241 0.817169 0.683151 0.733639 0.716197 0.696922 0.762504 0.725991 0.666434 0.652037 0.716197 0.696922 0.683151 0.733639 0.666434 0.652037 0.683151 0.733639 0.626941 0.66571 0.666434 0.652037 0.626941 0.66571 0.609378 0.563209 0.571456 0.580686 0.609378 0.563209 0.626941 0.66571 0.582908 0.510531 0.609378 0.563209 0.571456 0.580686 0.571456 0.580686 0.503925 0.506655 0.582908 0.510531 0.571456 0.580686 0.493061 0.590727 0.503925 0.506655 0.503925 0.506655 0.493061 0.590727 0.430397 0.58321 0.493061 0.590727 0.446612 0.67172 0.430397 0.58321 0.430397 0.58321 0.446612 0.67172 0.40855 0.674089 0.444365 0.753523 0.40855 0.674089 0.446612 0.67172 0.444365 0.753523 0.446612 0.67172 0.475296 0.73685 0.475296 0.73685 0.524516 0.824007 0.444365 0.753523 0.475296 0.73685 0.55053 0.793208 0.524516 0.824007 0.475296 0.73685 0.505626 0.666593 0.579675 0.673521 0.475296 0.73685 0.579675 0.673521 0.55053 0.793208 0.505626 0.666593 0.475296 0.73685 0.446612 0.67172 0.493061 0.590727 0.505626 0.666593 0.446612 0.67172 0.571456 0.580686 0.505626 0.666593 0.493061 0.590727 0.571456 0.580686 0.579675 0.673521 0.505626 0.666593 0.571456 0.580686 0.626941 0.66571 0.579675 0.673521 0.579675 0.673521 0.626941 0.66571 0.683151 0.733639 0.683151 0.733639 0.55053 0.793208 0.579675 0.673521 0.683151 0.733639 0.662799 0.812026 0.55053 0.793208 0.655536 0.859669 0.55053 0.793208 0.662799 0.812026 0.662799 0.812026 0.726714 0.866093 0.655536 0.859669 0.662799 0.812026 0.751241 0.817169 0.726714 0.866093 0.751241 0.817169 0.772998 0.820729 0.726714 0.866093 0.800156 0.822618 0.726714 0.866093 0.772998 0.820729 0.800156 0.822618 0.772998 0.820729 0.792629 0.73903 0.800156 0.822618 0.792629 0.73903 0.834322 0.746757 0.844983 0.71369 0.834322 0.746757 0.792629 0.73903 0.844983 0.71369 0.792629 0.73903 0.801466 0.682472 0.844983 0.71369 0.801466 0.682472 0.830273 0.641156 0.683151 0.733639 0.751241 0.817169 0.662799 0.812026 0.55053 0.793208 0.638697 0.898556 0.524516 0.824007 0.55053 0.793208 0.655536 0.859669 0.638697 0.898556 0.723971 0.91509 0.638697 0.898556 0.655536 0.859669 0.723971 0.91509 0.655536 0.859669 0.726714 0.866093 0.726714 0.866093 0.784214 0.907909 0.723971 0.91509 0.800156 0.822618 0.784214 0.907909 0.726714 0.866093 0.800156 0.822618 0.8006 0.90916 0.784214 0.907909 0.723971 0.91509 0.689839 0.944718 0.638697 0.898556 0.7566 0.986183 0.689839 0.944718 0.723971 0.91509 0.7566 0.986183 0.723971 0.91509 0.784214 0.907909 0.7566 0.986183 0.723031 0.994292 0.689839 0.944718 0.869569 0.804607 0.861511 0.793701 0.86823 0.777768 0.861511 0.793701 0.860406 0.777477 0.86823 0.777768 0.860406 0.777477 0.864076 0.766681 0.86823 0.777768 0.864076 0.766681 0.855165 0.770678 0.849762 0.761658 0.860406 0.777477 0.855165 0.770678 0.864076 0.766681 0.860406 0.777477 0.849428 0.778123 0.855165 0.770678 0.861511 0.793701 0.849428 0.778123 0.860406 0.777477 0.861511 0.793701 0.849544 0.794431 0.849428 0.778123 0.837793 0.794219 0.849428 0.778123 0.849544 0.794431 0.837793 0.794219 0.838238 0.777162 0.849428 0.778123 0.829997 0.777866 0.838238 0.777162 0.837793 0.794219 0.835666 0.76637 0.838238 0.777162 0.829997 0.777866 0.835666 0.76637 0.843927 0.77079 0.838238 0.777162 0.843927 0.77079 0.835666 0.76637 0.849762 0.761658 0.843927 0.77079 0.849762 0.761658 0.8495 0.769393 0.855165 0.770678 0.8495 0.769393 0.849762 0.761658 0.849428 0.778123 0.8495 0.769393 0.855165 0.770678 0.8495 0.769393 0.849428 0.778123 0.843927 0.77079 0.838238 0.777162 0.843927 0.77079 0.849428 0.778123 0.829997 0.777866 0.837793 0.794219 0.829472 0.801011 0.738379 0.137942 0.692149 0.148147 0.688211 0.137504 0.738379 0.137942 0.687061 0.127276 0.740799 0.126389 0.738379 0.137942 0.688211 0.137504 0.687061 0.127276 0.688211 0.137504 0.674692 0.130995 0.687061 0.127276 0.688211 0.137504 0.675101 0.141156 0.674692 0.130995 0.692149 0.148147 0.675101 0.141156 0.688211 0.137504 0.692149 0.148147 0.678736 0.148266 0.675101 0.141156 0.739328 0.075383 0.739325 0.06228297 0.805525 0.07343298 0.739328 0.075383 0.805525 0.07343298 0.797217 0.09478199 0.73544 0.102829 0.739328 0.075383 0.797217 0.09478199 0.73544 0.102829 0.797217 0.09478199 0.78885 0.121358 0.78885 0.121358 0.73678 0.108719 0.73544 0.102829 0.78885 0.121358 0.790748 0.12765 0.73678 0.108719 0.738119 0.114609 0.73678 0.108719 0.790748 0.12765 0.738119 0.114609 0.790748 0.12765 0.792647 0.133943 0.740799 0.126389 0.738119 0.114609 0.792647 0.133943 0.740799 0.126389 0.792647 0.133943 0.796444 0.146528 0.740799 0.126389 0.796444 0.146528 0.805371 0.168318 0.738379 0.137942 0.740799 0.126389 0.805371 0.168318 0.735506 0.156101 0.738379 0.137942 0.805371 0.168318 0.738379 0.137942 0.735506 0.156101 0.692149 0.148147 0.732463 0.169914 0.692149 0.148147 0.735506 0.156101 0.732463 0.169914 0.688606 0.1615149 0.692149 0.148147 0.692149 0.148147 0.688606 0.1615149 0.675163 0.157649 0.692149 0.148147 0.675163 0.157649 0.678736 0.148266 0.735506 0.156101 0.805371 0.168318 0.802656 0.180683 0.687568 0.111981 0.73544 0.102829 0.73678 0.108719 0.73544 0.102829 0.687568 0.111981 0.684113 0.08499896 0.73544 0.102829 0.684113 0.08499896 0.739328 0.075383 0.684113 0.08499896 0.739325 0.06228297 0.739328 0.075383 0.684113 0.08499896 0.673492 0.076873 0.739325 0.06228297 0.675163 0.157649 0.667571 0.153495 0.67153 0.146821 0.675163 0.157649 0.67153 0.146821 0.678736 0.148266 0.678736 0.148266 0.67153 0.146821 0.675101 0.141156 0.675101 0.141156 0.67153 0.146821 0.665836 0.139312 0.675101 0.141156 0.665836 0.139312 0.665591 0.128663 0.675101 0.141156 0.665591 0.128663 0.674692 0.130995 0.674692 0.130995 0.665591 0.128663 0.673541 0.121626 0.687061 0.127276 0.674692 0.130995 0.673541 0.121626 0.687061 0.127276 0.673541 0.121626 0.687315 0.119629 0.740799 0.126389 0.687061 0.127276 0.687315 0.119629 0.740799 0.126389 0.687315 0.119629 0.738119 0.114609 0.687315 0.119629 0.73678 0.108719 0.738119 0.114609 0.687315 0.119629 0.687441 0.115805 0.73678 0.108719 0.687568 0.111981 0.73678 0.108719 0.687441 0.115805 0.672391 0.112257 0.687568 0.111981 0.687441 0.115805 0.672391 0.112257 0.684113 0.08499896 0.687568 0.111981 0.672391 0.112257 0.675531 0.08339297 0.684113 0.08499896 0.684113 0.08499896 0.675531 0.08339297 0.673492 0.076873 0.665833 0.114092 0.673492 0.076873 0.675531 0.08339297 0.665833 0.114092 0.675531 0.08339297 0.672391 0.112257 0.665833 0.114092 0.672391 0.112257 0.665591 0.128663 0.672391 0.112257 0.672966 0.116941 0.665591 0.128663 0.665591 0.128663 0.672966 0.116941 0.673541 0.121626 0.687315 0.119629 0.673541 0.121626 0.672966 0.116941 0.687315 0.119629 0.672966 0.116941 0.687441 0.115805 0.672391 0.112257 0.687441 0.115805 0.672966 0.116941 0.852627 0.733306 0.845841 0.749401 0.853744 0.749695 0.844487 0.722289 0.845841 0.749401 0.852627 0.733306 0.850036 0.760601 0.853744 0.749695 0.845841 0.749401 0.850036 0.760601 0.864495 0.765675 0.859037 0.756564 0.850036 0.760601 0.859037 0.756564 0.853744 0.749695 0.853744 0.749695 0.859037 0.756564 0.864833 0.749044 0.864833 0.749044 0.852627 0.733306 0.853744 0.749695 0.864833 0.749044 0.864716 0.73257 0.852627 0.733306 0.864833 0.749044 0.876586 0.732783 0.864716 0.73257 0.864833 0.749044 0.876136 0.750013 0.876586 0.732783 0.876586 0.732783 0.876136 0.750013 0.884462 0.749303 0.876136 0.750013 0.878735 0.760915 0.884462 0.749303 0.876136 0.750013 0.87039 0.756451 0.878735 0.760915 0.864495 0.765675 0.878735 0.760915 0.87039 0.756451 0.864495 0.765675 0.87039 0.756451 0.864761 0.757862 0.864495 0.765675 0.864761 0.757862 0.859037 0.756564 0.864833 0.749044 0.859037 0.756564 0.864761 0.757862 0.864761 0.757862 0.87039 0.756451 0.864833 0.749044 0.876136 0.750013 0.864833 0.749044 0.87039 0.756451 0.876586 0.732783 0.884462 0.749303 0.884992 0.725922 0.865801 0.960139 0.864994 0.952183 0.873097 0.94584 0.864537 0.949434 0.873097 0.94584 0.864994 0.952183 0.864537 0.949434 0.871725 0.944345 0.873097 0.94584 0.866412 0.939012 0.871725 0.944345 0.864537 0.949434 0.855762 0.920176 0.844201 0.921596 0.846407 0.904182 0.855762 0.920176 0.849854 0.934342 0.844201 0.921596 0.855762 0.920176 0.858358 0.932203 0.849854 0.934342 0.858414 0.941401 0.849854 0.934342 0.858358 0.932203 0.858358 0.932203 0.866412 0.939012 0.858414 0.941401 0.866412 0.939012 0.862305 0.941808 0.858414 0.941401 0.866412 0.939012 0.864537 0.949434 0.862305 0.941808 0.862305 0.941808 0.864537 0.949434 0.858256 0.94917 0.858256 0.94917 0.864537 0.949434 0.864994 0.952183 0.858256 0.94917 0.864994 0.952183 0.857596 0.952595 0.857596 0.952595 0.864994 0.952183 0.865801 0.960139 0.857596 0.952595 0.865801 0.960139 0.855066 0.962834 0.855066 0.962834 0.865801 0.960139 0.866802 0.964249 0.855066 0.962834 0.866802 0.964249 0.853715 0.97078 0.853715 0.97078 0.866802 0.964249 0.867236 0.968373 0.853715 0.97078 0.867236 0.968373 0.852957 0.974094 0.852957 0.974094 0.867236 0.968373 0.866944 0.981634 0.848563 0.993549 0.852957 0.974094 0.866944 0.981634 0.858414 0.941401 0.852048 0.946688 0.849854 0.934342 0.862305 0.941808 0.858256 0.94917 0.860238 0.942088 0.862305 0.941808 0.860238 0.942088 0.858414 0.941401 0.858414 0.941401 0.860238 0.942088 0.858256 0.94917 0.858414 0.941401 0.858256 0.94917 0.852048 0.946688 0.852048 0.946688 0.858256 0.94917 0.857596 0.952595 0.833867 0.907645 0.843263 0.904764 0.842187 0.922984 0.843263 0.904764 0.844201 0.921596 0.842187 0.922984 0.842187 0.922984 0.844201 0.921596 0.849854 0.934342 0.842187 0.922984 0.849854 0.934342 0.848532 0.935541 0.848532 0.935541 0.849854 0.934342 0.852048 0.946688 0.850499 0.949677 0.848532 0.935541 0.852048 0.946688 0.852048 0.946688 0.857596 0.952595 0.850499 0.949677 0.845927 0.958322 0.850499 0.949677 0.857596 0.952595 0.845927 0.958322 0.857596 0.952595 0.855066 0.962834 0.855066 0.962834 0.841889 0.964712 0.845927 0.958322 0.855066 0.962834 0.853715 0.97078 0.841889 0.964712 0.840561 0.967964 0.841889 0.964712 0.853715 0.97078 0.840561 0.967964 0.853715 0.97078 0.852957 0.974094 0.852957 0.974094 0.836597 0.986719 0.840561 0.967964 0.852957 0.974094 0.848563 0.993549 0.836597 0.986719 0.836523 0.928148 0.826616 0.910681 0.833867 0.907645 0.833867 0.907645 0.842187 0.922984 0.836523 0.928148 0.848532 0.935541 0.836523 0.928148 0.842187 0.922984 0.848532 0.935541 0.840595 0.944244 0.836523 0.928148 0.848532 0.935541 0.850499 0.949677 0.840595 0.944244 0.845927 0.958322 0.840595 0.944244 0.850499 0.949677 0.845927 0.958322 0.83536 0.953745 0.840595 0.944244 0.845927 0.958322 0.841889 0.964712 0.83536 0.953745 0.833193 0.956753 0.83536 0.953745 0.841889 0.964712 0.833193 0.956753 0.841889 0.964712 0.840561 0.967964 0.833193 0.956753 0.840561 0.967964 0.836597 0.986719 0.822599 0.965351 0.833193 0.956753 0.836597 0.986719 0.833193 0.956753 0.822599 0.965351 0.818649 0.942361 0.833193 0.956753 0.818649 0.942361 0.827808 0.934685 0.827808 0.934685 0.818649 0.942361 0.816098 0.915542 0.827808 0.934685 0.816098 0.915542 0.823085 0.91235 0.823085 0.91235 0.830506 0.932407 0.827808 0.934685 0.823085 0.91235 0.826616 0.910681 0.830506 0.932407 0.836523 0.928148 0.830506 0.932407 0.826616 0.910681 0.830506 0.932407 0.836523 0.928148 0.83536 0.953745 0.83536 0.953745 0.836523 0.928148 0.840595 0.944244 0.827808 0.934685 0.83536 0.953745 0.833193 0.956753 0.827808 0.934685 0.830506 0.932407 0.83536 0.953745 0.870309 0.987874 0.848563 0.993549 0.866944 0.981634 0.870309 0.987874 0.847544 1.000525 0.848563 0.993549 0.847544 1.000525 0.836597 0.986719 0.848563 0.993549 0.847544 1.000525 0.830819 0.994195 0.836597 0.986719 0.836597 0.986719 0.830819 0.994195 0.812477 0.971016 0.836597 0.986719 0.812477 0.971016 0.822599 0.965351 0.822599 0.965351 0.812477 0.971016 0.804525 0.946109 0.822599 0.965351 0.804525 0.946109 0.818649 0.942361 0.818649 0.942361 0.804525 0.946109 0.800051 0.91635 0.818649 0.942361 0.800051 0.91635 0.816098 0.915542 0.800051 0.91635 0.817028 0.889269 0.816098 0.915542 0.823085 0.91235 0.816098 0.915542 0.817028 0.889269 0.823085 0.91235 0.817028 0.889269 0.824762 0.889041 0.824762 0.889041 0.826616 0.910681 0.823085 0.91235 0.824762 0.889041 0.827702 0.888897 0.826616 0.910681 0.827702 0.888897 0.836444 0.88845 0.826616 0.910681 0.826616 0.910681 0.836444 0.88845 0.833867 0.907645 0.836444 0.88845 0.843263 0.904764 0.833867 0.907645 0.800051 0.91635 0.802232 0.886776 0.817028 0.889269 0.843263 0.904764 0.846407 0.904182 0.844201 0.921596 0.851458 0.885481 0.846407 0.904182 0.843263 0.904764 0.836444 0.88845 0.851458 0.885481 0.843263 0.904764 0.840715 0.866427 0.851458 0.885481 0.836444 0.88845 0.840715 0.866427 0.836444 0.88845 0.827702 0.888897 0.840715 0.866427 0.827702 0.888897 0.831885 0.862702 0.831885 0.862702 0.827702 0.888897 0.824762 0.889041 0.831885 0.862702 0.824762 0.889041 0.829261 0.86171 0.829261 0.86171 0.824762 0.889041 0.817028 0.889269 0.829261 0.86171 0.817028 0.889269 0.822796 0.858799 0.802232 0.886776 0.822796 0.858799 0.817028 0.889269 0.802232 0.886776 0.810566 0.852553 0.822796 0.858799 0.810566 0.852553 0.832141 0.842254 0.822796 0.858799 0.810566 0.852553 0.822985 0.831566 0.832141 0.842254 0.822985 0.831566 0.846321 0.831518 0.832141 0.842254 0.822985 0.831566 0.841565 0.817943 0.846321 0.831518 0.841565 0.817943 0.861574 0.830204 0.846321 0.831518 0.841565 0.817943 0.86143 0.814564 0.861574 0.830204 0.888439 0.848541 0.882896 0.853445 0.87407 0.841753 0.888439 0.848541 0.87407 0.841753 0.875569 0.834174 0.875569 0.834174 0.87407 0.841753 0.861376 0.838398 0.875569 0.834174 0.861376 0.838398 0.861574 0.830204 0.861574 0.830204 0.861376 0.838398 0.849712 0.840207 0.861574 0.830204 0.849712 0.840207 0.846321 0.831518 0.849712 0.840207 0.832141 0.842254 0.846321 0.831518 0.849712 0.840207 0.837763 0.847137 0.832141 0.842254 0.837763 0.847137 0.822796 0.858799 0.832141 0.842254 0.837763 0.847137 0.829261 0.86171 0.822796 0.858799 0.839659 0.848837 0.829261 0.86171 0.837763 0.847137 0.839659 0.848837 0.831885 0.862702 0.829261 0.86171 0.840715 0.866427 0.831885 0.862702 0.839659 0.848837 0.840715 0.866427 0.839659 0.848837 0.846699 0.855263 0.846699 0.855263 0.856777 0.87081 0.840715 0.866427 0.846699 0.855263 0.859635 0.860809 0.856777 0.87081 0.859635 0.860809 0.86688 0.869924 0.856777 0.87081 0.859635 0.860809 0.867694 0.860983 0.86688 0.869924 0.877657 0.867267 0.86688 0.869924 0.867694 0.860983 0.877657 0.867267 0.867694 0.860983 0.875427 0.860319 0.884388 0.866369 0.877657 0.867267 0.875427 0.860319 0.884388 0.866369 0.875427 0.860319 0.881099 0.855177 0.886536 0.865812 0.884388 0.866369 0.881099 0.855177 0.886536 0.865812 0.881099 0.855177 0.882896 0.853445 0.882896 0.853445 0.881099 0.855177 0.873289 0.844866 0.882896 0.853445 0.873289 0.844866 0.87407 0.841753 0.87407 0.841753 0.873289 0.844866 0.861441 0.84144 0.87407 0.841753 0.861441 0.84144 0.861376 0.838398 0.861376 0.838398 0.861441 0.84144 0.850718 0.842507 0.861376 0.838398 0.850718 0.842507 0.849712 0.840207 0.849712 0.840207 0.850718 0.842507 0.839659 0.848837 0.849712 0.840207 0.839659 0.848837 0.837763 0.847137 0.840715 0.866427 0.856777 0.87081 0.851458 0.885481 0.856777 0.87081 0.866398 0.880368 0.851458 0.885481 0.856777 0.87081 0.86688 0.869924 0.866398 0.880368 0.878928 0.881312 0.866398 0.880368 0.86688 0.869924 0.878928 0.881312 0.86688 0.869924 0.877657 0.867267 0.884388 0.866369 0.878928 0.881312 0.877657 0.867267 0.851458 0.885481 0.853309 0.887342 0.846407 0.904182 0.866398 0.880368 0.853309 0.887342 0.851458 0.885481 0.866398 0.880368 0.86644 0.882596 0.853309 0.887342 0.877781 0.884489 0.86644 0.882596 0.866398 0.880368 0.878928 0.881312 0.877781 0.884489 0.866398 0.880368 0.885426 0.882209 0.877781 0.884489 0.878928 0.881312 0.884388 0.866369 0.885426 0.882209 0.878928 0.881312 0.885426 0.882209 0.884388 0.866369 0.886536 0.865812 0.855762 0.920176 0.846407 0.904182 0.857531 0.905563 0.857531 0.905563 0.846407 0.904182 0.853309 0.887342 0.857531 0.905563 0.853309 0.887342 0.861512 0.89147 0.86644 0.882596 0.861512 0.89147 0.853309 0.887342 0.86644 0.882596 0.867481 0.887839 0.861512 0.89147 0.867481 0.887839 0.86644 0.882596 0.877781 0.884489 0.874464 0.892826 0.867481 0.887839 0.877781 0.884489 0.867481 0.887839 0.874464 0.892826 0.861512 0.89147 0.876059 0.9138 0.881855 0.919434 0.87477 0.918078 0.876059 0.9138 0.87477 0.918078 0.872771 0.91226 0.855762 0.920176 0.872771 0.91226 0.87477 0.918078 0.872771 0.91226 0.855762 0.920176 0.86713 0.910842 0.86713 0.910842 0.855762 0.920176 0.857531 0.905563 0.868792 0.905014 0.86713 0.910842 0.857531 0.905563 0.857531 0.905563 0.861512 0.89147 0.868792 0.905014 0.869036 0.896538 0.868792 0.905014 0.861512 0.89147 0.861512 0.89147 0.874464 0.892826 0.869036 0.896538 0.877809 0.895635 0.869036 0.896538 0.874464 0.892826 0.877809 0.895635 0.874464 0.892826 0.877781 0.884489 0.877809 0.895635 0.877781 0.884489 0.885446 0.886515 0.885426 0.882209 0.885446 0.886515 0.877781 0.884489 0.885446 0.886515 0.885426 0.882209 0.888646 0.884658 0.885426 0.882209 0.886536 0.865812 0.888646 0.884658 0.892996 0.863704 0.888646 0.884658 0.886536 0.865812 0.892996 0.863704 0.886536 0.865812 0.882896 0.853445 0.892996 0.863704 0.882896 0.853445 0.888439 0.848541 0.876548 0.908623 0.86713 0.910842 0.876622 0.903217 0.876622 0.903217 0.86713 0.910842 0.868792 0.905014 0.868792 0.905014 0.877809 0.895635 0.876622 0.903217 0.868792 0.905014 0.869036 0.896538 0.877809 0.895635 0.885446 0.886515 0.876622 0.903217 0.877809 0.895635 0.86713 0.910842 0.876548 0.908623 0.872771 0.91226 0.876059 0.9138 0.872771 0.91226 0.876548 0.908623 0.876059 0.9138 0.876548 0.908623 0.883171 0.910193 0.876622 0.903217 0.883171 0.910193 0.876548 0.908623 0.876622 0.903217 0.884232 0.901328 0.883171 0.910193 0.884232 0.901328 0.876622 0.903217 0.885446 0.886515 0.887551 0.900454 0.884232 0.901328 0.885446 0.886515 0.887551 0.900454 0.885446 0.886515 0.888646 0.884658 0.891752 0.899773 0.887551 0.900454 0.888646 0.884658 0.891752 0.899773 0.888646 0.884658 0.895376 0.885403 0.892996 0.863704 0.895376 0.885403 0.888646 0.884658 0.887551 0.900454 0.891752 0.899773 0.891333 0.908435 0.887551 0.900454 0.891333 0.908435 0.886898 0.909085 0.886898 0.909085 0.884232 0.901328 0.887551 0.900454 0.886898 0.909085 0.883171 0.910193 0.884232 0.901328 0.861574 0.830204 0.86143 0.814564 0.880037 0.819461 0.861574 0.830204 0.880037 0.819461 0.875569 0.834174 0.875569 0.834174 0.880037 0.819461 0.897911 0.829708 0.875569 0.834174 0.897911 0.829708 0.888439 0.848541 0.888439 0.848541 0.897911 0.829708 0.901412 0.855736 0.888439 0.848541 0.901412 0.855736 0.892996 0.863704 0.901412 0.855736 0.907672 0.88046 0.892996 0.863704 0.892996 0.863704 0.907672 0.88046 0.895376 0.885403 0.906588 0.893578 0.895376 0.885403 0.907672 0.88046 0.906588 0.893578 0.891752 0.899773 0.895376 0.885403 0.891752 0.899773 0.906588 0.893578 0.903433 0.907109 0.891752 0.899773 0.903433 0.907109 0.891333 0.908435 0.890301 0.918657 0.891333 0.908435 0.903433 0.907109 0.890301 0.918657 0.886898 0.909085 0.891333 0.908435 0.890301 0.918657 0.884747 0.919588 0.886898 0.909085 0.883171 0.910193 0.886898 0.909085 0.884747 0.919588 0.883171 0.910193 0.884747 0.919588 0.881855 0.919434 0.876059 0.9138 0.883171 0.910193 0.881855 0.919434 0.884747 0.919588 0.890301 0.918657 0.886297 0.935904 0.889819 0.936558 0.886297 0.935904 0.890301 0.918657 0.890301 0.918657 0.898845 0.917412 0.889819 0.936558 0.890301 0.918657 0.903433 0.907109 0.898845 0.917412 0.89907 0.941015 0.889819 0.936558 0.898845 0.917412 0.869094 0.932075 0.87477 0.918078 0.881855 0.919434 0.869094 0.932075 0.881855 0.919434 0.874719 0.937311 0.876534 0.937503 0.874719 0.937311 0.881855 0.919434 0.876534 0.937503 0.881855 0.919434 0.884747 0.919588 0.882375 0.935593 0.876534 0.937503 0.884747 0.919588 0.884747 0.919588 0.886297 0.935904 0.882375 0.935593 0.875368 0.948454 0.882375 0.935593 0.886297 0.935904 0.875368 0.948454 0.886297 0.935904 0.876738 0.951393 0.876738 0.951393 0.886297 0.935904 0.889819 0.936558 0.876738 0.951393 0.889819 0.936558 0.878386 0.95481 0.878386 0.95481 0.889819 0.936558 0.89907 0.941015 0.878386 0.95481 0.89907 0.941015 0.882748 0.964093 0.875368 0.948454 0.876534 0.937503 0.882375 0.935593 0.89907 0.941015 0.90662 0.944954 0.889254 0.966997 0.89907 0.941015 0.889254 0.966997 0.882748 0.964093 0.882748 0.964093 0.889254 0.966997 0.870309 0.987874 0.882748 0.964093 0.870309 0.987874 0.866944 0.981634 0.882748 0.964093 0.866944 0.981634 0.878386 0.95481 0.866944 0.981634 0.867236 0.968373 0.878386 0.95481 0.878386 0.95481 0.867236 0.968373 0.876738 0.951393 0.867236 0.968373 0.866802 0.964249 0.876738 0.951393 0.865801 0.960139 0.876738 0.951393 0.866802 0.964249 0.865801 0.960139 0.875368 0.948454 0.876738 0.951393 0.875368 0.948454 0.865801 0.960139 0.873097 0.94584 0.875368 0.948454 0.873097 0.94584 0.876534 0.937503 0.871725 0.944345 0.876534 0.937503 0.873097 0.94584 0.871725 0.944345 0.874719 0.937311 0.876534 0.937503 0.866412 0.939012 0.874719 0.937311 0.871725 0.944345 0.866412 0.939012 0.869094 0.932075 0.874719 0.937311 0.858358 0.932203 0.869094 0.932075 0.866412 0.939012 0.87477 0.918078 0.869094 0.932075 0.858358 0.932203 0.855762 0.920176 0.87477 0.918078 0.858358 0.932203 0.915532 0.730083 0.915567 0.717388 0.912765 0.730218 0.915532 0.730083 0.917199 0.716982 0.915567 0.717388 0.915532 0.730083 0.923379 0.719285 0.917199 0.716982 0.915532 0.730083 0.922296 0.730433 0.923379 0.719285 0.915567 0.717388 0.914731 0.709359 0.911155 0.708006 0.915567 0.717388 0.916705 0.710122 0.914731 0.709359 0.915567 0.717388 0.917199 0.716982 0.916705 0.710122 0.917199 0.716982 0.923639 0.712826 0.916705 0.710122 0.917199 0.716982 0.923379 0.719285 0.923639 0.712826 0.923639 0.712826 0.923379 0.719285 0.931755 0.716894 0.922296 0.730433 0.931755 0.716894 0.923379 0.719285 0.922296 0.730433 0.93676 0.726423 0.931755 0.716894 0.922296 0.730433 0.925232 0.734773 0.93676 0.726423 0.925232 0.734773 0.929955 0.735388 0.93676 0.726423 0.929955 0.735388 0.925232 0.734773 0.922706 0.737859 0.922706 0.737859 0.923398 0.74228 0.929955 0.735388 0.916303 0.736901 0.923398 0.74228 0.922706 0.737859 0.916303 0.736901 0.916545 0.744125 0.923398 0.74228 0.916545 0.744125 0.916303 0.736901 0.912919 0.737724 0.916545 0.744125 0.912919 0.737724 0.913434 0.744901 0.913434 0.744901 0.912919 0.737724 0.908471 0.738188 0.913434 0.744901 0.908471 0.738188 0.909277 0.745533 0.938434 0.738944 0.93676 0.726423 0.929955 0.735388 0.923398 0.74228 0.929624 0.740343 0.929955 0.735388 0.929624 0.740343 0.938434 0.738944 0.929955 0.735388 0.938434 0.738944 0.929624 0.740343 0.93734 0.751741 0.93734 0.751741 0.932873 0.755616 0.933923 0.760496 0.93734 0.751741 0.933923 0.760496 0.944501 0.75461 0.944501 0.75461 0.938434 0.738944 0.93734 0.751741 0.944501 0.75461 0.947572 0.738881 0.938434 0.738944 0.947572 0.738881 0.93676 0.726423 0.938434 0.738944 0.947572 0.738881 0.945809 0.723506 0.93676 0.726423 0.937934 0.713262 0.93676 0.726423 0.945809 0.723506 0.937934 0.713262 0.931755 0.716894 0.93676 0.726423 0.937934 0.713262 0.929239 0.708551 0.931755 0.716894 0.937934 0.713262 0.932252 0.702314 0.929239 0.708551 0.926084 0.701702 0.929239 0.708551 0.932252 0.702314 0.938694 0.711895 0.932252 0.702314 0.937934 0.713262 0.937934 0.713262 0.947194 0.721972 0.938694 0.711895 0.937934 0.713262 0.945809 0.723506 0.947194 0.721972 0.945809 0.723506 0.950045 0.737971 0.947194 0.721972 0.945809 0.723506 0.947572 0.738881 0.950045 0.737971 0.947572 0.738881 0.94629 0.756075 0.950045 0.737971 0.947572 0.738881 0.944501 0.75461 0.94629 0.756075 0.944501 0.75461 0.934026 0.762613 0.94629 0.756075 0.944501 0.75461 0.933923 0.760496 0.934026 0.762613 0.934026 0.762613 0.933923 0.760496 0.92363 0.759482 0.932873 0.755616 0.92363 0.759482 0.933923 0.760496 0.92633 0.75148 0.92363 0.759482 0.932873 0.755616 0.932873 0.755616 0.93734 0.751741 0.92633 0.75148 0.93734 0.751741 0.930642 0.747773 0.92633 0.75148 0.930642 0.747773 0.93734 0.751741 0.929624 0.740343 0.923012 0.74912 0.930642 0.747773 0.929624 0.740343 0.923012 0.74912 0.929624 0.740343 0.923398 0.74228 0.916254 0.757787 0.923012 0.74912 0.923398 0.74228 0.949491 0.594815 0.979539 0.595574 0.950982 0.586422 0.950982 0.586422 0.979539 0.595574 0.96306 0.58133 0.979539 0.595574 0.974956 0.58571 0.96306 0.58133 0.978903 0.62983 0.979539 0.595574 0.949491 0.594815 0.978903 0.62983 0.949491 0.594815 0.94923 0.632796 0.94923 0.632796 0.949491 0.594815 0.943962 0.594144 0.94923 0.632796 0.943962 0.594144 0.943656 0.633474 0.943656 0.633474 0.943962 0.594144 0.934116 0.620741 0.934116 0.620741 0.943962 0.594144 0.934484 0.594035 0.942779 0.583885 0.934484 0.594035 0.943962 0.594144 0.942779 0.583885 0.93437 0.583135 0.934484 0.594035 0.942084 0.570119 0.93437 0.583135 0.942779 0.583885 0.942084 0.570119 0.934061 0.569685 0.93437 0.583135 0.942163 0.557279 0.934061 0.569685 0.942084 0.570119 0.942163 0.557279 0.933849 0.556906 0.934061 0.569685 0.933849 0.556906 0.942163 0.557279 0.94237 0.546633 0.933849 0.556906 0.94237 0.546633 0.934209 0.546479 0.934698 0.524925 0.934209 0.546479 0.94237 0.546633 0.943159 0.514691 0.934698 0.524925 0.94237 0.546633 0.94237 0.546633 0.949727 0.515094 0.943159 0.514691 0.94237 0.546633 0.948994 0.547152 0.949727 0.515094 0.942163 0.557279 0.948994 0.547152 0.94237 0.546633 0.942163 0.557279 0.948895 0.557916 0.948994 0.547152 0.948895 0.557916 0.942163 0.557279 0.942084 0.570119 0.948895 0.557916 0.942084 0.570119 0.948999 0.570492 0.942779 0.583885 0.948999 0.570492 0.942084 0.570119 0.942779 0.583885 0.948974 0.583739 0.948999 0.570492 0.948974 0.583739 0.942779 0.583885 0.943962 0.594144 0.948974 0.583739 0.943962 0.594144 0.949491 0.594815 0.907411 0.721357 0.911155 0.708006 0.908454 0.706247 0.904327 0.722095 0.907411 0.721357 0.908454 0.706247 0.904327 0.722095 0.907257 0.730699 0.907411 0.721357 0.907411 0.721357 0.907257 0.730699 0.912765 0.730218 0.907411 0.721357 0.912765 0.730218 0.910858 0.720279 0.910858 0.720279 0.912765 0.730218 0.915567 0.717388 0.915567 0.717388 0.911155 0.708006 0.910858 0.720279 0.907411 0.721357 0.910858 0.720279 0.911155 0.708006 0.905039 0.704207 0.908454 0.706247 0.908363 0.687363 0.904327 0.722095 0.908454 0.706247 0.905039 0.704207 0.896228 0.723071 0.904327 0.722095 0.905039 0.704207 0.896228 0.723071 0.896998 0.72939 0.904327 0.722095 0.907257 0.730699 0.904327 0.722095 0.896998 0.72939 0.896549 0.73858 0.907257 0.730699 0.896998 0.72939 0.896549 0.73858 0.908471 0.738188 0.907257 0.730699 0.912919 0.737724 0.907257 0.730699 0.908471 0.738188 0.912919 0.737724 0.912765 0.730218 0.907257 0.730699 0.912765 0.730218 0.912919 0.737724 0.916303 0.736901 0.912765 0.730218 0.916303 0.736901 0.915532 0.730083 0.915532 0.730083 0.916303 0.736901 0.922232 0.733786 0.915532 0.730083 0.922232 0.733786 0.922296 0.730433 0.922232 0.733786 0.925232 0.734773 0.922296 0.730433 0.922706 0.737859 0.925232 0.734773 0.922232 0.733786 0.922706 0.737859 0.922232 0.733786 0.916303 0.736901 0.901011 0.674744 0.908363 0.687363 0.919907 0.675651 0.901011 0.674744 0.905039 0.704207 0.908363 0.687363 0.895869 0.698773 0.905039 0.704207 0.901011 0.674744 0.896228 0.723071 0.905039 0.704207 0.895869 0.698773 0.894027 0.729173 0.896549 0.73858 0.896998 0.72939 0.896998 0.72939 0.893349 0.723271 0.894027 0.729173 0.896998 0.72939 0.896228 0.723071 0.893349 0.723271 0.893341 0.699152 0.893349 0.723271 0.896228 0.723071 0.893341 0.699152 0.896228 0.723071 0.895869 0.698773 0.898569 0.673183 0.893341 0.699152 0.895869 0.698773 0.898569 0.673183 0.895869 0.698773 0.901011 0.674744 0.915464 0.651256 0.898569 0.673183 0.901011 0.674744 0.915464 0.651256 0.901011 0.674744 0.919907 0.675651 0.933582 0.655811 0.915464 0.651256 0.919907 0.675651 0.933582 0.655811 0.919907 0.675651 0.935816 0.67795 0.920767 0.679362 0.935816 0.67795 0.919907 0.675651 0.908363 0.687363 0.920767 0.679362 0.919907 0.675651 0.908363 0.687363 0.910941 0.691033 0.920767 0.679362 0.908363 0.687363 0.908454 0.706247 0.910941 0.691033 0.908454 0.706247 0.914081 0.694426 0.910941 0.691033 0.908454 0.706247 0.911155 0.708006 0.914081 0.694426 0.911155 0.708006 0.914731 0.709359 0.914081 0.694426 0.682468 0.01091796 0.6732 0.01574695 0.670941 0.008668959 0.67171 0.01726299 0.670941 0.008668959 0.6732 0.01574695 0.67171 0.01726299 0.668053 0.008340001 0.670941 0.008668959 0.668053 0.008340001 0.67171 0.01726299 0.655576 0.01866996 0.67171 0.01726299 0.655321 0.03456199 0.655576 0.01866996 0.655576 0.01866996 0.655321 0.03456199 0.640187 0.03815799 0.655321 0.03456199 0.648879 0.051054 0.640187 0.03815799 0.668053 0.008340001 0.667922 0.003359973 0.670941 0.008668959 0.684041 0.01013398 0.682468 0.01091796 0.686674 0.001966953 0.686674 0.001966953 0.682468 0.01091796 0.682828 0.004923999 0.686674 0.001966953 0.682828 0.004923999 0.667922 0.003359973 0.664549 6.97e-4 0.686674 0.001966953 0.667922 0.003359973 0.664549 6.97e-4 0.667922 0.003359973 0.668053 0.008340001 0.664549 6.97e-4 0.668053 0.008340001 0.652201 0.01293694 0.668053 0.008340001 0.655576 0.01866996 0.652201 0.01293694 0.655576 0.01866996 0.632736 0.02711999 0.652201 0.01293694 0.655576 0.01866996 0.640187 0.03815799 0.632736 0.02711999 0.640187 0.03815799 0.618941 0.04000794 0.632736 0.02711999 0.640187 0.03815799 0.627713 0.05304396 0.618941 0.04000794 0.648879 0.051054 0.627713 0.05304396 0.640187 0.03815799 0.65482 0.058007 0.627713 0.05304396 0.648879 0.051054 0.65482 0.058007 0.648879 0.051054 0.655321 0.03456199 0.65482 0.058007 0.655321 0.03456199 0.672586 0.03744095 0.67171 0.01726299 0.672586 0.03744095 0.655321 0.03456199 0.677478 0.01954698 0.672586 0.03744095 0.67171 0.01726299 0.677478 0.01954698 0.67171 0.01726299 0.6732 0.01574695 0.65482 0.058007 0.639017 0.07661497 0.627713 0.05304396 0.664549 6.97e-4 0.652201 0.01293694 0.648343 0.00783497 0.652201 0.01293694 0.628879 0.02100098 0.648343 0.00783497 0.652201 0.01293694 0.632736 0.02711999 0.628879 0.02100098 0.613717 0.03168898 0.628879 0.02100098 0.632736 0.02711999 0.613717 0.03168898 0.632736 0.02711999 0.618941 0.04000794 0.68138 0.01611095 0.682271 0.01720696 0.677478 0.01954698 0.68138 0.01611095 0.677478 0.01954698 0.677497 0.01770699 0.677478 0.01954698 0.68487 0.03396099 0.672586 0.03744095 0.682271 0.01720696 0.68487 0.03396099 0.677478 0.01954698 0.682271 0.01720696 0.695189 0.02588897 0.68487 0.03396099 0.677478 0.01954698 0.6732 0.01574695 0.677497 0.01770699 0.682468 0.01091796 0.677497 0.01770699 0.6732 0.01574695 0.682468 0.01091796 0.68138 0.01611095 0.677497 0.01770699 0.68138 0.01611095 0.682468 0.01091796 0.684041 0.01013398 0.68138 0.01611095 0.684041 0.01013398 0.682271 0.01720696 0.697872 0.01918697 0.682271 0.01720696 0.684041 0.01013398 0.697872 0.01918697 0.695189 0.02588897 0.682271 0.01720696 0.7073 0.02721899 0.695189 0.02588897 0.697872 0.01918697 0.7073 0.02721899 0.706574 0.03473997 0.695189 0.02588897 0.71766 0.03289097 0.706574 0.03473997 0.7073 0.02721899 0.71766 0.03289097 0.716489 0.03862899 0.706574 0.03473997 0.716489 0.03862899 0.71766 0.03289097 0.727455 0.03512197 0.716489 0.03862899 0.727455 0.03512197 0.726171 0.04247498 0.726171 0.04247498 0.715993 0.04422599 0.716489 0.03862899 0.726171 0.04247498 0.725523 0.04704195 0.715993 0.04422599 0.715993 0.04422599 0.725523 0.04704195 0.719181 0.04972398 0.728882 0.05510997 0.719181 0.04972398 0.725523 0.04704195 0.728385 0.05601096 0.719181 0.04972398 0.728882 0.05510997 0.736129 0.05946999 0.728385 0.05601096 0.728882 0.05510997 0.736129 0.05946999 0.728882 0.05510997 0.733198 0.05015498 0.725523 0.04704195 0.733198 0.05015498 0.728882 0.05510997 0.738705 0.045111 0.733198 0.05015498 0.725523 0.04704195 0.726171 0.04247498 0.738705 0.045111 0.725523 0.04704195 0.738482 0.03782498 0.738705 0.045111 0.726171 0.04247498 0.738482 0.03782498 0.726171 0.04247498 0.727455 0.03512197 0.727455 0.03512197 0.738536 0.029504 0.738482 0.03782498 0.727455 0.03512197 0.729266 0.02847796 0.738536 0.029504 0.71766 0.03289097 0.729266 0.02847796 0.727455 0.03512197 0.71766 0.03289097 0.719708 0.025747 0.729266 0.02847796 0.719708 0.025747 0.71766 0.03289097 0.7073 0.02721899 0.719708 0.025747 0.7073 0.02721899 0.708687 0.02064198 0.697872 0.01918697 0.708687 0.02064198 0.7073 0.02721899 0.697872 0.01918697 0.698913 0.01235699 0.708687 0.02064198 0.697872 0.01918697 0.684041 0.01013398 0.698913 0.01235699 0.698913 0.01235699 0.684041 0.01013398 0.686674 0.001966953 0.736129 0.05946999 0.735355 0.06152695 0.728385 0.05601096 0.79236 0.03675395 0.779646 0.03847497 0.783194 0.02827799 0.780502 0.04741698 0.779646 0.03847497 0.79236 0.03675395 0.771406 0.04611796 0.779646 0.03847497 0.780502 0.04741698 0.779231 0.04958695 0.771406 0.04611796 0.780502 0.04741698 0.779231 0.04958695 0.770983 0.04727095 0.771406 0.04611796 0.770983 0.04727095 0.761663 0.04790699 0.771406 0.04611796 0.770983 0.04727095 0.761806 0.04884397 0.761663 0.04790699 0.761663 0.04790699 0.761806 0.04884397 0.751508 0.05219399 0.761663 0.04790699 0.751508 0.05219399 0.751032 0.05122798 0.751508 0.05219399 0.74436 0.05564695 0.751032 0.05122798 0.74436 0.05564695 0.744725 0.04972594 0.751032 0.05122798 0.751763 0.04634499 0.751032 0.05122798 0.744725 0.04972594 0.751763 0.04634499 0.744725 0.04972594 0.738705 0.045111 0.751254 0.041969 0.751763 0.04634499 0.738705 0.045111 0.738482 0.03782498 0.751254 0.041969 0.738705 0.045111 0.738482 0.03782498 0.750107 0.03489094 0.751254 0.041969 0.738536 0.029504 0.750107 0.03489094 0.738482 0.03782498 0.738536 0.029504 0.748412 0.02840495 0.750107 0.03489094 0.751508 0.05219399 0.745156 0.05781596 0.74436 0.05564695 0.780502 0.04741698 0.791353 0.05395597 0.779231 0.04958695 0.780502 0.04741698 0.791443 0.051081 0.791353 0.05395597 0.780502 0.04741698 0.79236 0.03675395 0.791443 0.051081 0.799805 0.01548099 0.783194 0.02827799 0.781105 0.02157795 0.783194 0.02827799 0.771133 0.02753996 0.781105 0.02157795 0.783194 0.02827799 0.771097 0.03456199 0.771133 0.02753996 0.771097 0.03456199 0.760339 0.03262495 0.771133 0.02753996 0.771097 0.03456199 0.76114 0.03805398 0.760339 0.03262495 0.750107 0.03489094 0.760339 0.03262495 0.76114 0.03805398 0.750107 0.03489094 0.76114 0.03805398 0.751254 0.041969 0.761361 0.04323196 0.751254 0.041969 0.76114 0.03805398 0.761361 0.04323196 0.751763 0.04634499 0.751254 0.041969 0.751763 0.04634499 0.761361 0.04323196 0.761663 0.04790699 0.751763 0.04634499 0.761663 0.04790699 0.751032 0.05122798 0.770285 0.04081594 0.761361 0.04323196 0.76114 0.03805398 0.770285 0.04081594 0.76114 0.03805398 0.771097 0.03456199 0.783194 0.02827799 0.779646 0.03847497 0.771097 0.03456199 0.779646 0.03847497 0.770285 0.04081594 0.771097 0.03456199 0.771406 0.04611796 0.770285 0.04081594 0.779646 0.03847497 0.771406 0.04611796 0.761361 0.04323196 0.770285 0.04081594 0.771406 0.04611796 0.761663 0.04790699 0.761361 0.04323196 0.838299 0.04375696 0.858229 0.04620498 0.848551 0.05945295 0.838299 0.04375696 0.848551 0.05945295 0.827859 0.05590999 0.848551 0.05945295 0.821112 0.06250697 0.827859 0.05590999 0.822891 0.03931999 0.827859 0.05590999 0.821112 0.06250697 0.822891 0.03931999 0.821112 0.06250697 0.80432 0.04112899 0.822891 0.03931999 0.80432 0.04112899 0.813103 0.02302795 0.813103 0.02302795 0.80432 0.04112899 0.806648 0.02458798 0.813103 0.02302795 0.806648 0.02458798 0.806909 0.02279096 0.806648 0.02458798 0.803585 0.02220195 0.806909 0.02279096 0.800785 0.01392596 0.806909 0.02279096 0.803585 0.02220195 0.799805 0.01548099 0.800785 0.01392596 0.803585 0.02220195 0.799805 0.01548099 0.803585 0.02220195 0.802689 0.02320796 0.799805 0.01548099 0.802689 0.02320796 0.783194 0.02827799 0.802689 0.02320796 0.79236 0.03675395 0.783194 0.02827799 0.806648 0.02458798 0.79236 0.03675395 0.802689 0.02320796 0.806648 0.02458798 0.80432 0.04112899 0.79236 0.03675395 0.79236 0.03675395 0.80432 0.04112899 0.791443 0.051081 0.804023 0.057796 0.791443 0.051081 0.80432 0.04112899 0.806648 0.02458798 0.802689 0.02320796 0.803585 0.02220195 0.826078 0.08153396 0.819241 0.08177399 0.821112 0.06250697 0.814915 0.06957799 0.821112 0.06250697 0.819241 0.08177399 0.804023 0.057796 0.821112 0.06250697 0.814915 0.06957799 0.80432 0.04112899 0.821112 0.06250697 0.804023 0.057796 0.804023 0.057796 0.791353 0.05395597 0.791443 0.051081 0.804023 0.057796 0.803793 0.06022995 0.791353 0.05395597 0.804023 0.057796 0.814915 0.06957799 0.803793 0.06022995 0.803793 0.06022995 0.814915 0.06957799 0.81224 0.07059699 0.814915 0.06957799 0.816354 0.08239096 0.81224 0.07059699 0.814915 0.06957799 0.819241 0.08177399 0.816354 0.08239096 0.820566 0.09428298 0.816354 0.08239096 0.819241 0.08177399 0.819241 0.08177399 0.825178 0.09842395 0.820566 0.09428298 0.826078 0.08153396 0.825178 0.09842395 0.819241 0.08177399 0.835543 0.08348995 0.825178 0.09842395 0.826078 0.08153396 0.821112 0.06250697 0.835543 0.08348995 0.826078 0.08153396 0.848551 0.05945295 0.835543 0.08348995 0.821112 0.06250697 0.835543 0.08348995 0.831476 0.103796 0.825178 0.09842395 0.820566 0.09428298 0.81848 0.09366101 0.816354 0.08239096 0.94923 0.632796 0.958352 0.638825 0.978903 0.62983 0.978903 0.62983 0.958352 0.638825 0.972148 0.637915 0.336718 0.746136 0.323613 0.775328 0.334212 0.77779 0.336718 0.746136 0.336426 0.743636 0.326407 0.742818 0.336718 0.746136 0.326407 0.742818 0.324962 0.747173 0.336718 0.746136 0.324962 0.747173 0.323613 0.775328 0.314021 0.754404 0.323613 0.775328 0.324962 0.747173 0.314021 0.754404 0.313129 0.774263 0.323613 0.775328 0.303794 0.758694 0.313129 0.774263 0.314021 0.754404 0.303794 0.758694 0.30472 0.77375 0.313129 0.774263 0.293979 0.760436 0.30472 0.77375 0.303794 0.758694 0.293979 0.760436 0.293546 0.775088 0.30472 0.77375 0.284219 0.759519 0.293546 0.775088 0.293979 0.760436 0.284219 0.759519 0.283872 0.777181 0.293546 0.775088 0.27566 0.778335 0.283872 0.777181 0.284219 0.759519 0.27566 0.778335 0.284219 0.759519 0.276081 0.755317 0.276081 0.755317 0.265121 0.779654 0.27566 0.778335 0.276081 0.755317 0.265761 0.747737 0.265121 0.779654 0.254333 0.778458 0.265121 0.779654 0.265761 0.747737 0.254333 0.778458 0.265761 0.747737 0.254941 0.744301 0.243438 0.776364 0.254333 0.778458 0.254941 0.744301 0.243438 0.776364 0.254941 0.744301 0.242723 0.744641 0.242776 0.74208 0.242723 0.744641 0.254941 0.744301 0.242776 0.74208 0.254941 0.744301 0.25525 0.74182 0.254941 0.744301 0.26491 0.741496 0.25525 0.74182 0.254941 0.744301 0.265761 0.747737 0.26491 0.741496 0.968792 0.163308 0.949691 0.154163 0.962113 0.14761 0.946159 0.144923 0.962113 0.14761 0.949691 0.154163 0.932951 0.150061 0.946159 0.144923 0.949691 0.154163 0.959851 0.138365 0.946159 0.144923 0.944575 0.134504 0.944575 0.134504 0.946159 0.144923 0.93051 0.141749 0.932951 0.150061 0.93051 0.141749 0.946159 0.144923 0.93051 0.141749 0.932951 0.150061 0.916314 0.150275 0.813824 0.154159 0.83685 0.146154 0.809988 0.176999 0.83685 0.146154 0.831412 0.162644 0.809988 0.176999 0.85023 0.15483 0.831412 0.162644 0.83685 0.146154 0.85023 0.15483 0.83685 0.146154 0.852619 0.145006 0.852619 0.145006 0.866158 0.152474 0.85023 0.15483 0.852619 0.145006 0.868461 0.142018 0.866158 0.152474 0.884157 0.153586 0.866158 0.152474 0.868461 0.142018 0.884157 0.153586 0.868461 0.142018 0.884918 0.140803 0.901053 0.153527 0.884157 0.153586 0.884918 0.140803 0.901053 0.153527 0.884918 0.140803 0.901072 0.141251 0.901072 0.141251 0.916314 0.150275 0.901053 0.153527 0.901072 0.141251 0.915416 0.140844 0.916314 0.150275 0.93051 0.141749 0.916314 0.150275 0.915416 0.140844 0.926565 0.131115 0.93051 0.141749 0.915416 0.140844 0.944575 0.134504 0.93051 0.141749 0.926565 0.131115 0.94082 0.121442 0.944575 0.134504 0.926565 0.131115 0.95774 0.123073 0.944575 0.134504 0.94082 0.121442 0.95774 0.123073 0.959851 0.138365 0.944575 0.134504 0.976078 0.126702 0.959851 0.138365 0.95774 0.123073 0.976078 0.126702 0.976165 0.138983 0.959851 0.138365 0.94082 0.121442 0.926565 0.131115 0.926093 0.118559 0.926093 0.118559 0.926565 0.131115 0.914734 0.129118 0.926565 0.131115 0.915416 0.140844 0.914734 0.129118 0.914734 0.129118 0.915416 0.140844 0.901072 0.141251 0.914734 0.129118 0.901072 0.141251 0.901107 0.1281239 0.901072 0.141251 0.885703 0.1293269 0.901107 0.1281239 0.901072 0.141251 0.884918 0.140803 0.885703 0.1293269 0.884918 0.140803 0.872592 0.131593 0.885703 0.1293269 0.884918 0.140803 0.868461 0.142018 0.872592 0.131593 0.868461 0.142018 0.853765 0.134409 0.872592 0.131593 0.868461 0.142018 0.852619 0.145006 0.853765 0.134409 0.852619 0.145006 0.838775 0.136694 0.853765 0.134409 0.852619 0.145006 0.83685 0.146154 0.838775 0.136694 0.838775 0.136694 0.83685 0.146154 0.813824 0.154159 0.823174 0.136472 0.838775 0.136694 0.813824 0.154159 0.926093 0.118559 0.914734 0.129118 0.91336 0.116585 0.91336 0.116585 0.914734 0.129118 0.901107 0.1281239 0.914056 0.108166 0.928034 0.11041 0.926093 0.118559 0.914056 0.108166 0.926093 0.118559 0.91336 0.116585 0.914056 0.108166 0.91336 0.116585 0.90089 0.115802 0.91336 0.116585 0.901107 0.1281239 0.90089 0.115802 0.901107 0.1281239 0.887235 0.116905 0.90089 0.115802 0.901107 0.1281239 0.885703 0.1293269 0.887235 0.116905 0.885703 0.1293269 0.873526 0.119246 0.887235 0.116905 0.885703 0.1293269 0.872592 0.131593 0.873526 0.119246 0.872592 0.131593 0.858062 0.1223649 0.873526 0.119246 0.872592 0.131593 0.853765 0.134409 0.858062 0.1223649 0.853765 0.134409 0.841457 0.122134 0.858062 0.1223649 0.853765 0.134409 0.838775 0.136694 0.841457 0.122134 0.838775 0.136694 0.823638 0.124159 0.841457 0.122134 0.838775 0.136694 0.823174 0.136472 0.823638 0.124159 0.808186 0.131296 0.823638 0.124159 0.823174 0.136472 0.823174 0.136472 0.808427 0.1537269 0.808186 0.131296 0.823174 0.136472 0.813824 0.154159 0.808427 0.1537269 0.813824 0.154159 0.809988 0.176999 0.808427 0.1537269 0.914056 0.108166 0.90089 0.115802 0.900592 0.10745 0.90089 0.115802 0.88638 0.108644 0.900592 0.10745 0.90089 0.115802 0.887235 0.116905 0.88638 0.108644 0.887235 0.116905 0.871817 0.11125 0.88638 0.108644 0.887235 0.116905 0.873526 0.119246 0.871817 0.11125 0.855818 0.114889 0.871817 0.11125 0.873526 0.119246 0.855818 0.114889 0.873526 0.119246 0.858062 0.1223649 0.841457 0.122134 0.855818 0.114889 0.858062 0.1223649 0.841457 0.122134 0.841176 0.116499 0.855818 0.114889 0.841457 0.122134 0.822918 0.119446 0.841176 0.116499 0.841457 0.122134 0.823638 0.124159 0.822918 0.119446 0.822918 0.119446 0.823638 0.124159 0.805453 0.117873 0.804284 0.121271 0.805453 0.117873 0.823638 0.124159 0.808186 0.131296 0.804284 0.121271 0.823638 0.124159 0.959851 0.138365 0.962113 0.14761 0.946159 0.144923 0.959851 0.138365 0.976165 0.138983 0.962113 0.14761 0.976165 0.138983 0.968792 0.163308 0.962113 0.14761 0.976165 0.138983 0.985752 0.156709 0.968792 0.163308 0.989665 0.179171 0.968792 0.163308 0.985752 0.156709 0.985752 0.156709 0.991338 0.156525 0.989665 0.179171 0.991338 0.156525 0.985752 0.156709 0.976165 0.138983 0.991338 0.156525 0.976165 0.138983 0.992183 0.134499 0.976078 0.126702 0.992183 0.134499 0.976165 0.138983 0.976078 0.126702 0.996513 0.124899 0.992183 0.134499 0.996513 0.124899 0.976078 0.126702 0.995364 0.121509 0.97703 0.122195 0.995364 0.121509 0.976078 0.126702 0.97703 0.122195 0.976078 0.126702 0.95774 0.123073 0.97703 0.122195 0.95774 0.123073 0.958489 0.11735 0.943682 0.114005 0.958489 0.11735 0.95774 0.123073 0.943682 0.114005 0.95774 0.123073 0.94082 0.121442 0.94082 0.121442 0.928034 0.11041 0.943682 0.114005 0.94082 0.121442 0.926093 0.118559 0.928034 0.11041 0.20196 0.819916 0.202151 0.812042 0.219716 0.812901 0.219207 0.802366 0.219716 0.812901 0.202151 0.812042 0.238308 0.802621 0.219716 0.812901 0.219207 0.802366 0.278706 0.790248 0.25578 0.805909 0.254417 0.782229 0.254417 0.782229 0.25578 0.805909 0.238308 0.802621 0.25578 0.805909 0.238238 0.814849 0.238308 0.802621 0.238308 0.802621 0.238238 0.814849 0.219716 0.812901 0.220224 0.823436 0.219716 0.812901 0.238238 0.814849 0.20196 0.819916 0.219716 0.812901 0.220224 0.823436 0.220224 0.823436 0.202608 0.825976 0.20196 0.819916 0.20196 0.819916 0.202608 0.825976 0.1864939 0.820966 0.20196 0.819916 0.1864939 0.820966 0.186455 0.812888 0.186455 0.812888 0.202151 0.812042 0.20196 0.819916 0.186455 0.812888 0.202342 0.804167 0.202151 0.812042 0.219207 0.802366 0.202151 0.812042 0.202342 0.804167 0.202342 0.804167 0.217447 0.781139 0.219207 0.802366 0.219207 0.802366 0.217447 0.781139 0.236089 0.779649 0.219207 0.802366 0.236089 0.779649 0.238308 0.802621 0.254417 0.782229 0.238308 0.802621 0.236089 0.779649 0.181654 0.790334 0.197816 0.783854 0.186455 0.812888 0.202342 0.804167 0.186455 0.812888 0.197816 0.783854 0.202342 0.804167 0.197816 0.783854 0.217447 0.781139 0.688894 0.04713296 0.697537 0.03741395 0.700249 0.04563999 0.700249 0.04563999 0.697537 0.03741395 0.709683 0.046691 0.697537 0.03741395 0.706984 0.04137694 0.709683 0.046691 0.719181 0.04972398 0.709683 0.046691 0.715993 0.04422599 0.706984 0.04137694 0.715993 0.04422599 0.709683 0.046691 0.716489 0.03862899 0.715993 0.04422599 0.706984 0.04137694 0.716489 0.03862899 0.706984 0.04137694 0.706574 0.03473997 0.706574 0.03473997 0.706984 0.04137694 0.697537 0.03741395 0.695189 0.02588897 0.706574 0.03473997 0.697537 0.03741395 0.695189 0.02588897 0.697537 0.03741395 0.68487 0.03396099 0.688894 0.04713296 0.68487 0.03396099 0.697537 0.03741395 0.688894 0.04713296 0.672586 0.03744095 0.68487 0.03396099 0.688894 0.04713296 0.676274 0.053128 0.672586 0.03744095 0.676274 0.053128 0.65482 0.058007 0.672586 0.03744095 0.676274 0.053128 0.663501 0.06284397 0.65482 0.058007 0.64588 0.09195995 0.639584 0.09580296 0.639017 0.07661497 0.64588 0.09195995 0.639017 0.07661497 0.64823 0.07643496 0.65482 0.058007 0.64823 0.07643496 0.639017 0.07661497 0.64823 0.07643496 0.65482 0.058007 0.657328 0.07423698 0.663501 0.06284397 0.657328 0.07423698 0.65482 0.058007 0.659958 0.07539498 0.657328 0.07423698 0.663501 0.06284397 0.659958 0.07539498 0.663501 0.06284397 0.665928 0.064359 0.663501 0.06284397 0.676274 0.053128 0.665928 0.064359 0.676152 0.05562996 0.665928 0.064359 0.676274 0.053128 0.676274 0.053128 0.688894 0.04713296 0.676152 0.05562996 0.688658 0.05010795 0.676152 0.05562996 0.688894 0.04713296 0.688658 0.05010795 0.688894 0.04713296 0.700249 0.04563999 0.688658 0.05010795 0.700249 0.04563999 0.701046 0.04808795 0.701046 0.04808795 0.700249 0.04563999 0.709683 0.046691 0.701046 0.04808795 0.709683 0.046691 0.709869 0.04796099 0.719181 0.04972398 0.709869 0.04796099 0.709683 0.046691 0.719181 0.04972398 0.718892 0.05064296 0.709869 0.04796099 0.728385 0.05601096 0.718892 0.05064296 0.719181 0.04972398 0.64588 0.09195995 0.64823 0.07643496 0.652857 0.08580499 0.657328 0.07423698 0.652857 0.08580499 0.64823 0.07643496 0.659958 0.07539498 0.652857 0.08580499 0.657328 0.07423698 0.659958 0.07539498 0.654912 0.08585 0.652857 0.08580499 0.811879 0.02127897 0.800785 0.01392596 0.81374 0.01440697 0.811879 0.02127897 0.806909 0.02279096 0.800785 0.01392596 0.813103 0.02302795 0.806909 0.02279096 0.811879 0.02127897 0.81374 0.01440697 0.813103 0.02302795 0.811879 0.02127897 0.822891 0.03931999 0.838299 0.04375696 0.827859 0.05590999 0.823735 0.02443397 0.838299 0.04375696 0.822891 0.03931999 0.822891 0.03931999 0.813103 0.02302795 0.823735 0.02443397 0.823735 0.02443397 0.813103 0.02302795 0.816524 0.01453799 0.81374 0.01440697 0.816524 0.01453799 0.813103 0.02302795 0.816524 0.01453799 0.81374 0.01440697 0.811221 0.008857965 0.748412 0.02840495 0.760339 0.03262495 0.750107 0.03489094 0.748412 0.02840495 0.758597 0.02568799 0.760339 0.03262495 0.771133 0.02753996 0.760339 0.03262495 0.758597 0.02568799 0.771133 0.02753996 0.758597 0.02568799 0.770175 0.02094596 0.770175 0.02094596 0.781105 0.02157795 0.771133 0.02753996 0.770175 0.02094596 0.780599 0.01482796 0.781105 0.02157795 0.780599 0.01482796 0.799805 0.01548099 0.781105 0.02157795 0.793204 0.007272958 0.799805 0.01548099 0.780599 0.01482796 0.799805 0.01548099 0.793204 0.007272958 0.800785 0.01392596 0.793204 0.007272958 0.79708 0.01001697 0.800785 0.01392596 0.793204 0.007272958 0.811221 0.008857965 0.79708 0.01001697 0.793204 0.007272958 0.814662 0.00623399 0.811221 0.008857965 0.814662 0.00623399 0.816524 0.01453799 0.811221 0.008857965 0.827516 0.01870298 0.816524 0.01453799 0.814662 0.00623399 0.823735 0.02443397 0.816524 0.01453799 0.827516 0.01870298 0.847288 0.033297 0.823735 0.02443397 0.827516 0.01870298 0.847288 0.033297 0.838299 0.04375696 0.823735 0.02443397 0.847288 0.033297 0.858229 0.04620498 0.838299 0.04375696 0.847288 0.033297 0.864555 0.03802299 0.858229 0.04620498 0.847288 0.033297 0.851622 0.02708399 0.864555 0.03802299 0.831986 0.01316297 0.851622 0.02708399 0.847288 0.033297 0.831986 0.01316297 0.847288 0.033297 0.827516 0.01870298 0.827516 0.01870298 0.814662 0.00623399 0.831986 0.01316297 0.120011 0.969663 0.117596 0.979335 0.114564 0.974326 0.120011 0.969663 0.12573 0.980031 0.117596 0.979335 0.12573 0.980031 0.1184419 0.983199 0.117596 0.979335 0.12573 0.980031 0.1260949 0.985932 0.1184419 0.983199 0.1177819 0.991204 0.1184419 0.983199 0.1260949 0.985932 0.1177819 0.991204 0.112188 0.988423 0.1184419 0.983199 0.1177819 0.991204 0.105122 0.990447 0.112188 0.988423 0.108101 0.994973 0.105122 0.990447 0.1177819 0.991204 0.09806495 0.995717 0.105122 0.990447 0.108101 0.994973 0.09806495 0.995717 0.09541499 0.99204 0.105122 0.990447 0.05907398 0.971329 0.05895799 0.965046 0.06228399 0.972399 0.06668198 0.966335 0.06228399 0.972399 0.05895799 0.965046 0.06759899 0.962705 0.06668198 0.966335 0.05895799 0.965046 0.06759899 0.962705 0.05895799 0.965046 0.06098896 0.959297 0.06986898 0.959591 0.06759899 0.962705 0.06098896 0.959297 0.06986898 0.959591 0.06098896 0.959297 0.06483697 0.953691 0.07234197 0.950315 0.06986898 0.959591 0.06483697 0.953691 0.07234197 0.950315 0.07531195 0.957778 0.06986898 0.959591 0.08112597 0.950189 0.07531195 0.957778 0.07234197 0.950315 0.08112597 0.950189 0.080778 0.958124 0.07531195 0.957778 0.09349697 0.954773 0.080778 0.958124 0.08112597 0.950189 0.09349697 0.954773 0.09141498 0.962262 0.080778 0.958124 0.102516 0.959022 0.09141498 0.962262 0.09349697 0.954773 0.102516 0.959022 0.09960496 0.966165 0.09141498 0.962262 0.111562 0.964422 0.09960496 0.966165 0.102516 0.959022 0.111562 0.964422 0.107435 0.970286 0.09960496 0.966165 0.111562 0.964422 0.114564 0.974326 0.107435 0.970286 0.111562 0.964422 0.120011 0.969663 0.114564 0.974326 0.329248 0.678905 0.355921 0.676366 0.355326 0.66175 0.329248 0.678905 0.355326 0.66175 0.322155 0.661274 0.322155 0.661274 0.312356 0.687175 0.329248 0.678905 0.322155 0.661274 0.303891 0.679754 0.312356 0.687175 0.303891 0.679754 0.29677 0.697074 0.312356 0.687175 0.315273 0.695661 0.312356 0.687175 0.29677 0.697074 0.331412 0.693354 0.312356 0.687175 0.315273 0.695661 0.331412 0.693354 0.329248 0.678905 0.312356 0.687175 0.356632 0.692599 0.329248 0.678905 0.331412 0.693354 0.356632 0.692599 0.355921 0.676366 0.329248 0.678905 0.356632 0.692599 0.383804 0.683165 0.355921 0.676366 0.383804 0.683165 0.355326 0.66175 0.355921 0.676366 0.383804 0.683165 0.394392 0.667012 0.355326 0.66175 0.395554 0.693158 0.394392 0.667012 0.383804 0.683165 0.395554 0.693158 0.408349 0.688367 0.394392 0.667012 0.395554 0.693158 0.400804 0.703521 0.408349 0.688367 0.400804 0.703521 0.417359 0.702744 0.408349 0.688367 0.400804 0.703521 0.40546 0.711199 0.417359 0.702744 0.394726 0.713963 0.40546 0.711199 0.400804 0.703521 0.40546 0.711199 0.394726 0.713963 0.401921 0.717671 0.384184 0.727776 0.401921 0.717671 0.394726 0.713963 0.384184 0.727776 0.394726 0.713963 0.381424 0.722227 0.354784 0.72947 0.384184 0.727776 0.381424 0.722227 0.354784 0.72947 0.381424 0.722227 0.355028 0.725708 0.324569 0.729855 0.354784 0.72947 0.355028 0.725708 0.324569 0.729855 0.355028 0.725708 0.328543 0.722876 0.324569 0.729855 0.328543 0.722876 0.307456 0.714704 0.314131 0.704527 0.307456 0.714704 0.328543 0.722876 0.314131 0.704527 0.29677 0.697074 0.307456 0.714704 0.315273 0.695661 0.29677 0.697074 0.314131 0.704527 0.330888 0.707407 0.315273 0.695661 0.314131 0.704527 0.330888 0.707407 0.331412 0.693354 0.315273 0.695661 0.356341 0.708171 0.331412 0.693354 0.330888 0.707407 0.356341 0.708171 0.356632 0.692599 0.331412 0.693354 0.356341 0.708171 0.379042 0.695993 0.356632 0.692599 0.356632 0.692599 0.379042 0.695993 0.383804 0.683165 0.395554 0.693158 0.383804 0.683165 0.379042 0.695993 0.395554 0.693158 0.379042 0.695993 0.39097 0.699823 0.400804 0.703521 0.395554 0.693158 0.39097 0.699823 0.400804 0.703521 0.39097 0.699823 0.390673 0.706934 0.394726 0.713963 0.400804 0.703521 0.390673 0.706934 0.390673 0.706934 0.381424 0.722227 0.394726 0.713963 0.390673 0.706934 0.378098 0.708341 0.381424 0.722227 0.355028 0.725708 0.381424 0.722227 0.378098 0.708341 0.355028 0.725708 0.378098 0.708341 0.356341 0.708171 0.355028 0.725708 0.356341 0.708171 0.330888 0.707407 0.355028 0.725708 0.330888 0.707407 0.328543 0.722876 0.314131 0.704527 0.328543 0.722876 0.330888 0.707407 0.356341 0.708171 0.378098 0.708341 0.379042 0.695993 0.39097 0.699823 0.379042 0.695993 0.378098 0.708341 0.39097 0.699823 0.378098 0.708341 0.390673 0.706934 0.202574 0.02862495 0.168969 0.01778399 0.170819 0.01525896 0.202574 0.02862495 0.201291 0.03116697 0.168969 0.01778399 0.234329 0.04199099 0.201291 0.03116697 0.202574 0.02862495 0.234329 0.04199099 0.233614 0.04455 0.201291 0.03116697 0.232672 0.04730999 0.201291 0.03116697 0.233614 0.04455 0.232672 0.04730999 0.200021 0.03341996 0.201291 0.03116697 0.231738 0.049582 0.200021 0.03341996 0.232672 0.04730999 0.231738 0.049582 0.199327 0.03531098 0.200021 0.03341996 0.166916 0.02104097 0.200021 0.03341996 0.199327 0.03531098 0.166916 0.02104097 0.167369 0.01952999 0.200021 0.03341996 0.168969 0.01778399 0.200021 0.03341996 0.167369 0.01952999 0.168969 0.01778399 0.201291 0.03116697 0.200021 0.03341996 0.08962595 0.01968795 0.01032698 0.01736098 0.01023197 0.01533198 0.08962595 0.01968795 0.01023197 0.01533198 0.08959299 0.01675897 0.01052397 0.01162594 0.08959299 0.01675897 0.01023197 0.01533198 0.01052397 0.01162594 0.08917295 0.01346498 0.08959299 0.01675897 0.01098799 0.008273959 0.08917295 0.01346498 0.01052397 0.01162594 0.01098799 0.008273959 0.08846998 0.01062995 0.08917295 0.01346498 0.962009 0.03010499 0.960347 0.05195498 0.919452 0.05317896 0.962009 0.03010499 0.919452 0.05317896 0.906667 0.041094 0.906667 0.041094 0.95048 0.01410895 0.962009 0.03010499 0.906667 0.041094 0.906258 0.02184599 0.95048 0.01410895 0.890819 0.03337097 0.906667 0.041094 0.871005 0.07048398 0.882403 0.08012497 0.871005 0.07048398 0.906667 0.041094 0.882403 0.08012497 0.906667 0.041094 0.919452 0.05317896 0.919452 0.05317896 0.89596 0.08582299 0.882403 0.08012497 0.89596 0.08582299 0.919452 0.05317896 0.909198 0.09014296 0.919452 0.05317896 0.928858 0.07545697 0.909198 0.09014296 0.928858 0.07545697 0.919452 0.05317896 0.960347 0.05195498 0.928858 0.07545697 0.960347 0.05195498 0.960458 0.07086598 0.872435 0.03402096 0.890819 0.03337097 0.868277 0.05980396 0.871005 0.07048398 0.868277 0.05980396 0.890819 0.03337097 0.871005 0.07048398 0.867166 0.06149995 0.868277 0.05980396 0.871005 0.07048398 0.870557 0.07148796 0.867166 0.06149995 0.882403 0.08012497 0.870557 0.07148796 0.871005 0.07048398 0.882403 0.08012497 0.882039 0.08137798 0.870557 0.07148796 0.89596 0.08582299 0.882039 0.08137798 0.882403 0.08012497 0.89596 0.08582299 0.895695 0.087583 0.882039 0.08137798 0.89596 0.08582299 0.909198 0.09014296 0.895695 0.087583 0.909198 0.09014296 0.908002 0.09255599 0.895695 0.087583 0.901651 0.106045 0.895695 0.087583 0.908002 0.09255599 0.901651 0.106045 0.884561 0.101668 0.895695 0.087583 0.884561 0.101668 0.882039 0.08137798 0.895695 0.087583 0.884561 0.101668 0.867989 0.09347295 0.882039 0.08137798 0.882039 0.08137798 0.867989 0.09347295 0.870557 0.07148796 0.870557 0.07148796 0.867989 0.09347295 0.856212 0.08299398 0.856212 0.08299398 0.867166 0.06149995 0.870557 0.07148796 0.856212 0.08299398 0.845908 0.07405298 0.867166 0.06149995 0.906258 0.02184599 0.903298 0.002736985 0.939162 0.002285957 0.95048 0.01410895 0.906258 0.02184599 0.939162 0.002285957 0.95048 0.01410895 0.939162 0.002285957 0.974124 0.007084965 0.974124 0.007084965 0.962009 0.03010499 0.95048 0.01410895 0.974124 0.007084965 0.993979 0.02417194 0.962009 0.03010499 0.962009 0.03010499 0.993979 0.02417194 0.993953 0.04433798 0.962009 0.03010499 0.993953 0.04433798 0.960347 0.05195498 0.993953 0.04433798 0.992577 0.06171095 0.960347 0.05195498 0.992577 0.06171095 0.960458 0.07086598 0.960347 0.05195498 0.992577 0.06171095 0.990319 0.079939 0.960458 0.07086598 0.958615 0.084917 0.960458 0.07086598 0.990319 0.079939 0.960458 0.07086598 0.958615 0.084917 0.928858 0.07545697 0.958615 0.084917 0.926891 0.09047698 0.928858 0.07545697 0.928858 0.07545697 0.926891 0.09047698 0.909198 0.09014296 0.926891 0.09047698 0.917007 0.102509 0.909198 0.09014296 0.917007 0.102509 0.908002 0.09255599 0.909198 0.09014296 0.917007 0.102509 0.915101 0.102366 0.908002 0.09255599 0.908002 0.09255599 0.915101 0.102366 0.901651 0.106045 0.327355 0.929811 0.309632 0.925271 0.327245 0.92464 0.327355 0.929811 0.308676 0.928231 0.309632 0.925271 0.328761 0.941664 0.308676 0.928231 0.327355 0.929811 0.328761 0.941664 0.30038 0.941703 0.308676 0.928231 0.328761 0.941664 0.300414 0.966054 0.30038 0.941703 0.300414 0.966054 0.268466 0.945334 0.30038 0.941703 0.300414 0.966054 0.272722 0.965244 0.268466 0.945334 0.268466 0.945334 0.272722 0.965244 0.245103 0.963867 0.272722 0.965244 0.2414709 0.991302 0.245103 0.963867 0.2414709 0.991302 0.214918 0.960416 0.245103 0.963867 0.2414709 0.991302 0.204474 0.988876 0.214918 0.960416 0.1871989 0.956452 0.214918 0.960416 0.204474 0.988876 0.1871989 0.956452 0.204474 0.988876 0.176824 0.98022 0.153869 0.947637 0.1871989 0.956452 0.176824 0.98022 0.153869 0.947637 0.176824 0.98022 0.13802 0.965944 0.09894996 0.914681 0.153869 0.947637 0.13802 0.965944 0.09894996 0.914681 0.13802 0.965944 0.07653898 0.930361 0.08013099 0.900488 0.09894996 0.914681 0.07653898 0.930361 0.03481596 0.930434 0.08013099 0.900488 0.07653898 0.930361 0.03481596 0.930434 0.03280794 0.883296 0.08013099 0.900488 0.03481596 0.930434 0.01626199 0.897823 0.03280794 0.883296 0.268466 0.945334 0.245103 0.963867 0.24551 0.945727 0.245103 0.963867 0.222464 0.941426 0.24551 0.945727 0.245103 0.963867 0.214918 0.960416 0.222464 0.941426 0.193273 0.935131 0.222464 0.941426 0.214918 0.960416 0.193273 0.935131 0.214918 0.960416 0.1871989 0.956452 0.1871989 0.956452 0.160844 0.929713 0.193273 0.935131 0.1871989 0.956452 0.153869 0.947637 0.160844 0.929713 0.153869 0.947637 0.137467 0.911369 0.160844 0.929713 0.153869 0.947637 0.09894996 0.914681 0.137467 0.911369 0.137467 0.911369 0.09894996 0.914681 0.109157 0.896878 0.08013099 0.900488 0.109157 0.896878 0.09894996 0.914681 0.08013099 0.900488 0.113669 0.867206 0.109157 0.896878 0.08013099 0.900488 0.08378696 0.855538 0.113669 0.867206 0.08664995 0.842597 0.113669 0.867206 0.08378696 0.855538 0.05120098 0.85183 0.08664995 0.842597 0.08378696 0.855538 0.05120098 0.85183 0.05976998 0.837081 0.08664995 0.842597 0.03288996 0.831564 0.05976998 0.837081 0.05120098 0.85183 0.05976998 0.837081 0.03288996 0.831564 0.04002696 0.823285 0.08013099 0.900488 0.03280794 0.883296 0.08378696 0.855538 0.05120098 0.85183 0.08378696 0.855538 0.03280794 0.883296 0.05120098 0.85183 0.03280794 0.883296 0.01861399 0.848123 0.03288996 0.831564 0.05120098 0.85183 0.01861399 0.848123 0.01861399 0.848123 0.01973599 0.831666 0.03288996 0.831564 0.03288996 0.831564 0.01973599 0.831666 0.02029597 0.823437 0.286925 0.921542 0.267014 0.926184 0.266117 0.903655 0.268466 0.945334 0.267014 0.926184 0.286925 0.921542 0.268466 0.945334 0.286925 0.921542 0.30038 0.941703 0.30038 0.941703 0.286925 0.921542 0.300176 0.918416 0.30038 0.941703 0.300176 0.918416 0.308676 0.928231 0.308676 0.928231 0.300176 0.918416 0.303113 0.917123 0.308676 0.928231 0.303113 0.917123 0.309632 0.925271 0.309632 0.925271 0.303113 0.917123 0.321281 0.912586 0.309632 0.925271 0.321281 0.912586 0.327245 0.92464 0.336261 0.910121 0.327245 0.92464 0.321281 0.912586 0.336261 0.910121 0.344144 0.918677 0.327245 0.92464 0.352205 0.904567 0.344144 0.918677 0.336261 0.910121 0.352205 0.904567 0.353876 0.908659 0.344144 0.918677 0.352205 0.904567 0.355587 0.909341 0.353876 0.908659 0.344144 0.918677 0.353876 0.908659 0.355587 0.909341 0.344144 0.918677 0.355587 0.909341 0.34676 0.923078 0.34676 0.923078 0.327245 0.92464 0.344144 0.918677 0.34676 0.923078 0.327355 0.929811 0.327245 0.92464 0.846699 0.855263 0.839659 0.848837 0.850718 0.842507 0.846699 0.855263 0.850718 0.842507 0.854686 0.851351 0.861441 0.84144 0.854686 0.851351 0.850718 0.842507 0.861441 0.84144 0.861745 0.85062 0.854686 0.851351 0.873289 0.844866 0.861745 0.85062 0.861441 0.84144 0.873289 0.844866 0.869612 0.854247 0.861745 0.85062 0.881099 0.855177 0.869612 0.854247 0.873289 0.844866 0.881099 0.855177 0.875427 0.860319 0.869612 0.854247 0.869612 0.854247 0.875427 0.860319 0.867694 0.860983 0.869612 0.854247 0.867694 0.860983 0.859635 0.860809 0.861745 0.85062 0.869612 0.854247 0.859635 0.860809 0.854686 0.851351 0.861745 0.85062 0.859635 0.860809 0.846699 0.855263 0.854686 0.851351 0.859635 0.860809</float_array>
          <technique_common>
            <accessor source="#v_Gnome-mesh-map-0-array" count="7662" stride="2">
              <param name="S" type="float"/>
              <param name="T" type="float"/>
            </accessor>
          </technique_common>
        </source>
        <vertices id="v_Gnome-mesh-vertices">
          <input semantic="POSITION" source="#v_Gnome-mesh-positions"/>
        </vertices>
        <triangles material="gnome-material" count="2554">
          <input semantic="VERTEX" source="#v_Gnome-mesh-vertices" offset="0"/>
          <input semantic="NORMAL" source="#v_Gnome-mesh-normals" offset="1"/>
          <input semantic="TEXCOORD" source="#v_Gnome-mesh-map-0" offset="2" set="0"/>
          <p>0 0 0 1 1 1 2 2 2 1 3 3 3 4 4 4 5 5 1 3 6 2 6 7 3 4 8 2 6 9 5 7 10 3 4 11 2 6 12 6 8 13 5 7 14 7 9 15 5 7 16 6 8 17 7 9 18 8 10 19 5 7 20 9 11 21 5 7 22 8 10 23 10 12 24 9 11 25 8 10 26 10 12 27 11 13 28 9 11 29 10 12 30 8 10 31 7 9 32 12 14 33 11 13 34 13 15 35 14 16 36 3 4 37 15 17 38 14 16 39 4 5 40 3 4 41 16 18 42 4 5 43 14 16 44 17 19 45 16 18 46 14 16 47 17 19 48 18 20 49 16 18 50 19 21 51 20 22 52 21 23 53 15 17 54 21 23 55 20 22 56 15 17 57 20 22 58 22 24 59 22 24 60 23 25 61 15 17 62 14 16 63 15 17 64 23 25 65 23 25 66 17 19 67 14 16 68 24 26 69 25 27 70 26 28 71 25 27 72 24 26 73 27 29 74 25 27 75 27 29 76 28 30 77 28 30 78 27 29 79 29 31 80 30 32 81 29 31 82 27 29 83 31 33 84 29 31 85 30 32 86 31 33 87 32 34 88 29 31 89 33 35 90 32 34 91 31 33 92 33 35 93 34 36 94 32 34 95 33 35 96 35 37 97 34 36 98 35 37 99 12 14 100 34 36 101 35 37 102 11 13 103 12 14 104 35 37 105 19 21 106 11 13 107 19 21 108 9 11 109 11 13 110 19 21 111 21 23 112 9 11 113 9 11 114 21 23 115 5 7 116 5 7 117 21 23 118 15 17 119 5 7 120 15 17 121 3 4 122 33 35 123 31 33 124 36 38 125 28 30 126 29 31 127 37 39 128 37 39 129 29 31 130 32 34 131 37 39 132 32 34 133 34 36 134 36 38 135 38 40 136 39 41 137 36 38 138 31 33 139 38 40 140 38 40 141 31 33 142 30 32 143 38 40 144 30 32 145 40 42 146 41 43 147 42 44 148 20 22 149 41 43 150 20 22 151 19 21 152 41 43 153 19 21 154 43 45 155 35 37 156 43 45 157 19 21 158 44 46 159 43 45 160 35 37 161 44 46 162 35 37 163 33 35 164 33 35 165 45 47 166 44 46 167 33 35 168 36 38 169 45 47 170 36 38 171 46 48 172 45 47 173 36 38 174 39 41 175 46 48 176 46 48 177 39 41 178 47 49 179 48 50 180 47 49 181 39 41 182 47 49 183 48 50 184 49 51 185 50 52 186 49 51 187 48 50 188 51 53 189 49 51 190 50 52 191 51 53 192 50 52 193 52 54 194 51 53 195 52 54 196 53 55 197 53 55 198 52 54 199 54 56 200 46 48 201 44 46 202 45 47 203 42 44 204 41 43 205 46 48 206 46 48 207 41 43 208 44 46 209 41 43 210 43 45 211 44 46 212 47 49 213 49 51 214 55 57 215 55 57 216 49 51 217 51 53 218 55 57 219 51 53 220 56 58 221 56 58 222 51 53 223 53 55 224 53 55 225 54 56 226 57 59 227 58 60 228 57 59 229 54 56 230 53 55 231 57 59 232 58 60 233 59 61 234 53 55 235 58 60 236 56 58 237 53 55 238 59 61 239 59 61 240 60 62 241 56 58 242 55 57 243 56 58 244 60 62 245 55 57 246 60 62 247 61 63 248 61 63 249 47 49 250 55 57 251 61 63 252 46 48 253 47 49 254 61 63 255 62 64 256 46 48 257 42 44 258 46 48 259 62 64 260 63 65 261 42 44 262 62 64 263 63 65 264 62 64 265 64 66 266 63 65 267 64 66 268 65 67 269 66 68 270 65 67 271 64 66 272 67 69 273 65 67 274 66 68 275 68 70 276 67 69 277 66 68 278 58 60 279 54 56 280 69 71 281 61 63 282 64 66 283 62 64 284 61 63 285 60 62 286 64 66 287 70 72 288 64 66 289 60 62 290 66 68 291 64 66 292 70 72 293 66 68 294 70 72 295 71 73 296 66 68 297 71 73 298 68 70 299 71 73 300 72 74 301 68 70 302 68 70 303 72 74 304 73 75 305 74 76 306 73 75 307 72 74 308 74 76 309 75 77 310 73 75 311 76 78 312 75 77 313 74 76 314 76 78 315 74 76 316 77 79 317 76 78 318 77 79 319 78 80 320 79 81 321 78 80 322 77 79 323 79 81 324 80 82 325 78 80 326 81 83 327 80 82 328 79 81 329 81 83 330 82 84 331 80 82 332 83 85 333 82 84 334 81 83 335 84 86 336 71 73 337 70 72 338 70 72 339 60 62 340 84 86 341 59 61 342 84 86 343 60 62 344 58 60 345 84 86 346 59 61 347 58 60 348 85 87 349 84 86 350 71 73 351 84 86 352 85 87 353 85 87 354 86 88 355 71 73 356 71 73 357 86 88 358 72 74 359 74 76 360 72 74 361 86 88 362 74 76 363 86 88 364 77 79 365 77 79 366 86 88 367 87 89 368 77 79 369 87 89 370 79 81 371 87 89 372 58 60 373 79 81 374 81 83 375 79 81 376 58 60 377 69 71 378 81 83 379 58 60 380 69 71 381 83 85 382 81 83 383 58 60 384 87 89 385 85 87 386 85 87 387 87 89 388 86 88 389 68 70 390 88 90 391 67 69 392 68 70 393 73 75 394 88 90 395 89 91 396 88 90 397 73 75 398 89 91 399 73 75 400 75 77 401 89 91 402 75 77 403 90 92 404 90 92 405 75 77 406 91 93 407 76 78 408 91 93 409 75 77 410 92 94 411 91 93 412 76 78 413 92 94 414 76 78 415 78 80 416 92 94 417 78 80 418 93 95 419 93 95 420 78 80 421 80 82 422 93 95 423 80 82 424 94 96 425 94 96 426 80 82 427 82 84 428 94 96 429 82 84 430 95 97 431 95 97 432 82 84 433 96 98 434 95 97 435 96 98 436 97 99 437 97 99 438 96 98 439 98 100 440 97 99 441 98 100 442 99 101 443 97 99 444 99 101 445 100 102 446 97 99 447 100 102 448 101 103 449 95 97 450 97 99 451 101 103 452 95 97 453 101 103 454 102 104 455 102 104 456 94 96 457 95 97 458 102 104 459 103 105 460 94 96 461 103 105 462 93 95 463 94 96 464 103 105 465 104 106 466 93 95 467 104 106 468 92 94 469 93 95 470 105 107 471 104 106 472 103 105 473 103 105 474 106 108 475 105 107 476 103 105 477 102 104 478 106 108 479 102 104 480 107 109 481 106 108 482 102 104 483 101 103 484 107 109 485 107 109 486 101 103 487 100 102 488 107 109 489 100 102 490 108 110 491 107 109 492 108 110 493 109 111 494 109 111 495 108 110 496 110 112 497 109 111 498 110 112 499 111 113 500 111 113 501 110 112 502 112 114 503 106 108 504 113 115 505 114 116 506 114 116 507 105 107 508 106 108 509 106 108 510 107 109 511 113 115 512 107 109 513 109 111 514 113 115 515 115 117 516 113 115 517 109 111 518 114 116 519 113 115 520 115 117 521 114 116 522 115 117 523 116 118 524 117 119 525 114 116 526 116 118 527 115 117 528 117 119 529 116 118 530 117 119 531 118 120 532 119 121 533 117 119 534 120 122 535 118 120 536 115 117 537 120 122 538 117 119 539 120 122 540 115 117 541 121 123 542 115 117 543 109 111 544 121 123 545 122 124 546 121 123 547 109 111 548 122 124 549 109 111 550 111 113 551 111 113 552 123 125 553 122 124 554 111 113 555 112 114 556 123 125 557 124 126 558 123 125 559 112 114 560 124 126 561 112 114 562 110 112 563 125 127 564 124 126 565 110 112 566 124 126 567 125 127 568 126 128 569 125 127 570 127 129 571 126 128 572 126 128 573 127 129 574 128 130 575 126 128 576 128 130 577 129 131 578 129 131 579 128 130 580 130 132 581 131 133 582 129 131 583 130 132 584 120 122 585 121 123 586 122 124 587 122 124 588 118 120 589 120 122 590 122 124 591 123 125 592 118 120 593 132 134 594 118 120 595 123 125 596 132 134 597 123 125 598 133 135 599 124 126 600 133 135 601 123 125 602 134 136 603 133 135 604 124 126 605 124 126 606 126 128 607 134 136 608 126 128 609 129 131 610 134 136 611 131 133 612 134 136 613 129 131 614 135 137 615 136 138 616 137 139 617 137 139 618 136 138 619 114 116 620 137 139 621 114 116 622 138 140 623 138 140 624 114 116 625 117 119 626 117 119 627 139 141 628 138 140 629 117 119 630 119 121 631 139 141 632 140 142 633 139 141 634 119 121 635 140 142 636 119 121 637 141 143 638 140 142 639 141 143 640 131 133 641 142 144 642 131 133 643 141 143 644 134 136 645 131 133 646 142 144 647 134 136 648 142 144 649 143 145 650 134 136 651 143 145 652 133 135 653 133 135 654 143 145 655 142 144 656 133 135 657 142 144 658 132 134 659 142 144 660 141 143 661 132 134 662 132 134 663 141 143 664 119 121 665 132 134 666 119 121 667 118 120 668 131 133 669 130 132 670 140 142 671 140 142 672 130 132 673 144 146 674 140 142 675 144 146 676 139 141 677 138 140 678 139 141 679 144 146 680 138 140 681 144 146 682 137 139 683 135 137 684 137 139 685 144 146 686 135 137 687 144 146 688 145 147 689 130 132 690 145 147 691 144 146 692 130 132 693 146 148 694 145 147 695 130 132 696 147 149 697 146 148 698 130 132 699 128 130 700 147 149 701 148 150 702 147 149 703 128 130 704 148 150 705 149 151 706 147 149 707 148 150 708 150 152 709 149 151 710 151 153 711 149 151 712 150 152 713 151 153 714 150 152 715 152 154 716 152 154 717 153 155 718 151 153 719 152 154 720 154 156 721 153 155 722 152 154 723 155 157 724 154 156 725 152 154 726 156 158 727 155 157 728 152 154 729 150 152 730 156 158 731 157 159 732 153 155 733 154 156 734 157 159 735 154 156 736 158 160 737 158 160 738 154 156 739 155 157 740 158 160 741 155 157 742 159 161 743 159 161 744 155 157 745 156 158 746 159 161 747 156 158 748 160 162 749 161 163 750 160 162 751 156 158 752 161 163 753 156 158 754 150 152 755 161 163 756 150 152 757 148 150 758 162 164 759 163 165 760 160 162 761 164 166 762 160 162 763 163 165 764 164 166 765 159 161 766 160 162 767 159 161 768 164 166 769 165 167 770 159 161 771 165 167 772 158 160 773 158 160 774 165 167 775 166 168 776 167 169 777 158 160 778 166 168 779 157 159 780 158 160 781 167 169 782 168 170 783 157 159 784 167 169 785 168 170 786 169 171 787 157 159 788 170 172 789 169 171 790 168 170 791 170 172 792 171 173 793 169 171 794 170 172 795 172 174 796 171 173 797 172 174 798 173 175 799 171 173 800 172 174 801 174 176 802 173 175 803 175 177 804 173 175 805 174 176 806 175 177 807 174 176 808 176 178 809 175 177 810 176 178 811 177 179 812 171 173 813 178 180 814 169 171 815 171 173 816 173 175 817 178 180 818 153 155 819 157 159 820 169 171 821 153 155 822 169 171 823 178 180 824 151 153 825 153 155 826 178 180 827 151 153 828 178 180 829 179 181 830 179 181 831 178 180 832 173 175 833 179 181 834 173 175 835 180 182 836 175 177 837 180 182 838 173 175 839 175 177 840 181 183 841 180 182 842 177 179 843 181 183 844 175 177 845 177 179 846 182 184 847 181 183 848 182 184 849 177 179 850 183 185 851 182 184 852 183 185 853 184 186 854 184 186 855 183 185 856 185 187 857 182 184 858 186 188 859 181 183 860 182 184 861 187 189 862 186 188 863 187 189 864 182 184 865 184 186 866 151 153 867 188 190 868 149 151 869 179 181 870 188 190 871 151 153 872 179 181 873 189 191 874 188 190 875 180 182 876 189 191 877 179 181 878 180 182 879 190 192 880 189 191 881 181 183 882 190 192 883 180 182 884 147 149 885 149 151 886 188 190 887 147 149 888 188 190 889 146 148 890 146 148 891 188 190 892 189 191 893 146 148 894 189 191 895 145 147 896 145 147 897 189 191 898 190 192 899 145 147 900 190 192 901 135 137 902 135 137 903 190 192 904 181 183 905 135 137 906 181 183 907 136 138 908 186 188 909 136 138 910 181 183 911 114 116 912 136 138 913 186 188 914 114 116 915 186 188 916 187 189 917 187 189 918 105 107 919 114 116 920 187 189 921 184 186 922 105 107 923 105 107 924 184 186 925 104 106 926 184 186 927 185 187 928 104 106 929 104 106 930 185 187 931 92 94 932 185 187 933 191 193 934 92 94 935 92 94 936 191 193 937 91 93 938 177 179 939 176 178 940 192 194 941 177 179 942 192 194 943 183 185 944 183 185 945 192 194 946 193 195 947 183 185 948 193 195 949 185 187 950 185 187 951 193 195 952 191 193 953 194 196 954 191 193 955 193 195 956 194 196 957 195 197 958 191 193 959 195 197 960 194 196 961 196 198 962 195 197 963 196 198 964 197 199 965 198 200 966 197 199 967 196 198 968 199 201 969 197 199 970 198 200 971 200 202 972 199 201 973 198 200 974 200 202 975 201 203 976 199 201 977 200 202 978 202 204 979 201 203 980 195 197 981 197 199 982 203 205 983 199 201 984 203 205 985 197 199 986 204 206 987 192 194 988 176 178 989 204 206 990 193 195 991 192 194 992 204 206 993 194 196 994 193 195 995 204 206 996 196 198 997 194 196 998 199 201 999 201 203 1000 205 207 1001 199 201 1002 205 207 1003 203 205 1004 206 208 1005 203 205 1006 205 207 1007 195 197 1008 203 205 1009 206 208 1010 206 208 1011 191 193 1012 195 197 1013 206 208 1014 91 93 1015 191 193 1016 90 92 1017 91 93 1018 206 208 1019 206 208 1020 205 207 1021 90 92 1022 90 92 1023 205 207 1024 207 209 1025 201 203 1026 207 209 1027 205 207 1028 201 203 1029 208 210 1030 207 209 1031 202 204 1032 208 210 1033 201 203 1034 202 204 1035 209 211 1036 208 210 1037 208 210 1038 209 211 1039 210 212 1040 18 20 1041 210 212 1042 209 211 1043 18 20 1044 211 213 1045 210 212 1046 17 19 1047 211 213 1048 18 20 1049 211 213 1050 17 19 1051 212 214 1052 23 25 1053 212 214 1054 17 19 1055 63 65 1056 212 214 1057 23 25 1058 63 65 1059 23 25 1060 22 24 1061 22 24 1062 42 44 1063 63 65 1064 22 24 1065 20 22 1066 42 44 1067 90 92 1068 207 209 1069 89 91 1070 210 212 1071 89 91 1072 207 209 1073 210 212 1074 207 209 1075 208 210 1076 89 91 1077 210 212 1078 88 90 1079 211 213 1080 88 90 1081 210 212 1082 211 213 1083 67 69 1084 88 90 1085 211 213 1086 212 214 1087 67 69 1088 67 69 1089 212 214 1090 65 67 1091 63 65 1092 65 67 1093 212 214 1094 213 215 1095 214 216 1096 215 217 1097 216 218 1098 213 215 1099 215 217 1100 217 219 1101 216 218 1102 218 220 1103 216 218 1104 215 217 1105 218 220 1106 218 220 1107 215 217 1108 219 221 1109 214 216 1110 219 221 1111 215 217 1112 214 216 1113 220 222 1114 219 221 1115 214 216 1116 221 223 1117 220 222 1118 222 224 1119 221 223 1120 223 225 1121 221 223 1122 222 224 1123 224 226 1124 221 223 1125 224 226 1126 220 222 1127 220 222 1128 224 226 1129 225 227 1130 220 222 1131 225 227 1132 219 221 1133 226 228 1134 219 221 1135 225 227 1136 218 220 1137 219 221 1138 226 228 1139 227 229 1140 218 220 1141 226 228 1142 217 219 1143 218 220 1144 227 229 1145 228 230 1146 217 219 1147 227 229 1148 228 230 1149 229 231 1150 217 219 1151 229 231 1152 216 218 1153 217 219 1154 229 231 1155 230 232 1156 216 218 1157 231 233 1158 216 218 1159 230 232 1160 231 233 1161 213 215 1162 216 218 1163 231 233 1164 232 234 1165 213 215 1166 213 215 1167 232 234 1168 214 216 1169 232 234 1170 233 235 1171 214 216 1172 232 234 1173 234 236 1174 233 235 1175 214 216 1176 233 235 1177 221 223 1178 233 235 1179 223 225 1180 221 223 1181 233 235 1182 234 236 1183 223 225 1184 234 236 1185 235 237 1186 223 225 1187 236 238 1188 235 237 1189 234 236 1190 236 238 1191 234 236 1192 232 234 1193 231 233 1194 236 238 1195 232 234 1196 227 229 1197 226 228 1198 237 239 1199 228 230 1200 227 229 1201 237 239 1202 228 230 1203 237 239 1204 238 240 1205 237 239 1206 239 241 1207 238 240 1208 237 239 1209 226 228 1210 239 241 1211 226 228 1212 225 227 1213 239 241 1214 240 242 1215 241 243 1216 242 244 1217 243 245 1218 241 243 1219 244 246 1220 242 244 1221 241 243 1222 243 245 1223 242 244 1224 243 245 1225 245 247 1226 242 248 1227 245 247 1228 246 249 1229 247 250 1230 246 249 1231 245 247 1232 247 250 1233 248 251 1234 246 249 1235 249 252 1236 248 251 1237 247 250 1238 249 252 1239 250 253 1240 248 251 1241 251 254 1242 250 253 1243 249 252 1244 251 254 1245 252 255 1246 250 253 1247 251 254 1248 253 256 1249 252 255 1250 251 254 1251 254 257 1252 253 256 1253 254 257 1254 255 258 1255 253 256 1256 256 259 1257 255 258 1258 254 257 1259 256 259 1260 257 260 1261 255 258 1262 258 261 1263 257 260 1264 256 259 1265 258 261 1266 259 262 1267 257 260 1268 259 262 1269 258 261 1270 260 263 1271 250 253 1272 252 255 1273 248 251 1274 251 254 1275 249 252 1276 261 264 1277 247 250 1278 261 264 1279 249 252 1280 247 250 1281 262 265 1282 261 264 1283 263 266 1284 261 264 1285 262 265 1286 251 254 1287 261 264 1288 263 266 1289 263 266 1290 256 259 1291 251 254 1292 256 259 1293 254 257 1294 251 254 1295 264 267 1296 265 268 1297 266 269 1298 264 267 1299 267 270 1300 265 268 1301 265 268 1302 267 270 1303 260 263 1304 265 268 1305 260 263 1306 268 271 1307 258 261 1308 268 271 1309 260 263 1310 258 261 1311 269 272 1312 268 271 1313 258 261 1314 263 266 1315 269 272 1316 258 261 1317 256 259 1318 263 266 1319 259 262 1320 260 263 1321 270 273 1322 267 270 1323 270 273 1324 260 263 1325 267 270 1326 271 274 1327 270 273 1328 264 267 1329 271 274 1330 267 270 1331 264 267 1332 272 275 1333 271 274 1334 273 276 1335 274 277 1336 275 278 1337 273 276 1338 266 269 1339 274 277 1340 276 279 1341 274 277 1342 266 269 1343 276 279 1344 266 269 1345 265 268 1346 265 268 1347 277 280 1348 276 279 1349 268 271 1350 277 280 1351 265 268 1352 268 271 1353 278 281 1354 277 280 1355 269 272 1356 278 281 1357 268 271 1358 269 272 1359 279 282 1360 278 281 1361 263 266 1362 279 282 1363 269 272 1364 263 266 1365 280 283 1366 279 282 1367 263 266 1368 262 265 1369 280 283 1370 280 283 1371 262 265 1372 281 284 1373 247 250 1374 281 284 1375 262 265 1376 247 250 1377 282 285 1378 281 284 1379 247 250 1380 245 247 1381 282 285 1382 283 286 1383 282 285 1384 245 247 1385 283 286 1386 245 247 1387 243 245 1388 284 287 1389 282 285 1390 283 286 1391 284 287 1392 285 288 1393 282 285 1394 281 284 1395 282 285 1396 285 288 1397 281 284 1398 285 288 1399 286 289 1400 280 283 1401 281 284 1402 286 289 1403 286 289 1404 279 282 1405 280 283 1406 287 290 1407 279 282 1408 286 289 1409 287 290 1410 278 281 1411 279 282 1412 288 291 1413 278 281 1414 287 290 1415 288 291 1416 277 280 1417 278 281 1418 275 278 1419 277 280 1420 288 291 1421 275 278 1422 276 279 1423 277 280 1424 275 278 1425 274 277 1426 276 279 1427 275 292 1428 288 291 1429 289 293 1430 287 290 1431 289 293 1432 288 291 1433 287 290 1434 290 294 1435 289 293 1436 286 289 1437 290 294 1438 287 290 1439 286 289 1440 285 288 1441 290 294 1442 284 287 1443 290 294 1444 285 288 1445 284 287 1446 291 295 1447 290 294 1448 291 295 1449 289 293 1450 290 294 1451 291 295 1452 292 296 1453 289 293 1454 244 246 1455 283 286 1456 243 245 1457 244 246 1458 293 297 1459 283 286 1460 284 287 1461 283 286 1462 293 297 1463 284 287 1464 293 297 1465 294 298 1466 294 298 1467 291 295 1468 284 287 1469 294 298 1470 295 299 1471 291 295 1472 292 296 1473 291 295 1474 295 299 1475 292 296 1476 295 299 1477 296 300 1478 275 292 1479 297 301 1480 273 302 1481 275 292 1482 298 303 1483 297 301 1484 275 292 1485 289 293 1486 298 303 1487 299 304 1488 298 303 1489 289 293 1490 299 304 1491 289 293 1492 292 296 1493 292 296 1494 300 305 1495 299 304 1496 292 296 1497 296 300 1498 300 305 1499 301 306 1500 300 305 1501 296 300 1502 296 300 1503 302 307 1504 301 308 1505 296 300 1506 295 299 1507 302 307 1508 303 309 1509 302 307 1510 295 299 1511 303 309 1512 295 299 1513 294 298 1514 294 298 1515 304 310 1516 303 309 1517 294 298 1518 293 297 1519 304 310 1520 305 311 1521 304 310 1522 293 297 1523 305 311 1524 293 297 1525 244 246 1526 244 246 1527 240 242 1528 305 311 1529 244 246 1530 241 243 1531 240 242 1532 306 312 1533 297 301 1534 298 303 1535 306 312 1536 298 303 1537 299 304 1538 299 304 1539 300 305 1540 306 312 1541 307 313 1542 308 314 1543 309 315 1544 307 313 1545 310 316 1546 308 314 1547 311 317 1548 308 314 1549 310 316 1550 311 317 1551 310 316 1552 312 318 1553 312 318 1554 310 316 1555 313 319 1556 314 320 1557 313 319 1558 310 316 1559 314 320 1560 310 316 1561 307 313 1562 315 321 1563 314 320 1564 307 313 1565 315 321 1566 307 313 1567 316 322 1568 316 322 1569 307 313 1570 309 315 1571 316 322 1572 309 315 1573 317 323 1574 312 318 1575 313 319 1576 318 324 1577 319 325 1578 320 326 1579 321 327 1580 319 325 1581 322 328 1582 320 326 1583 323 329 1584 320 326 1585 322 328 1586 323 329 1587 322 328 1588 324 330 1589 322 328 1590 325 331 1591 324 330 1592 322 328 1593 326 332 1594 325 331 1595 325 331 1596 326 332 1597 327 333 1598 328 334 1599 327 333 1600 326 332 1601 328 334 1602 326 332 1603 329 335 1604 329 335 1605 326 332 1606 322 328 1607 329 335 1608 322 328 1609 319 325 1610 325 331 1611 327 333 1612 330 336 1613 331 337 1614 332 338 1615 333 339 1616 331 337 1617 334 340 1618 332 338 1619 334 340 1620 335 341 1621 332 338 1622 334 340 1623 331 337 1624 336 342 1625 337 343 1626 300 344 1627 301 345 1628 337 343 1629 338 346 1630 300 344 1631 338 346 1632 337 343 1633 335 341 1634 338 346 1635 335 341 1636 339 347 1637 334 340 1638 339 347 1639 335 341 1640 339 347 1641 334 340 1642 340 348 1643 334 340 1644 336 342 1645 340 348 1646 336 342 1647 341 349 1648 340 348 1649 342 350 1650 341 349 1651 336 342 1652 341 349 1653 342 351 1654 343 352 1655 341 349 1656 343 352 1657 344 353 1658 345 354 1659 341 349 1660 344 353 1661 345 354 1662 344 353 1663 346 355 1664 345 354 1665 346 355 1666 347 356 1667 345 354 1668 347 356 1669 348 357 1670 349 358 1671 348 357 1672 347 356 1673 349 358 1674 350 359 1675 348 357 1676 350 359 1677 349 358 1678 351 360 1679 306 361 1680 300 344 1681 338 346 1682 352 362 1683 353 363 1684 350 359 1685 350 359 1686 353 363 1687 354 364 1688 350 359 1689 354 364 1690 348 357 1691 345 354 1692 348 357 1693 354 364 1694 352 362 1695 350 359 1696 351 360 1697 352 362 1698 351 360 1699 355 365 1700 352 362 1701 355 365 1702 356 366 1703 356 366 1704 306 367 1705 352 362 1706 306 361 1707 353 363 1708 352 362 1709 306 361 1710 338 346 1711 353 363 1712 353 363 1713 338 346 1714 339 347 1715 353 363 1716 339 347 1717 354 364 1718 339 347 1719 340 348 1720 354 364 1721 345 354 1722 354 364 1723 340 348 1724 345 354 1725 340 348 1726 341 349 1727 357 368 1728 358 369 1729 359 370 1730 360 371 1731 361 372 1732 362 373 1733 360 371 1734 363 374 1735 361 372 1736 358 369 1737 363 374 1738 360 371 1739 358 369 1740 364 375 1741 363 374 1742 357 368 1743 364 375 1744 358 369 1745 365 376 1746 364 375 1747 357 368 1748 365 376 1749 366 377 1750 364 375 1751 363 374 1752 364 375 1753 366 377 1754 363 374 1755 366 377 1756 367 378 1757 361 372 1758 363 374 1759 367 378 1760 361 372 1761 367 378 1762 368 379 1763 369 380 1764 328 334 1765 329 335 1766 369 380 1767 329 335 1768 370 381 1769 370 381 1770 329 335 1771 319 325 1772 370 381 1773 319 325 1774 371 382 1775 321 327 1776 371 382 1777 319 325 1778 321 327 1779 372 383 1780 371 382 1781 373 384 1782 374 385 1783 375 386 1784 373 384 1785 376 387 1786 374 385 1787 376 387 1788 377 388 1789 374 385 1790 374 385 1791 377 388 1792 378 389 1793 378 389 1794 377 388 1795 379 390 1796 376 387 1797 373 384 1798 380 391 1799 381 392 1800 382 393 1801 383 394 1802 384 395 1803 382 393 1804 381 392 1805 382 393 1806 384 395 1807 385 396 1808 385 396 1809 384 395 1810 386 397 1811 385 396 1812 386 397 1813 387 398 1814 387 398 1815 386 397 1816 380 391 1817 387 398 1818 380 391 1819 388 399 1820 388 399 1821 380 391 1822 373 384 1823 388 399 1824 373 384 1825 389 400 1826 389 400 1827 373 384 1828 375 386 1829 389 400 1830 375 386 1831 390 401 1832 390 401 1833 375 386 1834 391 402 1835 390 401 1836 391 402 1837 392 403 1838 390 401 1839 392 403 1840 393 404 1841 390 401 1842 393 404 1843 333 405 1844 333 405 1845 389 400 1846 390 401 1847 333 405 1848 332 406 1849 389 400 1850 332 406 1851 388 399 1852 389 400 1853 332 406 1854 335 407 1855 388 399 1856 388 399 1857 335 407 1858 337 408 1859 388 399 1860 337 408 1861 387 398 1862 387 398 1863 337 408 1864 301 409 1865 387 398 1866 301 409 1867 385 396 1868 301 409 1869 394 410 1870 385 396 1871 382 393 1872 385 396 1873 394 410 1874 301 409 1875 303 411 1876 394 410 1877 324 330 1878 395 412 1879 323 329 1880 396 413 1881 325 331 1882 330 336 1883 396 413 1884 397 414 1885 325 331 1886 324 330 1887 325 331 1888 397 414 1889 324 330 1890 397 414 1891 398 415 1892 324 330 1893 398 415 1894 395 412 1895 362 373 1896 395 412 1897 398 415 1898 362 373 1899 398 415 1900 360 371 1901 360 371 1902 398 415 1903 397 414 1904 360 371 1905 397 414 1906 358 369 1907 359 370 1908 358 369 1909 397 414 1910 359 370 1911 397 414 1912 396 413 1913 399 416 1914 400 417 1915 401 418 1916 399 416 1917 402 419 1918 400 417 1919 403 420 1920 400 417 1921 402 419 1922 403 420 1923 402 419 1924 404 421 1925 404 421 1926 405 422 1927 403 420 1928 404 421 1929 406 423 1930 405 422 1931 407 424 1932 405 422 1933 406 423 1934 407 424 1935 406 423 1936 408 425 1937 408 425 1938 399 426 1939 409 427 1940 408 425 1941 409 427 1942 410 428 1943 407 424 1944 408 425 1945 410 428 1946 407 424 1947 410 428 1948 411 429 1949 411 429 1950 412 430 1951 407 424 1952 412 430 1953 413 431 1954 407 424 1955 413 431 1956 405 422 1957 407 424 1958 413 431 1959 414 432 1960 405 422 1961 414 432 1962 403 420 1963 405 422 1964 414 432 1965 415 433 1966 403 420 1967 415 433 1968 400 417 1969 403 420 1970 415 433 1971 416 434 1972 400 417 1973 401 418 1974 400 417 1975 416 434 1976 401 418 1977 416 434 1978 417 435 1979 401 418 1980 417 435 1981 418 436 1982 419 437 1983 401 418 1984 418 436 1985 409 438 1986 401 418 1987 419 437 1988 409 438 1989 399 416 1990 401 418 1991 410 428 1992 409 427 1993 420 439 1994 409 427 1995 421 440 1996 420 439 1997 408 425 1998 406 441 1999 399 426 2000 406 441 2001 404 442 2002 399 426 2003 404 442 2004 402 443 2005 399 426 2006 422 444 2007 423 445 2008 424 446 2009 422 444 2010 424 446 2011 425 447 2012 422 444 2013 425 447 2014 420 448 2015 422 444 2016 420 448 2017 421 449 2018 409 450 2019 422 444 2020 421 449 2021 409 450 2022 419 451 2023 422 444 2024 410 452 2025 420 453 2026 425 454 2027 410 452 2028 425 454 2029 411 455 2030 411 455 2031 425 454 2032 424 456 2033 411 455 2034 424 456 2035 426 457 2036 426 457 2037 412 458 2038 411 455 2039 426 457 2040 427 459 2041 412 458 2042 427 459 2043 428 460 2044 412 458 2045 427 459 2046 429 461 2047 428 460 2048 429 461 2049 430 462 2050 428 460 2051 429 461 2052 431 463 2053 430 462 2054 431 463 2055 432 464 2056 430 462 2057 431 463 2058 433 465 2059 432 464 2060 432 464 2061 433 465 2062 434 466 2063 432 464 2064 434 466 2065 418 467 2066 435 468 2067 418 467 2068 434 466 2069 435 468 2070 419 451 2071 418 467 2072 419 451 2073 435 468 2074 423 445 2075 419 451 2076 423 445 2077 422 444 2078 436 469 2079 437 470 2080 438 471 2081 436 469 2082 438 471 2083 439 472 2084 438 471 2085 440 473 2086 439 472 2087 438 471 2088 441 474 2089 440 473 2090 438 471 2091 442 475 2092 441 474 2093 443 476 2094 444 477 2095 445 478 2096 446 479 2097 444 477 2098 443 476 2099 446 479 2100 447 480 2101 444 477 2102 447 480 2103 446 479 2104 2 6 2105 447 480 2106 2 6 2107 1 481 2108 2 6 2109 446 479 2110 6 8 2111 446 479 2112 7 9 2113 6 8 2114 448 482 2115 7 9 2116 446 479 2117 7 9 2118 448 482 2119 449 483 2120 7 9 2121 449 483 2122 10 12 2123 443 476 2124 450 484 2125 446 479 2126 448 482 2127 446 479 2128 450 484 2129 448 482 2130 450 484 2131 451 485 2132 449 483 2133 448 482 2134 451 485 2135 449 483 2136 451 485 2137 452 486 2138 452 486 2139 10 12 2140 449 483 2141 452 486 2142 11 13 2143 10 12 2144 11 13 2145 452 486 2146 13 15 2147 452 486 2148 453 487 2149 13 15 2150 454 488 2151 453 487 2152 452 486 2153 454 488 2154 455 489 2155 453 487 2156 454 488 2157 452 486 2158 451 485 2159 450 484 2160 443 476 2161 456 490 2162 450 484 2163 456 490 2164 457 491 2165 450 484 2166 457 491 2167 451 485 2168 451 485 2169 457 491 2170 458 492 2171 458 492 2172 454 488 2173 451 485 2174 458 492 2175 459 493 2176 454 488 2177 459 493 2178 455 489 2179 454 488 2180 459 493 2181 460 494 2182 455 489 2183 459 493 2184 461 495 2185 460 494 2186 459 493 2187 462 496 2188 461 495 2189 459 493 2190 458 492 2191 462 496 2192 463 497 2193 462 496 2194 458 492 2195 463 497 2196 458 492 2197 457 491 2198 456 490 2199 463 497 2200 457 491 2201 456 490 2202 464 498 2203 463 497 2204 465 499 2205 464 498 2206 456 490 2207 465 499 2208 456 490 2209 445 478 2210 443 476 2211 445 478 2212 456 490 2213 380 500 2214 466 501 2215 467 502 2216 380 500 2217 468 503 2218 466 501 2219 466 501 2220 468 503 2221 469 504 2222 468 503 2223 470 505 2224 469 504 2225 468 503 2226 471 506 2227 470 505 2228 468 503 2229 472 507 2230 471 506 2231 473 508 2232 474 509 2233 475 510 2234 473 508 2235 476 511 2236 474 509 2237 470 505 2238 476 511 2239 473 508 2240 470 505 2241 471 506 2242 476 511 2243 477 512 2244 372 383 2245 321 327 2246 477 512 2247 321 327 2248 478 513 2249 478 513 2250 377 514 2251 477 512 2252 478 513 2253 380 500 2254 377 514 2255 380 500 2256 478 513 2257 468 503 2258 468 503 2259 478 513 2260 479 515 2261 468 503 2262 479 515 2263 472 507 2264 479 515 2265 480 516 2266 472 507 2267 472 507 2268 480 516 2269 481 517 2270 471 506 2271 472 507 2272 481 517 2273 479 515 2274 482 518 2275 483 519 2276 479 515 2277 478 513 2278 482 518 2279 315 321 2280 316 322 2281 317 323 2282 315 321 2283 317 323 2284 482 518 2285 315 321 2286 482 518 2287 478 513 2288 315 321 2289 478 513 2290 362 373 2291 321 327 2292 362 373 2293 478 513 2294 321 327 2295 395 412 2296 362 373 2297 321 327 2298 323 329 2299 395 412 2300 321 327 2301 320 326 2302 323 329 2303 315 321 2304 368 379 2305 484 520 2306 315 321 2307 361 372 2308 368 379 2309 315 321 2310 362 373 2311 361 372 2312 485 521 2313 486 522 2314 487 523 2315 485 521 2316 487 523 2317 439 472 2318 487 523 2319 436 469 2320 439 472 2321 487 523 2322 488 524 2323 436 469 2324 311 317 2325 475 510 2326 474 509 2327 475 510 2328 311 317 2329 312 318 2330 475 510 2331 312 318 2332 489 525 2333 318 324 2334 489 525 2335 312 318 2336 318 324 2337 485 526 2338 489 525 2339 318 324 2340 486 527 2341 485 526 2342 318 324 2343 490 528 2344 486 527 2345 365 376 2346 486 527 2347 490 528 2348 365 376 2349 487 529 2350 486 527 2351 365 376 2352 488 530 2353 487 529 2354 365 376 2355 357 368 2356 488 530 2357 436 531 2358 488 530 2359 357 368 2360 436 531 2361 357 368 2362 359 370 2363 396 413 2364 436 531 2365 359 370 2366 396 413 2367 437 532 2368 436 531 2369 330 336 2370 437 532 2371 396 413 2372 330 336 2373 438 533 2374 437 532 2375 438 533 2376 330 336 2377 327 333 2378 438 533 2379 327 333 2380 442 534 2381 441 535 2382 442 534 2383 327 333 2384 441 535 2385 327 333 2386 328 334 2387 328 334 2388 491 536 2389 441 535 2390 328 334 2391 369 380 2392 491 536 2393 491 536 2394 369 380 2395 492 537 2396 492 537 2397 369 380 2398 371 382 2399 372 383 2400 492 537 2401 371 382 2402 477 512 2403 492 537 2404 372 383 2405 493 538 2406 492 537 2407 477 512 2408 493 538 2409 477 512 2410 377 514 2411 377 514 2412 467 502 2413 493 538 2414 377 514 2415 380 500 2416 467 502 2417 370 381 2418 371 382 2419 369 380 2420 494 539 2421 495 540 2422 496 541 2423 497 542 2424 495 540 2425 494 539 2426 497 542 2427 498 543 2428 495 540 2429 499 544 2430 498 543 2431 497 542 2432 499 544 2433 500 545 2434 498 543 2435 501 546 2436 500 545 2437 499 544 2438 501 546 2439 499 544 2440 502 547 2441 503 548 2442 501 546 2443 502 547 2444 504 549 2445 505 550 2446 506 551 2447 504 549 2448 496 541 2449 505 550 2450 494 539 2451 496 541 2452 504 549 2453 504 549 2454 507 552 2455 494 539 2456 497 542 2457 494 539 2458 507 552 2459 497 542 2460 507 552 2461 508 553 2462 499 544 2463 497 542 2464 508 553 2465 499 544 2466 508 553 2467 509 554 2468 502 547 2469 499 544 2470 509 554 2471 502 547 2472 509 554 2473 510 555 2474 511 556 2475 502 547 2476 510 555 2477 503 548 2478 502 547 2479 511 556 2480 512 557 2481 503 548 2482 511 556 2483 512 557 2484 513 558 2485 503 548 2486 514 559 2487 513 558 2488 512 557 2489 514 559 2490 512 557 2491 515 560 2492 516 561 2493 514 559 2494 515 560 2495 516 561 2496 515 560 2497 517 562 2498 518 563 2499 515 560 2500 519 564 2501 512 557 2502 519 564 2503 515 560 2504 512 557 2505 520 565 2506 519 564 2507 512 557 2508 521 566 2509 520 565 2510 512 557 2511 511 556 2512 521 566 2513 511 556 2514 510 555 2515 521 566 2516 518 563 2517 517 562 2518 515 560 2519 517 562 2520 518 563 2521 522 567 2522 523 568 2523 522 567 2524 518 563 2525 523 568 2526 524 569 2527 522 567 2528 523 568 2529 525 570 2530 524 569 2531 504 549 2532 526 571 2533 507 552 2534 506 551 2535 526 571 2536 504 549 2537 506 551 2538 527 572 2539 526 571 2540 528 573 2541 527 572 2542 506 551 2543 528 573 2544 529 574 2545 527 572 2546 528 573 2547 530 575 2548 529 574 2549 531 576 2550 532 577 2551 524 578 2552 531 579 2553 524 580 2554 533 581 2555 534 582 2556 531 579 2557 533 581 2558 534 582 2559 535 583 2560 531 579 2561 536 584 2562 535 583 2563 534 582 2564 536 584 2565 537 585 2566 535 583 2567 538 586 2568 537 585 2569 536 584 2570 538 586 2571 539 587 2572 537 585 2573 538 586 2574 540 588 2575 539 587 2576 541 589 2577 539 587 2578 540 588 2579 541 589 2580 540 588 2581 542 590 2582 542 590 2583 530 575 2584 541 589 2585 530 575 2586 543 591 2587 541 589 2588 528 573 2589 543 591 2590 530 575 2591 528 573 2592 544 592 2593 543 591 2594 528 573 2595 545 593 2596 544 592 2597 506 551 2598 545 593 2599 528 573 2600 506 551 2601 505 550 2602 545 593 2603 546 594 2604 483 519 2605 482 518 2606 546 594 2607 547 595 2608 483 519 2609 548 596 2610 547 595 2611 546 594 2612 548 596 2613 549 597 2614 547 595 2615 474 509 2616 549 597 2617 548 596 2618 474 509 2619 476 511 2620 549 597 2621 471 506 2622 549 597 2623 476 511 2624 471 506 2625 481 517 2626 549 597 2627 547 595 2628 549 597 2629 481 517 2630 547 595 2631 481 517 2632 480 516 2633 483 519 2634 547 595 2635 480 516 2636 483 519 2637 480 516 2638 479 515 2639 550 598 2640 551 599 2641 552 600 2642 550 598 2643 553 601 2644 551 599 2645 554 602 2646 551 599 2647 555 603 2648 556 604 2649 551 599 2650 554 605 2651 556 604 2652 557 606 2653 551 599 2654 556 604 2655 558 607 2656 557 606 2657 552 600 2658 551 599 2659 559 608 2660 551 599 2661 560 609 2662 559 608 2663 551 599 2664 557 606 2665 560 609 2666 560 609 2667 557 606 2668 561 610 2669 560 609 2670 561 611 2671 562 612 2672 562 612 2673 561 611 2674 563 613 2675 560 609 2676 564 614 2677 559 608 2678 560 609 2679 562 612 2680 564 614 2681 565 615 2682 566 616 2683 567 617 2684 565 615 2685 568 618 2686 566 616 2687 565 615 2688 569 619 2689 568 618 2690 570 620 2691 568 618 2692 569 619 2693 570 620 2694 569 619 2695 571 621 2696 572 622 2697 571 621 2698 569 619 2699 572 622 2700 569 619 2701 573 623 2702 574 624 2703 572 622 2704 573 623 2705 574 624 2706 573 623 2707 575 625 2708 576 626 2709 575 625 2710 573 623 2711 552 600 2712 575 625 2713 576 626 2714 552 600 2715 576 626 2716 577 627 2717 552 600 2718 577 627 2719 550 598 2720 578 628 2721 550 598 2722 577 627 2723 550 598 2724 578 628 2725 553 601 2726 579 629 2727 553 601 2728 578 628 2729 579 629 2730 555 603 2731 553 601 2732 553 601 2733 555 603 2734 551 599 2735 580 630 2736 566 616 2737 568 618 2738 580 630 2739 568 618 2740 570 620 2741 578 628 2742 577 627 2743 581 631 2744 582 632 2745 578 628 2746 581 631 2747 582 632 2748 579 629 2749 578 628 2750 583 633 2751 577 627 2752 576 626 2753 583 633 2754 584 634 2755 577 627 2756 581 631 2757 577 627 2758 584 634 2759 581 631 2760 584 634 2761 585 635 2762 582 632 2763 581 631 2764 585 635 2765 582 636 2766 585 635 2767 586 637 2768 585 635 2769 587 638 2770 586 637 2771 576 626 2772 573 623 2773 583 633 2774 573 623 2775 588 639 2776 583 633 2777 588 639 2778 584 634 2779 583 633 2780 588 639 2781 589 640 2782 584 634 2783 585 635 2784 584 634 2785 589 640 2786 585 635 2787 589 640 2788 590 641 2789 585 635 2790 590 641 2791 587 638 2792 591 642 2793 587 638 2794 590 641 2795 591 642 2796 592 643 2797 587 638 2798 592 643 2799 591 642 2800 593 644 2801 592 643 2802 593 644 2803 594 645 2804 594 645 2805 593 644 2806 595 646 2807 596 647 2808 595 646 2809 593 644 2810 596 647 2811 593 644 2812 597 648 2813 596 649 2814 597 648 2815 598 650 2816 599 651 2817 598 650 2818 597 648 2819 599 651 2820 597 648 2821 567 617 2822 567 617 2823 600 652 2824 599 651 2825 565 615 2826 567 617 2827 597 648 2828 565 615 2829 597 648 2830 601 653 2831 593 644 2832 601 653 2833 597 648 2834 593 644 2835 591 642 2836 601 653 2837 591 642 2838 589 640 2839 601 653 2840 591 642 2841 590 641 2842 589 640 2843 601 653 2844 589 640 2845 588 639 2846 601 653 2847 588 639 2848 565 615 2849 565 615 2850 588 639 2851 569 619 2852 573 623 2853 569 619 2854 588 639 2855 567 617 2856 566 616 2857 600 652 2858 602 654 2859 600 652 2860 566 616 2861 602 654 2862 566 616 2863 580 630 2864 603 655 2865 602 654 2866 580 630 2867 604 656 2868 603 657 2869 580 630 2870 570 620 2871 604 656 2872 580 630 2873 570 620 2874 605 658 2875 604 656 2876 605 658 2877 570 620 2878 571 621 2879 605 658 2880 571 621 2881 606 659 2882 572 622 2883 606 659 2884 571 621 2885 572 622 2886 607 660 2887 606 659 2888 572 622 2889 563 613 2890 607 660 2891 572 622 2892 574 624 2893 563 613 2894 562 612 2895 563 613 2896 574 624 2897 562 612 2898 574 624 2899 575 625 2900 562 612 2901 575 625 2902 564 614 2903 552 600 2904 564 614 2905 575 625 2906 552 600 2907 559 608 2908 564 614 2909 608 661 2910 467 662 2911 466 663 2912 469 664 2913 608 661 2914 466 663 2915 469 664 2916 609 665 2917 608 661 2918 608 661 2919 609 665 2920 610 666 2921 609 665 2922 611 667 2923 610 666 2924 611 667 2925 612 668 2926 610 666 2927 469 664 2928 613 669 2929 609 665 2930 611 667 2931 609 665 2932 613 669 2933 470 670 2934 611 667 2935 613 669 2936 470 670 2937 473 671 2938 611 667 2939 612 668 2940 611 667 2941 473 671 2942 475 672 2943 612 668 2944 473 671 2945 612 668 2946 475 672 2947 610 666 2948 485 521 2949 610 666 2950 475 672 2951 485 521 2952 439 472 2953 610 666 2954 610 666 2955 439 472 2956 614 673 2957 439 472 2958 440 473 2959 614 673 2960 441 474 2961 614 673 2962 440 473 2963 441 474 2964 491 674 2965 614 673 2966 614 673 2967 491 674 2968 492 675 2969 610 666 2970 614 673 2971 492 675 2972 493 676 2973 610 666 2974 492 675 2975 610 666 2976 493 676 2977 467 662 2978 610 666 2979 467 662 2980 608 661 2981 613 669 2982 469 664 2983 470 670 2984 485 521 2985 475 672 2986 489 677 2987 615 678 2988 616 679 2989 617 680 2990 615 678 2991 618 681 2992 616 679 2993 615 678 2994 619 682 2995 618 681 2996 618 681 2997 619 682 2998 620 683 2999 620 683 3000 621 684 3001 618 681 3002 622 685 3003 618 681 3004 621 684 3005 622 685 3006 616 679 3007 618 681 3008 622 685 3009 623 686 3010 616 679 3011 624 687 3012 617 680 3013 625 688 3014 624 687 3015 615 678 3016 617 680 3017 626 689 3018 615 678 3019 624 687 3020 626 689 3021 619 682 3022 615 678 3023 627 690 3024 619 682 3025 626 689 3026 627 690 3027 620 683 3028 619 682 3029 628 691 3030 620 683 3031 627 690 3032 620 683 3033 628 691 3034 621 684 3035 629 692 3036 621 684 3037 628 691 3038 628 691 3039 630 693 3040 629 692 3041 631 694 3042 632 695 3043 627 690 3044 628 691 3045 627 690 3046 632 695 3047 633 696 3048 628 691 3049 632 695 3050 633 696 3051 630 693 3052 628 691 3053 392 403 3054 630 693 3055 633 696 3056 392 403 3057 391 402 3058 630 693 3059 630 693 3060 391 402 3061 634 697 3062 629 692 3063 630 693 3064 634 697 3065 629 692 3066 634 697 3067 635 698 3068 629 692 3069 635 698 3070 621 684 3071 636 699 3072 621 684 3073 635 698 3074 622 685 3075 621 684 3076 636 699 3077 636 699 3078 637 700 3079 622 685 3080 623 686 3081 622 685 3082 637 700 3083 637 700 3084 638 701 3085 623 686 3086 639 702 3087 638 701 3088 637 700 3089 640 703 3090 638 701 3091 639 702 3092 640 703 3093 639 702 3094 641 704 3095 639 702 3096 637 700 3097 642 705 3098 631 694 3099 643 706 3100 632 695 3101 643 706 3102 633 696 3103 632 695 3104 643 706 3105 644 707 3106 633 696 3107 393 404 3108 633 696 3109 644 707 3110 393 404 3111 392 403 3112 633 696 3113 641 704 3114 639 702 3115 645 708 3116 639 702 3117 642 705 3118 645 708 3119 642 705 3120 646 709 3121 645 708 3122 646 709 3123 642 705 3124 637 700 3125 636 699 3126 646 709 3127 637 700 3128 636 699 3129 647 710 3130 646 709 3131 636 699 3132 635 698 3133 647 710 3134 635 698 3135 648 711 3136 647 710 3137 635 698 3138 634 697 3139 648 711 3140 649 712 3141 648 711 3142 634 697 3143 650 713 3144 649 712 3145 634 697 3146 651 714 3147 649 712 3148 650 713 3149 651 714 3150 652 715 3151 649 712 3152 652 715 3153 651 714 3154 444 716 3155 652 715 3156 444 716 3157 447 717 3158 447 717 3159 653 718 3160 652 715 3161 447 717 3162 1 719 3163 653 718 3164 653 718 3165 1 719 3166 4 720 3167 653 718 3168 4 720 3169 647 710 3170 653 718 3171 647 710 3172 648 711 3173 653 718 3174 648 711 3175 652 715 3176 649 712 3177 652 715 3178 648 711 3179 445 721 3180 444 716 3181 651 714 3182 654 722 3183 655 723 3184 656 724 3185 657 725 3186 656 724 3187 655 723 3188 658 726 3189 656 724 3190 657 725 3191 658 726 3192 657 725 3193 659 727 3194 18 728 3195 658 726 3196 659 727 3197 18 728 3198 659 727 3199 16 729 3200 16 729 3201 659 727 3202 660 730 3203 16 729 3204 660 730 3205 4 720 3206 661 731 3207 4 720 3208 660 730 3209 661 731 3210 647 710 3211 4 720 3212 647 710 3213 661 731 3214 662 732 3215 646 709 3216 647 710 3217 662 732 3218 596 733 3219 646 709 3220 662 732 3221 596 733 3222 645 708 3223 646 709 3224 599 734 3225 645 708 3226 596 733 3227 599 734 3228 641 704 3229 645 708 3230 599 734 3231 663 735 3232 641 704 3233 640 703 3234 641 704 3235 663 735 3236 661 731 3237 660 730 3238 662 732 3239 664 736 3240 665 737 3241 666 738 3242 667 739 3243 666 738 3244 665 737 3245 667 739 3246 665 737 3247 668 740 3248 667 739 3249 668 740 3250 669 741 3251 667 739 3252 669 741 3253 670 742 3254 670 742 3255 669 741 3256 654 722 3257 670 742 3258 654 722 3259 671 743 3260 671 743 3261 654 722 3262 656 724 3263 671 743 3264 656 724 3265 658 726 3266 200 744 3267 671 743 3268 658 726 3269 202 745 3270 200 744 3271 658 726 3272 209 746 3273 202 745 3274 658 726 3275 18 728 3276 209 746 3277 658 726 3278 167 747 3279 666 738 3280 168 748 3281 168 748 3282 666 738 3283 667 739 3284 168 748 3285 667 739 3286 170 749 3287 670 742 3288 170 749 3289 667 739 3290 670 742 3291 672 750 3292 170 749 3293 672 750 3294 670 742 3295 673 751 3296 670 742 3297 674 752 3298 673 751 3299 671 743 3300 674 752 3301 670 742 3302 671 743 3303 675 753 3304 674 752 3305 200 744 3306 675 753 3307 671 743 3308 676 754 3309 677 755 3310 678 756 3311 678 756 3312 677 755 3313 679 757 3314 680 758 3315 678 756 3316 679 757 3317 679 757 3318 681 759 3319 680 758 3320 681 759 3321 682 760 3322 680 758 3323 681 759 3324 683 761 3325 682 760 3326 683 761 3327 684 762 3328 682 760 3329 683 761 3330 685 763 3331 684 762 3332 686 764 3333 684 762 3334 685 763 3335 686 764 3336 685 763 3337 687 765 3338 686 764 3339 687 765 3340 665 737 3341 665 737 3342 687 765 3343 688 766 3344 665 737 3345 688 766 3346 668 740 3347 668 740 3348 688 766 3349 689 767 3350 668 740 3351 689 767 3352 669 741 3353 669 741 3354 689 767 3355 690 768 3356 669 741 3357 690 768 3358 654 722 3359 654 722 3360 690 768 3361 655 723 3362 664 736 3363 686 764 3364 665 737 3365 664 736 3366 684 762 3367 686 764 3368 664 736 3369 691 769 3370 684 762 3371 692 770 3372 688 766 3373 687 765 3374 692 770 3375 687 765 3376 685 763 3377 692 770 3378 685 763 3379 683 761 3380 683 761 3381 693 771 3382 692 770 3383 681 759 3384 693 771 3385 683 761 3386 681 759 3387 663 735 3388 693 771 3389 659 727 3390 657 725 3391 660 730 3392 657 725 3393 694 772 3394 660 730 3395 657 725 3396 655 723 3397 694 772 3398 695 773 3399 694 772 3400 655 723 3401 695 773 3402 655 723 3403 690 768 3404 695 773 3405 690 768 3406 696 774 3407 696 774 3408 690 768 3409 689 767 3410 696 774 3411 689 767 3412 697 775 3413 697 775 3414 689 767 3415 688 766 3416 697 775 3417 688 766 3418 698 776 3419 692 770 3420 698 776 3421 688 766 3422 698 776 3423 692 770 3424 603 777 3425 693 771 3426 603 777 3427 692 770 3428 602 778 3429 603 777 3430 693 771 3431 663 735 3432 602 778 3433 693 771 3434 599 734 3435 602 779 3436 663 735 3437 698 776 3438 699 780 3439 697 775 3440 697 775 3441 699 780 3442 700 781 3443 697 775 3444 700 781 3445 696 774 3446 700 781 3447 695 773 3448 696 774 3449 700 781 3450 701 782 3451 695 773 3452 662 732 3453 595 783 3454 596 733 3455 595 783 3456 662 732 3457 660 730 3458 595 783 3459 660 730 3460 702 784 3461 702 784 3462 660 730 3463 694 772 3464 695 773 3465 702 784 3466 694 772 3467 695 773 3468 582 785 3469 702 784 3470 695 773 3471 701 782 3472 582 785 3473 701 782 3474 579 786 3475 582 785 3476 701 782 3477 554 787 3478 579 788 3479 556 789 3480 554 787 3481 701 782 3482 556 789 3483 701 782 3484 700 781 3485 558 790 3486 556 789 3487 700 781 3488 558 790 3489 700 781 3490 699 780 3491 561 791 3492 558 792 3493 699 780 3494 561 791 3495 699 780 3496 563 793 3497 698 776 3498 563 793 3499 699 780 3500 563 794 3501 698 776 3502 603 777 3503 702 784 3504 582 785 3505 595 795 3506 542 796 3507 703 797 3508 530 798 3509 530 798 3510 704 799 3511 529 800 3512 530 798 3513 703 797 3514 704 799 3515 703 797 3516 705 801 3517 704 799 3518 706 802 3519 704 799 3520 705 801 3521 706 802 3522 705 801 3523 707 803 3524 708 804 3525 706 802 3526 707 803 3527 527 805 3528 706 802 3529 708 804 3530 527 805 3531 708 804 3532 526 806 3533 529 800 3534 706 802 3535 527 805 3536 529 800 3537 704 799 3538 706 802 3539 542 796 3540 709 807 3541 710 808 3542 542 796 3543 710 808 3544 703 797 3545 703 797 3546 710 808 3547 711 809 3548 703 797 3549 711 809 3550 712 810 3551 703 797 3552 712 810 3553 705 801 3554 713 811 3555 705 801 3556 712 810 3557 707 803 3558 705 801 3559 713 811 3560 707 803 3561 713 811 3562 714 812 3563 715 813 3564 707 803 3565 714 812 3566 708 804 3567 707 803 3568 715 813 3569 716 814 3570 708 804 3571 715 813 3572 526 806 3573 708 804 3574 716 814 3575 526 806 3576 716 814 3577 507 815 3578 717 816 3579 718 817 3580 719 818 3581 717 816 3582 719 818 3583 720 819 3584 721 820 3585 720 819 3586 719 818 3587 720 819 3588 721 820 3589 722 821 3590 721 820 3591 723 822 3592 722 821 3593 714 812 3594 722 821 3595 723 822 3596 724 823 3597 714 812 3598 723 822 3599 715 813 3600 714 812 3601 724 823 3602 725 824 3603 715 813 3604 724 823 3605 716 814 3606 715 813 3607 725 824 3608 726 825 3609 716 814 3610 725 824 3611 507 815 3612 716 814 3613 726 825 3614 507 815 3615 726 825 3616 508 826 3617 509 827 3618 508 826 3619 726 825 3620 509 827 3621 726 825 3622 727 828 3623 510 829 3624 509 827 3625 727 828 3626 510 829 3627 727 828 3628 728 830 3629 521 831 3630 510 829 3631 728 830 3632 725 824 3633 724 823 3634 729 832 3635 729 832 3636 724 823 3637 723 822 3638 721 820 3639 719 818 3640 730 833 3641 731 834 3642 732 835 3643 718 817 3644 718 817 3645 732 835 3646 733 836 3647 718 817 3648 733 836 3649 719 818 3650 733 836 3651 730 833 3652 719 818 3653 733 836 3654 734 837 3655 730 833 3656 730 833 3657 734 837 3658 735 838 3659 736 839 3660 730 833 3661 735 838 3662 736 839 3663 721 820 3664 730 833 3665 721 820 3666 736 839 3667 723 822 3668 736 839 3669 737 840 3670 723 822 3671 729 832 3672 723 822 3673 737 840 3674 738 841 3675 729 832 3676 737 840 3677 739 842 3678 729 832 3679 738 841 3680 739 842 3681 725 824 3682 729 832 3683 726 825 3684 725 824 3685 739 842 3686 727 828 3687 726 825 3688 739 842 3689 727 828 3690 740 843 3691 728 830 3692 727 828 3693 741 844 3694 740 843 3695 727 828 3696 739 842 3697 741 844 3698 742 845 3699 741 844 3700 739 842 3701 742 845 3702 739 842 3703 738 841 3704 742 845 3705 738 841 3706 743 846 3707 738 841 3708 737 840 3709 743 846 3710 744 847 3711 743 846 3712 737 840 3713 736 839 3714 744 847 3715 737 840 3716 744 847 3717 736 839 3718 745 848 3719 736 839 3720 735 838 3721 745 848 3722 745 848 3723 735 838 3724 746 849 3725 746 849 3726 735 838 3727 734 837 3728 734 837 3729 747 850 3730 746 849 3731 733 836 3732 747 850 3733 734 837 3734 733 836 3735 748 851 3736 747 850 3737 732 835 3738 748 851 3739 733 836 3740 732 835 3741 749 852 3742 748 851 3743 731 834 3744 749 852 3745 732 835 3746 731 834 3747 750 853 3748 749 852 3749 749 852 3750 750 853 3751 751 854 3752 749 852 3753 751 854 3754 752 855 3755 751 854 3756 753 856 3757 752 855 3758 753 856 3759 754 857 3760 752 855 3761 748 851 3762 754 857 3763 753 856 3764 748 851 3765 752 855 3766 754 857 3767 748 851 3768 749 852 3769 752 855 3770 751 854 3771 755 858 3772 753 856 3773 756 859 3774 757 860 3775 758 861 3776 757 860 3777 759 862 3778 758 861 3779 757 860 3780 745 848 3781 759 862 3782 757 860 3783 744 847 3784 745 848 3785 744 847 3786 757 860 3787 743 846 3788 757 860 3789 760 863 3790 743 846 3791 742 845 3792 743 846 3793 760 863 3794 757 860 3795 756 859 3796 760 863 3797 761 864 3798 762 865 3799 763 866 3800 764 867 3801 763 866 3802 762 865 3803 765 868 3804 763 866 3805 764 867 3806 764 867 3807 740 843 3808 765 868 3809 765 868 3810 740 843 3811 741 844 3812 765 868 3813 741 844 3814 742 845 3815 742 845 3816 766 869 3817 765 868 3818 742 845 3819 760 863 3820 766 869 3821 760 863 3822 767 870 3823 766 869 3824 760 863 3825 756 859 3826 767 870 3827 756 859 3828 768 871 3829 767 870 3830 756 859 3831 758 861 3832 768 871 3833 769 872 3834 768 871 3835 758 861 3836 770 873 3837 769 872 3838 758 861 3839 770 873 3840 758 861 3841 759 862 3842 771 874 3843 770 873 3844 759 862 3845 771 874 3846 759 862 3847 745 848 3848 745 848 3849 746 849 3850 771 874 3851 761 864 3852 768 871 3853 772 875 3854 761 864 3855 767 870 3856 768 871 3857 766 869 3858 767 870 3859 761 864 3860 766 869 3861 761 864 3862 763 866 3863 765 868 3864 766 869 3865 763 866 3866 773 876 3867 774 877 3868 772 875 3869 775 878 3870 776 879 3871 777 880 3872 778 881 3873 776 879 3874 775 878 3875 778 881 3876 775 878 3877 779 882 3878 778 881 3879 779 882 3880 780 883 3881 779 882 3882 781 884 3883 780 883 3884 782 885 3885 780 883 3886 781 884 3887 782 885 3888 783 886 3889 780 883 3890 784 887 3891 783 886 3892 782 885 3893 785 888 3894 783 886 3895 784 887 3896 786 889 3897 785 888 3898 784 887 3899 786 889 3900 787 890 3901 785 888 3902 786 889 3903 774 877 3904 787 890 3905 788 891 3906 787 890 3907 774 877 3908 788 891 3909 774 877 3910 773 876 3911 789 892 3912 788 891 3913 773 876 3914 789 892 3915 773 876 3916 769 872 3917 769 872 3918 773 876 3919 768 871 3920 773 876 3921 772 875 3922 768 871 3923 778 881 3924 780 883 3925 790 893 3926 790 893 3927 780 883 3928 783 886 3929 790 893 3930 783 886 3931 791 894 3932 785 888 3933 791 894 3934 783 886 3935 787 890 3936 791 894 3937 785 888 3938 787 890 3939 788 891 3940 791 894 3941 788 891 3942 790 893 3943 791 894 3944 788 891 3945 789 892 3946 790 893 3947 790 893 3948 789 892 3949 778 881 3950 792 895 3951 779 882 3952 793 896 3953 779 882 3954 792 895 3955 794 897 3956 779 882 3957 794 897 3958 781 884 3959 781 884 3960 794 897 3961 795 898 3962 781 884 3963 795 898 3964 796 899 3965 781 884 3966 796 899 3967 797 900 3968 781 884 3969 797 900 3970 782 885 3971 798 901 3972 782 885 3973 797 900 3974 784 887 3975 782 885 3976 798 901 3977 799 902 3978 784 887 3979 798 901 3980 786 889 3981 784 887 3982 799 902 3983 800 903 3984 786 889 3985 799 902 3986 800 903 3987 774 877 3988 786 889 3989 801 904 3990 774 877 3991 800 903 3992 772 875 3993 774 877 3994 801 904 3995 802 905 3996 772 875 3997 801 904 3998 802 905 3999 761 864 4000 772 875 4001 761 864 4002 802 905 4003 762 865 4004 801 904 4005 803 906 4006 802 905 4007 801 904 4008 800 903 4009 803 906 4010 800 903 4011 799 902 4012 803 906 4013 802 905 4014 804 907 4015 762 865 4016 802 905 4017 803 906 4018 804 907 4019 803 906 4020 805 908 4021 804 907 4022 803 906 4023 799 902 4024 805 908 4025 799 902 4026 798 901 4027 805 908 4028 764 867 4029 806 909 4030 740 843 4031 807 910 4032 806 909 4033 764 867 4034 764 867 4035 762 865 4036 807 910 4037 762 865 4038 808 911 4039 807 910 4040 762 865 4041 804 907 4042 808 911 4043 804 907 4044 809 912 4045 808 911 4046 804 907 4047 805 908 4048 809 912 4049 805 908 4050 810 913 4051 809 912 4052 805 908 4053 798 901 4054 810 913 4055 798 901 4056 797 900 4057 810 913 4058 795 898 4059 811 914 4060 812 915 4061 795 898 4062 812 915 4063 813 916 4064 796 899 4065 795 898 4066 813 916 4067 796 899 4068 813 916 4069 814 917 4070 797 900 4071 796 899 4072 814 917 4073 814 917 4074 815 918 4075 797 900 4076 815 918 4077 810 913 4078 797 900 4079 815 918 4080 816 919 4081 810 913 4082 816 919 4083 809 912 4084 810 913 4085 816 919 4086 817 920 4087 809 912 4088 817 920 4089 808 911 4090 809 912 4091 817 920 4092 818 921 4093 808 911 4094 818 921 4095 807 910 4096 808 911 4097 818 921 4098 819 922 4099 807 910 4100 807 910 4101 819 922 4102 806 909 4103 820 923 4104 806 909 4105 819 922 4106 728 830 4107 806 909 4108 820 923 4109 728 830 4110 740 843 4111 806 909 4112 820 923 4113 819 922 4114 821 924 4115 821 924 4116 819 922 4117 818 921 4118 521 831 4119 728 830 4120 820 923 4121 520 925 4122 521 831 4123 820 923 4124 520 925 4125 820 923 4126 821 924 4127 520 925 4128 821 924 4129 822 926 4130 821 924 4131 818 921 4132 822 926 4133 823 927 4134 822 926 4135 818 921 4136 823 927 4137 818 921 4138 817 920 4139 824 928 4140 823 927 4141 817 920 4142 824 928 4143 817 920 4144 816 919 4145 825 929 4146 824 928 4147 816 919 4148 825 929 4149 816 919 4150 815 918 4151 825 929 4152 815 918 4153 826 930 4154 814 917 4155 826 930 4156 815 918 4157 827 931 4158 826 930 4159 814 917 4160 827 931 4161 814 917 4162 813 916 4163 828 932 4164 827 931 4165 813 916 4166 828 932 4167 813 916 4168 812 915 4169 829 933 4170 828 932 4171 812 915 4172 825 929 4173 826 930 4174 830 934 4175 831 935 4176 830 934 4177 826 930 4178 831 935 4179 826 930 4180 827 931 4181 832 936 4182 831 935 4183 827 931 4184 832 936 4185 827 931 4186 828 932 4187 833 937 4188 832 936 4189 828 932 4190 833 937 4191 828 932 4192 829 933 4193 829 933 4194 709 807 4195 833 937 4196 829 933 4197 834 938 4198 709 807 4199 710 808 4200 709 807 4201 834 938 4202 710 808 4203 834 938 4204 711 809 4205 520 925 4206 822 926 4207 519 939 4208 518 940 4209 519 939 4210 822 926 4211 518 940 4212 822 926 4213 823 927 4214 523 941 4215 518 940 4216 823 927 4217 523 941 4218 823 927 4219 824 928 4220 525 942 4221 523 941 4222 824 928 4223 525 942 4224 824 928 4225 825 929 4226 533 943 4227 525 942 4228 825 929 4229 533 943 4230 825 929 4231 830 934 4232 534 944 4233 533 943 4234 830 934 4235 534 944 4236 830 934 4237 831 935 4238 536 945 4239 534 944 4240 831 935 4241 536 945 4242 831 935 4243 832 936 4244 538 946 4245 536 945 4246 832 936 4247 538 946 4248 832 936 4249 833 937 4250 540 947 4251 538 946 4252 833 937 4253 540 947 4254 833 937 4255 709 807 4256 542 796 4257 540 947 4258 709 807 4259 524 948 4260 525 942 4261 533 943 4262 835 949 4263 836 950 4264 837 951 4265 835 949 4266 838 952 4267 836 950 4268 839 953 4269 840 954 4270 835 949 4271 835 949 4272 840 954 4273 838 952 4274 840 954 4275 841 955 4276 838 952 4277 681 759 4278 640 703 4279 663 735 4280 679 757 4281 640 703 4282 681 759 4283 640 703 4284 679 757 4285 638 701 4286 638 701 4287 679 757 4288 677 755 4289 638 701 4290 677 755 4291 623 686 4292 623 686 4293 677 755 4294 676 754 4295 623 686 4296 676 754 4297 616 679 4298 616 679 4299 676 754 4300 839 953 4301 616 679 4302 839 953 4303 617 680 4304 617 680 4305 839 953 4306 835 949 4307 617 680 4308 835 949 4309 625 688 4310 835 949 4311 837 951 4312 625 688 4313 842 956 4314 625 688 4315 837 951 4316 842 956 4317 624 687 4318 625 688 4319 624 687 4320 842 956 4321 843 957 4322 624 687 4323 843 957 4324 626 689 4325 631 694 4326 626 689 4327 843 957 4328 631 694 4329 627 690 4330 626 689 4331 691 769 4332 844 958 4333 845 959 4334 691 769 4335 845 959 4336 684 762 4337 846 960 4338 684 762 4339 845 959 4340 846 960 4341 682 760 4342 684 762 4343 680 758 4344 682 760 4345 846 960 4346 680 758 4347 846 960 4348 847 961 4349 680 758 4350 847 961 4351 678 756 4352 848 962 4353 678 756 4354 847 961 4355 676 754 4356 678 756 4357 848 962 4358 848 962 4359 839 953 4360 676 754 4361 848 962 4362 849 963 4363 839 953 4364 839 953 4365 849 963 4366 840 954 4367 849 963 4368 850 964 4369 840 954 4370 840 954 4371 850 964 4372 841 955 4373 851 965 4374 841 955 4375 850 964 4376 851 965 4377 850 964 4378 852 966 4379 852 966 4380 853 967 4381 851 965 4382 852 966 4383 854 968 4384 853 967 4385 852 966 4386 855 969 4387 856 970 4388 852 966 4389 856 970 4390 854 968 4391 855 969 4392 852 966 4393 850 964 4394 849 963 4395 855 969 4396 850 964 4397 848 962 4398 855 969 4399 849 963 4400 848 962 4401 856 970 4402 855 969 4403 848 962 4404 847 961 4405 856 970 4406 856 970 4407 847 961 4408 846 960 4409 846 960 4410 854 968 4411 856 970 4412 846 960 4413 857 971 4414 854 968 4415 858 972 4416 854 968 4417 857 971 4418 857 971 4419 859 973 4420 858 972 4421 857 971 4422 845 959 4423 859 973 4424 845 959 4425 844 958 4426 859 973 4427 860 974 4428 859 973 4429 844 958 4430 860 974 4431 844 958 4432 691 769 4433 860 974 4434 691 769 4435 166 975 4436 167 747 4437 166 975 4438 691 769 4439 167 747 4440 691 769 4441 664 736 4442 167 747 4443 664 736 4444 666 738 4445 846 960 4446 845 959 4447 857 971 4448 854 968 4449 240 976 4450 853 967 4451 854 968 4452 858 972 4453 240 976 4454 861 977 4455 240 976 4456 858 972 4457 861 977 4458 858 972 4459 859 973 4460 859 973 4461 862 978 4462 861 977 4463 860 974 4464 862 978 4465 859 973 4466 860 974 4467 863 979 4468 862 978 4469 861 977 4470 305 980 4471 240 976 4472 394 981 4473 305 980 4474 861 977 4475 394 982 4476 861 977 4477 862 978 4478 394 983 4479 303 984 4480 305 985 4481 412 986 4482 428 987 4483 413 988 4484 428 987 4485 864 989 4486 413 988 4487 864 989 4488 414 990 4489 413 988 4490 414 990 4491 865 991 4492 415 992 4493 864 989 4494 865 991 4495 414 990 4496 864 989 4497 866 993 4498 865 991 4499 428 987 4500 866 993 4501 864 989 4502 428 987 4503 430 994 4504 866 993 4505 432 995 4506 866 993 4507 430 994 4508 432 995 4509 867 996 4510 866 993 4511 417 997 4512 867 996 4513 432 995 4514 416 998 4515 867 996 4516 417 997 4517 416 998 4518 868 999 4519 867 996 4520 868 999 4521 416 998 4522 415 992 4523 868 999 4524 415 992 4525 869 1000 4526 865 991 4527 869 1000 4528 415 992 4529 866 993 4530 869 1000 4531 865 991 4532 869 1000 4533 866 993 4534 868 999 4535 867 996 4536 868 999 4537 866 993 4538 417 997 4539 432 995 4540 418 1001 4541 870 1002 4542 871 1003 4543 872 1004 4544 870 1002 4545 873 1005 4546 874 1006 4547 870 1002 4548 872 1004 4549 873 1005 4550 872 1004 4551 875 1007 4552 873 1005 4553 872 1004 4554 876 1008 4555 875 1007 4556 871 1003 4557 876 1008 4558 872 1004 4559 871 1003 4560 877 1009 4561 876 1008 4562 878 1010 4563 860 1011 4564 166 168 4565 878 1010 4566 166 168 4567 165 167 4568 879 1012 4569 878 1010 4570 165 167 4571 879 1012 4572 165 167 4573 164 166 4574 164 166 4575 880 1013 4576 879 1012 4577 164 166 4578 163 165 4579 880 1013 4580 881 1014 4581 880 1013 4582 163 165 4583 881 1014 4584 163 165 4585 882 1015 4586 874 1006 4587 881 1014 4588 882 1015 4589 874 1006 4590 882 1015 4591 883 1016 4592 874 1006 4593 883 1016 4594 884 1017 4595 870 1002 4596 874 1006 4597 884 1017 4598 885 1018 4599 870 1002 4600 884 1017 4601 870 1002 4602 885 1018 4603 871 1003 4604 886 1019 4605 871 1003 4606 885 1018 4607 886 1019 4608 887 1020 4609 871 1003 4610 871 1003 4611 887 1020 4612 888 1021 4613 871 1003 4614 888 1021 4615 877 1009 4616 885 1018 4617 884 1017 4618 889 1022 4619 890 1023 4620 879 1012 4621 880 1013 4622 879 1012 4623 890 1023 4624 891 1024 4625 879 1012 4626 891 1024 4627 878 1010 4628 891 1024 4629 860 1011 4630 878 1010 4631 891 1024 4632 863 1025 4633 860 1011 4634 888 1021 4635 892 1026 4636 893 1027 4637 888 1021 4638 893 1027 4639 877 1009 4640 877 1009 4641 893 1027 4642 876 1008 4643 876 1008 4644 893 1027 4645 894 1028 4646 876 1008 4647 894 1028 4648 895 1029 4649 876 1008 4650 895 1029 4651 875 1007 4652 875 1007 4653 895 1029 4654 896 1030 4655 873 1005 4656 875 1007 4657 896 1030 4658 873 1005 4659 896 1030 4660 897 1031 4661 874 1006 4662 873 1005 4663 897 1031 4664 874 1006 4665 897 1031 4666 881 1014 4667 897 1031 4668 880 1013 4669 881 1014 4670 897 1031 4671 898 1032 4672 880 1013 4673 890 1023 4674 880 1013 4675 898 1032 4676 899 1033 4677 890 1023 4678 898 1032 4679 899 1033 4680 891 1024 4681 890 1023 4682 899 1033 4683 900 1034 4684 891 1024 4685 891 1024 4686 900 1034 4687 863 1025 4688 901 1035 4689 863 1036 4690 900 1034 4691 901 1035 4692 900 1034 4693 899 1033 4694 901 1035 4695 899 1033 4696 895 1029 4697 899 1033 4698 902 1037 4699 895 1029 4700 895 1029 4701 902 1037 4702 896 1030 4703 897 1031 4704 896 1030 4705 902 1037 4706 897 1031 4707 902 1037 4708 898 1032 4709 899 1033 4710 898 1032 4711 902 1037 4712 903 1038 4713 904 1039 4714 905 1040 4715 906 1041 4716 904 1039 4717 903 1038 4718 907 1042 4719 905 1040 4720 904 1039 4721 907 1042 4722 908 1043 4723 909 1044 4724 907 1042 4725 909 1044 4726 905 1040 4727 905 1040 4728 909 1044 4729 910 1045 4730 910 1045 4731 903 1038 4732 905 1040 4733 910 1045 4734 911 1046 4735 903 1038 4736 910 1045 4737 912 1047 4738 911 1046 4739 910 1045 4740 913 1048 4741 912 1047 4742 912 1047 4743 913 1048 4744 914 1049 4745 913 1048 4746 915 1050 4747 914 1049 4748 913 1048 4749 916 1051 4750 915 1050 4751 908 1043 4752 915 1050 4753 916 1051 4754 908 1043 4755 916 1051 4756 917 1052 4757 908 1043 4758 917 1052 4759 909 1044 4760 910 1045 4761 909 1044 4762 917 1052 4763 917 1052 4764 916 1051 4765 910 1045 4766 913 1048 4767 910 1045 4768 916 1051 4769 912 1047 4770 914 1049 4771 918 1053 4772 919 1054 4773 920 1055 4774 921 1056 4775 922 1057 4776 921 1056 4777 920 1055 4778 922 1057 4779 923 1058 4780 921 1056 4781 924 1059 4782 923 1058 4783 922 1057 4784 925 1060 4785 926 1061 4786 927 1062 4787 925 1060 4788 928 1063 4789 926 1061 4790 925 1060 4791 929 1064 4792 928 1063 4793 930 1065 4794 928 1063 4795 929 1064 4796 929 1064 4797 924 1059 4798 930 1065 4799 924 1059 4800 931 1066 4801 930 1065 4802 924 1059 4803 922 1057 4804 931 1066 4805 931 1066 4806 922 1057 4807 932 1067 4808 932 1067 4809 922 1057 4810 920 1055 4811 932 1067 4812 920 1055 4813 933 1068 4814 933 1068 4815 920 1055 4816 919 1054 4817 933 1068 4818 919 1054 4819 934 1069 4820 934 1069 4821 919 1054 4822 935 1070 4823 934 1069 4824 935 1070 4825 936 1071 4826 936 1071 4827 935 1070 4828 937 1072 4829 936 1071 4830 937 1072 4831 938 1073 4832 938 1073 4833 937 1072 4834 939 1074 4835 940 1075 4836 938 1073 4837 939 1074 4838 930 1065 4839 941 1076 4840 928 1063 4841 931 1066 4842 932 1067 4843 942 1077 4844 931 1066 4845 942 1077 4846 930 1065 4847 930 1065 4848 942 1077 4849 932 1067 4850 930 1065 4851 932 1067 4852 941 1076 4853 941 1076 4854 932 1067 4855 933 1068 4856 943 1078 4857 944 1079 4858 945 1080 4859 944 1079 4860 926 1061 4861 945 1080 4862 945 1080 4863 926 1061 4864 928 1063 4865 945 1080 4866 928 1063 4867 946 1081 4868 946 1081 4869 928 1063 4870 941 1076 4871 947 1082 4872 946 1081 4873 941 1076 4874 941 1076 4875 933 1068 4876 947 1082 4877 948 1083 4878 947 1082 4879 933 1068 4880 948 1083 4881 933 1068 4882 934 1069 4883 934 1069 4884 949 1084 4885 948 1083 4886 934 1069 4887 936 1071 4888 949 1084 4889 950 1085 4890 949 1084 4891 936 1071 4892 950 1085 4893 936 1071 4894 938 1073 4895 938 1073 4896 951 1086 4897 950 1085 4898 938 1073 4899 940 1075 4900 951 1086 4901 952 1087 4902 953 1088 4903 943 1078 4904 943 1078 4905 945 1080 4906 952 1087 4907 946 1081 4908 952 1087 4909 945 1080 4910 946 1081 4911 954 1089 4912 952 1087 4913 946 1081 4914 947 1082 4915 954 1089 4916 948 1083 4917 954 1089 4918 947 1082 4919 948 1083 4920 955 1090 4921 954 1089 4922 948 1083 4923 949 1084 4924 955 1090 4925 956 1091 4926 955 1090 4927 949 1084 4928 956 1091 4929 949 1084 4930 950 1085 4931 956 1091 4932 950 1085 4933 951 1086 4934 957 1092 4935 956 1091 4936 951 1086 4937 956 1091 4938 957 1092 4939 958 1093 4940 956 1091 4941 958 1093 4942 959 1094 4943 959 1094 4944 958 1093 4945 960 1095 4946 959 1094 4947 960 1095 4948 961 1096 4949 961 1096 4950 962 1097 4951 959 1094 4952 961 1096 4953 953 1088 4954 962 1097 4955 952 1087 4956 962 1097 4957 953 1088 4958 962 1097 4959 952 1087 4960 955 1090 4961 955 1090 4962 952 1087 4963 954 1089 4964 959 1094 4965 955 1090 4966 956 1091 4967 959 1094 4968 962 1097 4969 955 1090 4970 963 1098 4971 940 1075 4972 939 1074 4973 963 1098 4974 964 1099 4975 940 1075 4976 964 1099 4977 951 1086 4978 940 1075 4979 964 1099 4980 965 1100 4981 951 1086 4982 951 1086 4983 965 1100 4984 966 1101 4985 951 1086 4986 966 1101 4987 957 1092 4988 957 1092 4989 966 1101 4990 967 1102 4991 957 1092 4992 967 1102 4993 958 1093 4994 958 1093 4995 967 1102 4996 968 1103 4997 958 1093 4998 968 1103 4999 960 1095 5000 968 1103 5001 969 1104 5002 960 1095 5003 961 1096 5004 960 1095 5005 969 1104 5006 961 1096 5007 969 1104 5008 970 1105 5009 970 1105 5010 953 1088 5011 961 1096 5012 970 1105 5013 971 1106 5014 953 1088 5015 971 1106 5016 972 1107 5017 953 1088 5018 953 1088 5019 972 1107 5020 943 1078 5021 972 1107 5022 944 1079 5023 943 1078 5024 968 1103 5025 973 1108 5026 969 1104 5027 944 1079 5028 927 1062 5029 926 1061 5030 974 1109 5031 927 1062 5032 944 1079 5033 972 1107 5034 974 1109 5035 944 1079 5036 975 1110 5037 974 1109 5038 972 1107 5039 975 1110 5040 972 1107 5041 971 1106 5042 975 1110 5043 971 1106 5044 976 1111 5045 976 1111 5046 971 1106 5047 970 1105 5048 976 1111 5049 970 1105 5050 977 1112 5051 977 1112 5052 970 1105 5053 969 1104 5054 977 1112 5055 969 1104 5056 978 1113 5057 973 1108 5058 978 1113 5059 969 1104 5060 973 1108 5061 979 1114 5062 978 1113 5063 979 1114 5064 980 1115 5065 978 1113 5066 979 1114 5067 981 1116 5068 980 1115 5069 981 1116 5070 982 1117 5071 980 1115 5072 981 1116 5073 983 1118 5074 982 1117 5075 983 1118 5076 984 1119 5077 982 1117 5078 983 1118 5079 985 1120 5080 984 1119 5081 986 1121 5082 987 1122 5083 988 1123 5084 986 1121 5085 988 1123 5086 989 1124 5087 989 1124 5088 988 1123 5089 990 1125 5090 989 1124 5091 990 1125 5092 984 1119 5093 984 1119 5094 990 1125 5095 991 1126 5096 984 1119 5097 991 1126 5098 982 1117 5099 991 1126 5100 980 1115 5101 982 1117 5102 991 1126 5103 992 1127 5104 980 1115 5105 992 1127 5106 978 1113 5107 980 1115 5108 992 1127 5109 977 1112 5110 978 1113 5111 993 1128 5112 977 1112 5113 992 1127 5114 993 1128 5115 976 1111 5116 977 1112 5117 975 1110 5118 976 1111 5119 993 1128 5120 975 1110 5121 993 1128 5122 994 1129 5123 994 1129 5124 995 1130 5125 975 1110 5126 994 1129 5127 996 1131 5128 995 1130 5129 996 1131 5130 997 1132 5131 995 1130 5132 996 1131 5133 998 1133 5134 997 1132 5135 999 1134 5136 997 1132 5137 998 1133 5138 999 1134 5139 998 1133 5140 1000 1135 5141 1001 1136 5142 999 1134 5143 1000 1135 5144 1001 1136 5145 1000 1135 5146 1002 1137 5147 1003 1138 5148 1001 1136 5149 1002 1137 5150 1003 1138 5151 1002 1137 5152 987 1122 5153 987 1122 5154 1002 1137 5155 1004 1139 5156 987 1122 5157 1004 1139 5158 988 1123 5159 988 1123 5160 1004 1139 5161 1005 1140 5162 988 1123 5163 1005 1140 5164 990 1125 5165 990 1125 5166 1005 1140 5167 1006 1141 5168 990 1125 5169 1006 1141 5170 991 1126 5171 991 1126 5172 1006 1141 5173 993 1128 5174 991 1126 5175 993 1128 5176 992 1127 5177 975 1110 5178 995 1130 5179 974 1109 5180 995 1130 5181 1007 1142 5182 974 1109 5183 995 1130 5184 997 1132 5185 1007 1142 5186 1008 1143 5187 1007 1142 5188 997 1132 5189 1008 1143 5190 997 1132 5191 999 1134 5192 1001 1136 5193 1008 1143 5194 999 1134 5195 974 1109 5196 1009 1144 5197 927 1062 5198 1007 1142 5199 1009 1144 5200 974 1109 5201 1007 1142 5202 1010 1145 5203 1009 1144 5204 1011 1146 5205 1010 1145 5206 1007 1142 5207 1008 1143 5208 1011 1146 5209 1007 1142 5210 1012 1147 5211 1011 1146 5212 1008 1143 5213 1001 1136 5214 1012 1147 5215 1008 1143 5216 1012 1147 5217 1001 1136 5218 1003 1138 5219 925 1060 5220 927 1062 5221 1013 1148 5222 1013 1148 5223 927 1062 5224 1009 1144 5225 1013 1148 5226 1009 1144 5227 1014 1149 5228 1010 1145 5229 1014 1149 5230 1009 1144 5231 1010 1145 5232 1015 1150 5233 1014 1149 5234 1015 1150 5235 1010 1145 5236 1011 1146 5237 1016 1151 5238 1015 1150 5239 1011 1146 5240 1015 1150 5241 1016 1151 5242 1014 1149 5243 1017 1152 5244 1018 1153 5245 1019 1154 5246 1017 1152 5247 1019 1154 5248 1020 1155 5249 925 1060 5250 1020 1155 5251 1019 1154 5252 1020 1155 5253 925 1060 5254 1021 1156 5255 1021 1156 5256 925 1060 5257 1013 1148 5258 1022 1157 5259 1021 1156 5260 1013 1148 5261 1013 1148 5262 1014 1149 5263 1022 1157 5264 1023 1158 5265 1022 1157 5266 1014 1149 5267 1014 1149 5268 1016 1151 5269 1023 1158 5270 1024 1159 5271 1023 1158 5272 1016 1151 5273 1024 1159 5274 1016 1151 5275 1011 1146 5276 1024 1159 5277 1011 1146 5278 1025 1160 5279 1012 1147 5280 1025 1160 5281 1011 1146 5282 1025 1160 5283 1012 1147 5284 1026 1161 5285 1012 1147 5286 1003 1138 5287 1026 1161 5288 1027 1162 5289 1026 1161 5290 1003 1138 5291 1027 1162 5292 1003 1138 5293 987 1122 5294 1027 1162 5295 987 1122 5296 986 1121 5297 1028 1163 5298 1021 1156 5299 1029 1164 5300 1029 1164 5301 1021 1156 5302 1022 1157 5303 1022 1157 5304 1024 1159 5305 1029 1164 5306 1022 1157 5307 1023 1158 5308 1024 1159 5309 1025 1160 5310 1029 1164 5311 1024 1159 5312 1021 1156 5313 1028 1163 5314 1020 1155 5315 1017 1152 5316 1020 1155 5317 1028 1163 5318 1017 1152 5319 1028 1163 5320 1030 1165 5321 1029 1164 5322 1030 1165 5323 1028 1163 5324 1029 1164 5325 1031 1166 5326 1030 1165 5327 1031 1166 5328 1029 1164 5329 1025 1160 5330 1032 1167 5331 1031 1166 5332 1025 1160 5333 1032 1167 5334 1025 1160 5335 1026 1161 5336 1033 1168 5337 1032 1167 5338 1026 1161 5339 1033 1168 5340 1026 1161 5341 1034 1169 5342 1027 1162 5343 1034 1169 5344 1026 1161 5345 1032 1167 5346 1033 1168 5347 1035 1170 5348 1032 1167 5349 1035 1170 5350 1036 1171 5351 1036 1171 5352 1031 1166 5353 1032 1167 5354 1036 1171 5355 1030 1165 5356 1031 1166 5357 984 1119 5358 985 1120 5359 1037 1172 5360 984 1119 5361 1037 1172 5362 989 1124 5363 989 1124 5364 1037 1172 5365 1038 1173 5366 989 1124 5367 1038 1173 5368 986 1121 5369 986 1121 5370 1038 1173 5371 1039 1174 5372 986 1121 5373 1039 1174 5374 1027 1162 5375 1039 1174 5376 1040 1175 5377 1027 1162 5378 1027 1162 5379 1040 1175 5380 1034 1169 5381 1041 1176 5382 1034 1169 5383 1040 1175 5384 1041 1176 5385 1033 1168 5386 1034 1169 5387 1033 1168 5388 1041 1176 5389 651 1177 5390 1033 1168 5391 651 1177 5392 1035 1170 5393 1042 1178 5394 1035 1170 5395 651 1177 5396 1042 1178 5397 1036 1171 5398 1035 1170 5399 1042 1178 5400 1043 1179 5401 1036 1171 5402 1030 1165 5403 1036 1171 5404 1043 1179 5405 1030 1165 5406 1043 1179 5407 1018 1153 5408 1017 1152 5409 1030 1165 5410 1018 1153 5411 1043 1179 5412 1042 1178 5413 1044 1180 5414 1045 1181 5415 1044 1180 5416 1042 1178 5417 1042 1178 5418 1046 1182 5419 1045 1181 5420 1042 1178 5421 651 1177 5422 1046 1182 5423 1047 1183 5424 1045 1181 5425 1046 1182 5426 1048 1184 5427 1019 1154 5428 1018 1153 5429 1048 1184 5430 1018 1153 5431 1049 1185 5432 1050 1186 5433 1049 1185 5434 1018 1153 5435 1050 1186 5436 1018 1153 5437 1043 1179 5438 1051 1187 5439 1050 1186 5440 1043 1179 5441 1043 1179 5442 1044 1180 5443 1051 1187 5444 1052 1188 5445 1051 1187 5446 1044 1180 5447 1052 1188 5448 1044 1180 5449 1053 1189 5450 1053 1189 5451 1044 1180 5452 1045 1181 5453 1053 1189 5454 1045 1181 5455 1054 1190 5456 1054 1190 5457 1045 1181 5458 1047 1183 5459 1054 1190 5460 1047 1183 5461 1055 1191 5462 1052 1188 5463 1050 1186 5464 1051 1187 5465 1047 1183 5466 1056 1192 5467 1057 1193 5468 1047 1183 5469 1057 1193 5470 1055 1191 5471 1055 1191 5472 1057 1193 5473 963 1098 5474 1055 1191 5475 963 1098 5476 939 1074 5477 1055 1191 5478 939 1074 5479 1054 1190 5480 939 1074 5481 937 1072 5482 1054 1190 5483 1054 1190 5484 937 1072 5485 1053 1189 5486 937 1072 5487 935 1070 5488 1053 1189 5489 919 1054 5490 1053 1189 5491 935 1070 5492 919 1054 5493 1052 1188 5494 1053 1189 5495 1052 1188 5496 919 1054 5497 921 1056 5498 1052 1188 5499 921 1056 5500 1050 1186 5501 923 1058 5502 1050 1186 5503 921 1056 5504 923 1058 5505 1049 1185 5506 1050 1186 5507 924 1059 5508 1049 1185 5509 923 1058 5510 924 1059 5511 1048 1184 5512 1049 1185 5513 929 1064 5514 1048 1184 5515 924 1059 5516 1019 1154 5517 1048 1184 5518 929 1064 5519 925 1060 5520 1019 1154 5521 929 1064 5522 1058 1194 5523 1059 1195 5524 1060 1196 5525 1058 1194 5526 1061 1197 5527 1059 1195 5528 1058 1194 5529 1062 1198 5530 1061 1197 5531 1058 1194 5532 1063 1199 5533 1062 1198 5534 1059 1195 5535 731 834 5536 1064 1200 5537 1059 1195 5538 750 853 5539 731 834 5540 1059 1195 5541 1061 1197 5542 750 853 5543 1061 1197 5544 751 854 5545 750 853 5546 1061 1197 5547 1062 1198 5548 751 854 5549 751 854 5550 1062 1198 5551 755 858 5552 1063 1199 5553 755 858 5554 1062 1198 5555 1063 1199 5556 1065 1201 5557 755 858 5558 1063 1199 5559 1066 1202 5560 1065 1201 5561 1066 1202 5562 1067 1203 5563 1065 1201 5564 1067 1203 5565 1066 1202 5566 1068 1204 5567 1068 1204 5568 793 896 5569 1067 1203 5570 1069 1205 5571 793 896 5572 1068 1204 5573 1069 1205 5574 792 895 5575 793 896 5576 792 895 5577 1069 1205 5578 1070 1206 5579 792 895 5580 1070 1206 5581 794 897 5582 794 897 5583 1070 1206 5584 811 914 5585 794 897 5586 811 914 5587 795 898 5588 1071 1207 5589 1065 1201 5590 1067 1203 5591 793 896 5592 1072 1208 5593 1067 1203 5594 1072 1208 5595 1071 1207 5596 1067 1203 5597 1071 1207 5598 1072 1208 5599 1073 1209 5600 1073 1209 5601 1074 1210 5602 1075 1211 5603 1073 1209 5604 1075 1211 5605 1076 1212 5606 1076 1212 5607 1071 1207 5608 1073 1209 5609 1076 1212 5610 1077 1213 5611 1071 1207 5612 1077 1213 5613 1065 1201 5614 1071 1207 5615 1077 1213 5616 1078 1214 5617 1065 1201 5618 1079 1215 5619 1065 1201 5620 1078 1214 5621 1079 1215 5622 755 858 5623 1065 1201 5624 1079 1215 5625 753 856 5626 755 858 5627 1079 1215 5628 747 850 5629 753 856 5630 748 851 5631 753 856 5632 747 850 5633 746 849 5634 747 850 5635 1079 1215 5636 1079 1215 5637 771 874 5638 746 849 5639 1079 1215 5640 1078 1214 5641 771 874 5642 1078 1214 5643 770 873 5644 771 874 5645 1078 1214 5646 1077 1213 5647 770 873 5648 1077 1213 5649 769 872 5650 770 873 5651 1077 1213 5652 1076 1212 5653 769 872 5654 1076 1212 5655 789 892 5656 769 872 5657 1076 1212 5658 1075 1211 5659 789 892 5660 789 892 5661 1075 1211 5662 778 881 5663 1074 1210 5664 778 881 5665 1075 1211 5666 776 879 5667 778 881 5668 1074 1210 5669 1074 1210 5670 1073 1209 5671 776 879 5672 1073 1209 5673 777 880 5674 776 879 5675 777 880 5676 1073 1209 5677 1072 1208 5678 775 878 5679 777 880 5680 1072 1208 5681 775 878 5682 1072 1208 5683 793 896 5684 779 882 5685 775 878 5686 793 896 5687 1080 1216 5688 1081 1217 5689 1082 1218 5690 1082 1218 5691 1081 1217 5692 1083 1219 5693 1081 1217 5694 1084 1220 5695 1083 1219 5696 1085 1221 5697 1081 1217 5698 1080 1216 5699 1085 1221 5700 1080 1216 5701 1086 1222 5702 1086 1222 5703 1080 1216 5704 1087 1223 5705 1086 1222 5706 1087 1223 5707 1088 1224 5708 1088 1224 5709 1087 1223 5710 906 1225 5711 906 1225 5712 1087 1223 5713 904 1226 5714 1089 1227 5715 904 1226 5716 1087 1223 5717 1089 1227 5718 907 1228 5719 904 1226 5720 1090 1229 5721 907 1228 5722 1089 1227 5723 1090 1229 5724 908 1230 5725 907 1228 5726 1091 1231 5727 908 1230 5728 1090 1229 5729 1091 1231 5730 915 1232 5731 908 1230 5732 915 1232 5733 1091 1231 5734 1092 1233 5735 915 1232 5736 1092 1233 5737 914 1234 5738 918 1235 5739 914 1234 5740 1092 1233 5741 1093 1236 5742 918 1235 5743 1092 1233 5744 1092 1233 5745 1085 1237 5746 1093 1236 5747 1092 1233 5748 1081 1238 5749 1085 1237 5750 1091 1231 5751 1081 1238 5752 1092 1233 5753 1091 1231 5754 1084 1239 5755 1081 1238 5756 1084 1239 5757 1091 1231 5758 1090 1229 5759 1084 1239 5760 1090 1229 5761 1083 1240 5762 1089 1227 5763 1083 1240 5764 1090 1229 5765 1089 1227 5766 1082 1241 5767 1083 1240 5768 1082 1241 5769 1089 1227 5770 1087 1223 5771 1082 1241 5772 1087 1223 5773 1080 1216 5774 1094 1242 5775 1064 1200 5776 1095 1243 5777 1096 1244 5778 1094 1242 5779 1095 1243 5780 1096 1244 5781 1097 1245 5782 1094 1242 5783 1094 1242 5784 1097 1245 5785 1060 1196 5786 1094 1242 5787 1060 1196 5788 1098 1246 5789 1098 1246 5790 1060 1196 5791 1059 1195 5792 1059 1195 5793 1064 1200 5794 1098 1246 5795 1094 1242 5796 1098 1246 5797 1064 1200 5798 1099 1247 5799 1095 1243 5800 1100 1248 5801 1096 1244 5802 1095 1243 5803 1099 1247 5804 1101 1249 5805 1096 1244 5806 1099 1247 5807 1101 1249 5808 1102 1250 5809 1096 1244 5810 1097 1245 5811 1096 1244 5812 1102 1250 5813 812 915 5814 1097 1245 5815 1102 1250 5816 812 915 5817 811 914 5818 1097 1245 5819 1070 1206 5820 1097 1245 5821 811 914 5822 1070 1206 5823 1060 1196 5824 1097 1245 5825 1060 1196 5826 1070 1206 5827 1069 1205 5828 1060 1196 5829 1069 1205 5830 1058 1194 5831 1058 1194 5832 1069 1205 5833 1103 1251 5834 1058 1194 5835 1103 1251 5836 1063 1199 5837 1103 1251 5838 1066 1202 5839 1063 1199 5840 1068 1204 5841 1066 1202 5842 1103 1251 5843 1068 1204 5844 1103 1251 5845 1069 1205 5846 1104 1252 5847 1100 1248 5848 1105 1253 5849 1104 1252 5850 1099 1247 5851 1100 1248 5852 1106 1254 5853 1099 1247 5854 1104 1252 5855 1101 1249 5856 1099 1247 5857 1106 1254 5858 829 933 5859 812 915 5860 1102 1250 5861 1102 1250 5862 834 938 5863 829 933 5864 1102 1250 5865 1101 1249 5866 834 938 5867 711 809 5868 834 938 5869 1101 1249 5870 711 809 5871 1101 1249 5872 1106 1254 5873 712 810 5874 711 809 5875 1106 1254 5876 712 810 5877 1106 1254 5878 1104 1252 5879 713 811 5880 712 810 5881 1104 1252 5882 713 811 5883 1104 1252 5884 1105 1253 5885 714 812 5886 713 811 5887 1105 1253 5888 714 812 5889 1105 1253 5890 722 821 5891 720 819 5892 722 821 5893 1105 1253 5894 1100 1248 5895 720 819 5896 1105 1253 5897 1100 1248 5898 717 816 5899 720 819 5900 1100 1248 5901 1095 1243 5902 717 816 5903 1095 1243 5904 718 817 5905 717 816 5906 1095 1243 5907 1064 1200 5908 718 817 5909 1064 1200 5910 731 834 5911 718 817 5912 1107 1255 5913 1108 1256 5914 1109 1257 5915 1110 1258 5916 1109 1257 5917 1108 1256 5918 1110 1258 5919 1111 1259 5920 1109 1257 5921 1111 1259 5922 1110 1258 5923 1112 1260 5924 1110 1258 5925 1113 1261 5926 1112 1260 5927 1112 1260 5928 1113 1261 5929 1114 1262 5930 1113 1261 5931 1115 1263 5932 1114 1262 5933 1111 1259 5934 1116 1264 5935 1109 1257 5936 1117 1265 5937 1107 1255 5938 1118 1266 5939 1118 1266 5940 1107 1255 5941 1119 1267 5942 1118 1266 5943 1119 1267 5944 1116 1264 5945 343 1268 5946 1118 1266 5947 1116 1264 5948 343 1268 5949 1116 1264 5950 1111 1259 5951 343 1268 5952 1111 1259 5953 1120 1269 5954 1111 1259 5955 1112 1260 5956 1120 1269 5957 1112 1260 5958 1121 1270 5959 1120 1269 5960 1112 1260 5961 1114 1262 5962 1121 1270 5963 1114 1262 5964 1122 1271 5965 1121 1270 5966 1114 1262 5967 1123 1272 5968 1122 1271 5969 1115 1263 5970 1123 1272 5971 1114 1262 5972 1124 1273 5973 1123 1272 5974 1115 1263 5975 1124 1273 5976 1115 1263 5977 1113 1261 5978 1124 1273 5979 1113 1261 5980 1125 1274 5981 1110 1258 5982 1125 1274 5983 1113 1261 5984 1126 1275 5985 1125 1274 5986 1110 1258 5987 1126 1275 5988 1110 1258 5989 1108 1256 5990 1124 1273 5991 1127 1276 5992 1123 1272 5993 343 1268 5994 1120 1269 5995 344 1277 5996 1120 1269 5997 346 1278 5998 344 1277 5999 1120 1269 6000 1121 1270 6001 346 1278 6002 347 1279 6003 346 1278 6004 1121 1270 6005 347 1279 6006 1121 1270 6007 1122 1271 6008 1128 1280 6009 1129 1281 6010 1126 1275 6011 1128 1280 6012 1126 1275 6013 1130 1282 6014 1126 1275 6015 1131 1283 6016 1125 1274 6017 1129 1281 6018 1131 1283 6019 1126 1275 6020 1129 1281 6021 1132 1284 6022 1131 1283 6023 1126 1275 6024 1108 1256 6025 1130 1282 6026 1107 1255 6027 1130 1282 6028 1108 1256 6029 1107 1255 6030 1128 1280 6031 1130 1282 6032 1128 1280 6033 1107 1255 6034 1117 1265 6035 1128 1280 6036 1117 1265 6037 1129 1281 6038 1133 1285 6039 1129 1281 6040 1117 1265 6041 1133 1285 6042 1132 1284 6043 1129 1281 6044 1134 1286 6045 1132 1284 6046 1133 1285 6047 1134 1286 6048 1135 1287 6049 1132 1284 6050 1136 1288 6051 1135 1287 6052 1134 1286 6053 1136 1288 6054 1137 1289 6055 1135 1287 6056 1137 1289 6057 1136 1288 6058 1138 1290 6059 1137 1289 6060 1138 1290 6061 1139 1291 6062 1139 1291 6063 1140 1292 6064 1137 1289 6065 1139 1291 6066 1141 1293 6067 1140 1292 6068 1140 1292 6069 1141 1293 6070 1142 1294 6071 1143 1295 6072 1142 1294 6073 1141 1293 6074 1144 1296 6075 1142 1294 6076 1143 1295 6077 1145 1297 6078 1144 1296 6079 1143 1295 6080 1145 1297 6081 1143 1295 6082 1146 1298 6083 1141 1293 6084 1146 1298 6085 1143 1295 6086 1147 1299 6087 1146 1298 6088 1141 1293 6089 1139 1291 6090 1147 1299 6091 1141 1293 6092 1148 1300 6093 1147 1299 6094 1139 1291 6095 1148 1300 6096 1139 1291 6097 1138 1290 6098 1138 1290 6099 1149 1301 6100 1148 1300 6101 1138 1290 6102 1150 1302 6103 1149 1301 6104 1136 1288 6105 1150 1302 6106 1138 1290 6107 1136 1288 6108 1151 1303 6109 1150 1302 6110 1151 1303 6111 1136 1288 6112 1134 1286 6113 1151 1303 6114 1134 1286 6115 1152 1304 6116 1133 1285 6117 1152 1304 6118 1134 1286 6119 1133 1285 6120 1153 1305 6121 1152 1304 6122 1133 1285 6123 1117 1265 6124 1153 1305 6125 1153 1305 6126 1117 1265 6127 1118 1266 6128 1145 1297 6129 1154 1306 6130 1144 1296 6131 1155 1307 6132 1156 1308 6133 1157 1309 6134 1158 1310 6135 1156 1308 6136 1155 1307 6137 1159 1311 6138 1156 1308 6139 1158 1310 6140 434 1312 6141 1159 1311 6142 1158 1310 6143 434 1312 6144 433 1313 6145 1159 1311 6146 433 1313 6147 1160 1314 6148 1159 1311 6149 433 1313 6150 431 1315 6151 1160 1314 6152 1160 1314 6153 431 1315 6154 429 1316 6155 1160 1314 6156 429 1316 6157 1161 1317 6158 429 1316 6159 1162 1318 6160 1161 1317 6161 1162 1318 6162 1163 1319 6163 1161 1317 6164 1164 1320 6165 1161 1317 6166 1163 1319 6167 1164 1320 6168 1163 1319 6169 1147 1299 6170 1165 1321 6171 1164 1320 6172 1147 1299 6173 1148 1300 6174 1165 1321 6175 1147 1299 6176 1148 1300 6177 1166 1322 6178 1165 1321 6179 1149 1301 6180 1166 1322 6181 1148 1300 6182 1149 1301 6183 1167 1323 6184 1166 1322 6185 429 1316 6186 427 1324 6187 1162 1318 6188 1158 1310 6189 435 1325 6190 434 1312 6191 1158 1310 6192 1168 1326 6193 435 1325 6194 1158 1310 6195 1155 1307 6196 1168 1326 6197 1169 1327 6198 1157 1309 6199 1170 1328 6200 1157 1309 6201 1171 1329 6202 1170 1328 6203 1157 1309 6204 1172 1330 6205 1171 1329 6206 1172 1330 6207 1173 1331 6208 1171 1329 6209 1172 1330 6210 1174 1332 6211 1173 1331 6212 1166 1322 6213 1173 1331 6214 1174 1332 6215 1166 1322 6216 1174 1332 6217 1165 1321 6218 1175 1333 6219 1165 1321 6220 1174 1332 6221 1175 1333 6222 1164 1320 6223 1165 1321 6224 1164 1320 6225 1175 1333 6226 1160 1314 6227 1164 1320 6228 1160 1314 6229 1161 1317 6230 1176 1334 6231 1175 1333 6232 1174 1332 6233 1176 1334 6234 1174 1332 6235 1172 1330 6236 1157 1309 6237 1156 1308 6238 1172 1330 6239 1156 1308 6240 1176 1334 6241 1172 1330 6242 1159 1311 6243 1176 1334 6244 1156 1308 6245 1159 1311 6246 1175 1333 6247 1176 1334 6248 1159 1311 6249 1160 1314 6250 1175 1333 6251 1177 1335 6252 1122 1336 6253 1123 1337 6254 1177 1335 6255 1123 1337 6256 1178 1338 6257 1123 1337 6258 1179 1339 6259 1178 1338 6260 1180 1340 6261 1178 1338 6262 1179 1339 6263 1180 1340 6264 1179 1339 6265 1181 1341 6266 1180 1340 6267 1181 1341 6268 1182 1342 6269 1182 1342 6270 1181 1341 6271 1183 1343 6272 1182 1342 6273 1183 1343 6274 1184 1344 6275 1183 1343 6276 1185 1345 6277 1184 1344 6278 1186 1346 6279 1184 1344 6280 1185 1345 6281 1169 1327 6282 1186 1346 6283 1185 1345 6284 1169 1327 6285 1185 1345 6286 1187 1347 6287 1169 1327 6288 1187 1347 6289 1157 1309 6290 1187 1347 6291 1155 1307 6292 1157 1309 6293 1183 1343 6294 1155 1307 6295 1187 1347 6296 1183 1343 6297 1181 1341 6298 1155 1307 6299 1155 1307 6300 1181 1341 6301 1168 1326 6302 1188 1348 6303 1168 1326 6304 1181 1341 6305 1183 1343 6306 1187 1347 6307 1185 1345 6308 1189 1349 6309 1190 1350 6310 1179 1339 6311 1191 1351 6312 1179 1339 6313 1190 1350 6314 1188 1348 6315 1179 1339 6316 1191 1351 6317 1181 1341 6318 1179 1339 6319 1188 1348 6320 1188 1348 6321 435 1325 6322 1168 1326 6323 1188 1348 6324 423 1352 6325 435 1325 6326 1188 1348 6327 1191 1351 6328 423 1352 6329 423 1352 6330 1191 1351 6331 424 1353 6332 1191 1351 6333 426 1354 6334 424 1353 6335 1191 1351 6336 1190 1350 6337 426 1354 6338 1162 1355 6339 426 1354 6340 1190 1350 6341 1190 1350 6342 1163 1356 6343 1162 1355 6344 1189 1349 6345 1163 1356 6346 1190 1350 6347 1127 1357 6348 1163 1356 6349 1189 1349 6350 1179 1339 6351 1127 1357 6352 1189 1349 6353 1123 1337 6354 1127 1357 6355 1179 1339 6356 1127 1357 6357 1147 1358 6358 1163 1356 6359 1162 1355 6360 427 1359 6361 426 1354 6362 1086 1222 6363 1192 1360 6364 1085 1221 6365 1085 1221 6366 1192 1360 6367 1193 1361 6368 1194 1362 6369 1195 1363 6370 1196 1364 6371 1194 1362 6372 1192 1365 6373 1086 1366 6374 1194 1362 6375 1086 1366 6376 1088 1367 6377 1194 1362 6378 1088 1367 6379 1195 1363 6380 906 1368 6381 1195 1363 6382 1088 1367 6383 906 1368 6384 1154 1369 6385 1195 1363 6386 903 1370 6387 1154 1369 6388 906 1368 6389 903 1370 6390 1144 1371 6391 1154 1369 6392 911 1372 6393 1144 1371 6394 903 1370 6395 911 1373 6396 1197 1374 6397 1144 1375 6398 912 1376 6399 1197 1374 6400 911 1373 6401 912 1376 6402 1198 1377 6403 1197 1374 6404 1199 1378 6405 1198 1377 6406 912 1376 6407 1199 1378 6408 912 1376 6409 918 1379 6410 918 1379 6411 1200 1380 6412 1199 1378 6413 918 1379 6414 1093 1381 6415 1200 1380 6416 1201 1382 6417 1200 1380 6418 1093 1381 6419 1201 1382 6420 1093 1381 6421 1202 1383 6422 1196 1384 6423 1201 1382 6424 1202 1383 6425 1196 1384 6426 1202 1383 6427 1194 1385 6428 1192 1386 6429 1194 1385 6430 1202 1383 6431 1192 1386 6432 1202 1383 6433 1193 1387 6434 1202 1383 6435 1085 1388 6436 1193 1387 6437 1202 1383 6438 1093 1381 6439 1085 1388 6440 631 1389 6441 843 1390 6442 1203 1391 6443 1204 1392 6444 1203 1391 6445 843 1390 6446 842 1393 6447 1204 1392 6448 843 1390 6449 1205 1394 6450 1204 1392 6451 1206 1395 6452 1206 1395 6453 1204 1392 6454 1207 1396 6455 842 1393 6456 1207 1396 6457 1204 1392 6458 1207 1396 6459 842 1393 6460 837 1397 6461 1208 1398 6462 1209 1399 6463 240 1400 6464 1209 1399 6465 853 1401 6466 240 1400 6467 851 1402 6468 853 1401 6469 1209 1399 6470 851 1402 6471 1209 1399 6472 1210 1403 6473 1210 1403 6474 841 1404 6475 851 1402 6476 1210 1403 6477 1211 1405 6478 841 1404 6479 838 1406 6480 841 1404 6481 1211 1405 6482 838 1406 6483 1211 1405 6484 1212 1407 6485 836 1408 6486 838 1406 6487 1212 1407 6488 836 1408 6489 1212 1407 6490 1213 1409 6491 1213 1409 6492 837 1397 6493 836 1408 6494 1213 1409 6495 1214 1410 6496 837 1397 6497 1207 1396 6498 837 1397 6499 1214 1410 6500 1215 1411 6501 1207 1396 6502 1214 1410 6503 1206 1395 6504 1207 1396 6505 1215 1411 6506 1216 1412 6507 1206 1395 6508 1215 1411 6509 1217 1413 6510 1206 1395 6511 1216 1412 6512 1217 1413 6513 1205 1394 6514 1206 1395 6515 1218 1414 6516 1205 1394 6517 1217 1413 6518 1218 1414 6519 1219 1415 6520 1205 1394 6521 1216 1412 6522 1215 1411 6523 1220 1416 6524 1220 1416 6525 1215 1411 6526 1221 1417 6527 1215 1411 6528 1214 1410 6529 1221 1417 6530 1221 1417 6531 1214 1410 6532 1213 1409 6533 1221 1417 6534 1213 1409 6535 1222 1418 6536 1213 1409 6537 1223 1419 6538 1222 1418 6539 1213 1409 6540 1212 1407 6541 1223 1419 6542 1212 1407 6543 1224 1420 6544 1223 1419 6545 1212 1407 6546 1211 1405 6547 1224 1420 6548 1211 1405 6549 1225 1421 6550 1224 1420 6551 1211 1405 6552 1210 1403 6553 1225 1421 6554 1210 1403 6555 1226 1422 6556 1225 1421 6557 1210 1403 6558 1209 1399 6559 1226 1422 6560 1226 1422 6561 1209 1399 6562 1208 1398 6563 1227 1423 6564 1226 1422 6565 1208 1398 6566 1220 1416 6567 1221 1417 6568 1228 1424 6569 1228 1424 6570 1221 1417 6571 1222 1418 6572 1150 1425 6573 1151 1426 6574 1220 1416 6575 1150 1425 6576 1220 1416 6577 1228 1424 6578 1150 1425 6579 1228 1424 6580 1229 1427 6581 1228 1424 6582 1222 1418 6583 1229 1427 6584 1222 1418 6585 1230 1428 6586 1229 1427 6587 1222 1418 6588 1223 1419 6589 1230 1428 6590 1223 1419 6591 1231 1429 6592 1230 1428 6593 1223 1419 6594 1224 1420 6595 1231 1429 6596 1224 1420 6597 1232 1430 6598 1231 1429 6599 1224 1420 6600 1225 1421 6601 1232 1430 6602 1225 1421 6603 1233 1431 6604 1232 1430 6605 1225 1421 6606 1226 1422 6607 1233 1431 6608 1226 1422 6609 1234 1432 6610 1233 1431 6611 1226 1422 6612 1227 1423 6613 1234 1432 6614 248 1433 6615 1234 1432 6616 1227 1423 6617 1227 1423 6618 242 1434 6619 248 1433 6620 1227 1423 6621 1208 1398 6622 242 1434 6623 1208 1398 6624 240 1400 6625 242 1434 6626 1150 1425 6627 1229 1427 6628 1149 1435 6629 1229 1427 6630 1167 1436 6631 1149 1435 6632 1229 1427 6633 1230 1428 6634 1167 1436 6635 1230 1428 6636 1235 1437 6637 1167 1436 6638 1230 1428 6639 1231 1429 6640 1235 1437 6641 1236 1438 6642 1235 1437 6643 1231 1429 6644 1236 1438 6645 1231 1429 6646 1232 1430 6647 1233 1431 6648 1236 1438 6649 1232 1430 6650 1233 1431 6651 1237 1439 6652 1236 1438 6653 1233 1431 6654 1238 1440 6655 1237 1439 6656 1233 1431 6657 1234 1432 6658 1238 1440 6659 1238 1440 6660 1234 1432 6661 355 1441 6662 356 1442 6663 355 1441 6664 1234 1432 6665 248 1433 6666 356 1443 6667 1234 1432 6668 1205 1394 6669 1203 1391 6670 1204 1392 6671 1205 1394 6672 1219 1415 6673 1203 1391 6674 1219 1415 6675 631 1389 6676 1203 1391 6677 1219 1415 6678 1239 1444 6679 631 1389 6680 643 1445 6681 631 1389 6682 1239 1444 6683 1239 1444 6684 1240 1446 6685 643 1445 6686 1240 1446 6687 1239 1444 6688 1219 1415 6689 1240 1446 6690 1219 1415 6691 1241 1447 6692 1218 1414 6693 1241 1447 6694 1219 1415 6695 1218 1414 6696 342 1448 6697 1241 1449 6698 342 1448 6699 1218 1414 6700 343 1450 6701 1118 1451 6702 343 1450 6703 1218 1414 6704 1118 1451 6705 1218 1414 6706 1217 1413 6707 1118 1451 6708 1217 1413 6709 1153 1452 6710 1152 1453 6711 1153 1452 6712 1217 1413 6713 1152 1453 6714 1217 1413 6715 1216 1412 6716 1216 1412 6717 1151 1426 6718 1152 1453 6719 1216 1412 6720 1220 1416 6721 1151 1426 6722 1242 1454 6723 1243 1455 6724 1244 1456 6725 1245 1457 6726 1244 1456 6727 1243 1455 6728 1246 1458 6729 1244 1456 6730 1245 1457 6731 200 202 6732 198 200 6733 675 1459 6734 675 1459 6735 198 200 6736 1246 1458 6737 198 200 6738 196 198 6739 1246 1458 6740 1246 1458 6741 196 198 6742 1244 1456 6743 204 206 6744 1244 1456 6745 196 198 6746 1242 1454 6747 1244 1456 6748 204 206 6749 204 206 6750 176 178 6751 1242 1454 6752 1242 1454 6753 176 178 6754 174 176 6755 1242 1454 6756 174 176 6757 172 174 6758 172 174 6759 1243 1455 6760 1242 1454 6761 172 174 6762 1247 1460 6763 1243 1455 6764 1245 1457 6765 1243 1455 6766 1247 1460 6767 1247 1460 6768 673 1461 6769 1245 1457 6770 1245 1457 6771 673 1461 6772 674 1462 6773 1245 1457 6774 674 1462 6775 1246 1458 6776 675 1459 6777 1246 1458 6778 674 1462 6779 170 172 6780 672 1463 6781 172 174 6782 1247 1460 6783 172 174 6784 672 1463 6785 1247 1460 6786 672 1463 6787 673 1461 6788 1248 1464 6789 1249 1465 6790 1250 1466 6791 1250 1466 6792 1249 1465 6793 1251 1467 6794 1249 1465 6795 1252 1468 6796 1251 1467 6797 1142 1294 6798 1251 1467 6799 1140 1292 6800 1252 1468 6801 1140 1292 6802 1251 1467 6803 1137 1289 6804 1140 1292 6805 1252 1468 6806 1137 1289 6807 1252 1468 6808 1135 1287 6809 1135 1287 6810 1252 1468 6811 1249 1465 6812 1132 1284 6813 1135 1287 6814 1249 1465 6815 1132 1284 6816 1249 1465 6817 1131 1283 6818 1248 1464 6819 1131 1283 6820 1249 1465 6821 1248 1464 6822 1125 1274 6823 1131 1283 6824 1248 1464 6825 1253 1469 6826 1125 1274 6827 1253 1469 6828 1124 1273 6829 1125 1274 6830 1253 1469 6831 1254 1470 6832 1124 1273 6833 1146 1471 6834 1147 1472 6835 1127 1276 6836 1146 1471 6837 1127 1276 6838 1255 1473 6839 1124 1273 6840 1255 1473 6841 1127 1276 6842 1255 1473 6843 1124 1273 6844 1256 1474 6845 1254 1470 6846 1256 1474 6847 1124 1273 6848 1195 1475 6849 1256 1474 6850 1254 1470 6851 1195 1475 6852 1254 1470 6853 1196 1476 6854 1254 1470 6855 1253 1469 6856 1196 1476 6857 1201 1477 6858 1196 1476 6859 1253 1469 6860 1253 1469 6861 1248 1464 6862 1201 1477 6863 1200 1478 6864 1201 1477 6865 1248 1464 6866 1200 1478 6867 1248 1464 6868 1250 1466 6869 1200 1478 6870 1250 1466 6871 1199 1479 6872 1199 1479 6873 1250 1466 6874 1251 1467 6875 1199 1479 6876 1251 1467 6877 1198 1480 6878 1142 1294 6879 1198 1480 6880 1251 1467 6881 1142 1294 6882 1257 1481 6883 1198 1482 6884 1144 1296 6885 1257 1481 6886 1142 1294 6887 1146 1471 6888 1255 1473 6889 1145 1483 6890 1256 1474 6891 1145 1483 6892 1255 1473 6893 1195 1475 6894 1145 1483 6895 1256 1474 6896 1195 1475 6897 1154 1484 6898 1145 1483 6899 1258 1485 6900 1186 1346 6901 1259 1486 6902 1258 1485 6903 1184 1344 6904 1186 1346 6905 1182 1342 6906 1184 1344 6907 1258 1485 6908 1259 1486 6909 1182 1342 6910 1258 1485 6911 1180 1340 6912 1177 1335 6913 1178 1338 6914 1260 1487 6915 1177 1335 6916 1180 1340 6917 1180 1340 6918 1182 1342 6919 1260 1487 6920 1260 1487 6921 1182 1342 6922 1261 1488 6923 1259 1486 6924 1261 1488 6925 1182 1342 6926 1261 1488 6927 1259 1486 6928 1262 1489 6929 1167 1323 6930 1173 1331 6931 1166 1322 6932 1167 1323 6933 1235 1490 6934 1173 1331 6935 1171 1329 6936 1173 1331 6937 1235 1490 6938 1171 1329 6939 1235 1490 6940 1236 1491 6941 1236 1491 6942 1170 1328 6943 1171 1329 6944 1236 1491 6945 1237 1492 6946 1170 1328 6947 1237 1492 6948 1169 1327 6949 1170 1328 6950 1238 1493 6951 1169 1327 6952 1237 1492 6953 1169 1327 6954 1238 1493 6955 1186 1346 6956 1238 1493 6957 255 1494 6958 1186 1346 6959 1238 1493 6960 1262 1489 6961 255 1494 6962 1238 1493 6963 355 1495 6964 1262 1489 6965 355 1495 6966 1261 1488 6967 1262 1489 6968 1263 1496 6969 1261 1488 6970 355 1495 6971 1260 1487 6972 1261 1488 6973 1263 1496 6974 1264 1497 6975 1260 1487 6976 1263 1496 6977 1264 1497 6978 1177 1335 6979 1260 1487 6980 1264 1497 6981 1122 1336 6982 1177 1335 6983 1264 1497 6984 347 1498 6985 1122 1336 6986 1264 1497 6987 349 1499 6988 347 1498 6989 351 1500 6990 349 1499 6991 1264 1497 6992 351 1500 6993 1264 1497 6994 1263 1496 6995 1263 1496 6996 355 1495 6997 351 1500 6998 966 1501 6999 1265 1502 7000 1266 1503 7001 966 1501 7002 965 1504 7003 1265 1502 7004 965 1504 7005 1267 1505 7006 1265 1502 7007 965 1504 7008 964 1506 7009 1267 1505 7010 963 1507 7011 1267 1505 7012 964 1506 7013 963 1507 7014 1268 1508 7015 1267 1505 7016 963 1507 7017 1269 1509 7018 1268 1508 7019 1057 1510 7020 1269 1509 7021 963 1507 7022 1056 1511 7023 1269 1509 7024 1057 1510 7025 1056 1511 7026 1270 1512 7027 1269 1509 7028 1038 1513 7029 1037 1514 7030 1271 1515 7031 1272 1516 7032 1271 1515 7033 1037 1514 7034 1273 1517 7035 1272 1516 7036 1037 1514 7037 1273 1517 7038 1037 1514 7039 985 1518 7040 1274 1519 7041 1273 1517 7042 985 1518 7043 1274 1519 7044 985 1518 7045 983 1520 7046 981 1521 7047 1274 1519 7048 983 1520 7049 981 1521 7050 1275 1522 7051 1274 1519 7052 979 1523 7053 1275 1522 7054 981 1521 7055 979 1523 7056 1276 1524 7057 1275 1522 7058 973 1525 7059 1276 1524 7060 979 1523 7061 973 1525 7062 1277 1526 7063 1276 1524 7064 968 1527 7065 1277 1526 7066 973 1525 7067 968 1527 7068 1278 1528 7069 1277 1526 7070 967 1529 7071 1278 1528 7072 968 1527 7073 967 1529 7074 1279 1530 7075 1278 1528 7076 967 1529 7077 1266 1503 7078 1279 1530 7079 967 1529 7080 966 1501 7081 1266 1503 7082 1280 1531 7083 1281 1532 7084 1282 1533 7085 1280 1531 7086 1282 1533 7087 1283 1534 7088 1283 1534 7089 1284 1535 7090 1280 1531 7091 1283 1534 7092 1285 1536 7093 1284 1535 7094 1285 1536 7095 1286 1537 7096 1284 1535 7097 1287 1538 7098 1284 1535 7099 1286 1537 7100 1288 1539 7101 1284 1535 7102 1287 1538 7103 1288 1539 7104 1280 1531 7105 1284 1535 7106 1289 1540 7107 1280 1531 7108 1288 1539 7109 1289 1540 7110 1281 1532 7111 1280 1531 7112 1289 1540 7113 1290 1541 7114 1281 1532 7115 1290 1541 7116 1282 1533 7117 1281 1532 7118 1290 1541 7119 1291 1542 7120 1282 1533 7121 1292 1543 7122 1291 1542 7123 1290 1541 7124 1292 1543 7125 1293 1544 7126 1291 1542 7127 1292 1543 7128 1294 1545 7129 1293 1544 7130 1294 1545 7131 1295 1546 7132 1293 1544 7133 1294 1545 7134 1296 1547 7135 1295 1546 7136 1297 1548 7137 1296 1547 7138 1294 1545 7139 1296 1547 7140 1297 1548 7141 1298 1549 7142 1299 1550 7143 1298 1549 7144 1297 1548 7145 1299 1550 7146 1297 1548 7147 1300 1551 7148 1301 1552 7149 1299 1550 7150 1300 1551 7151 1301 1552 7152 1300 1551 7153 1302 1553 7154 1303 1554 7155 1301 1552 7156 1302 1553 7157 1303 1554 7158 1302 1553 7159 1304 1555 7160 1303 1554 7161 1304 1555 7162 1305 1556 7163 1306 1557 7164 1305 1556 7165 1304 1555 7166 1306 1557 7167 1286 1537 7168 1305 1556 7169 1287 1538 7170 1286 1537 7171 1306 1557 7172 1307 1558 7173 1287 1538 7174 1306 1557 7175 1307 1558 7176 1288 1539 7177 1287 1538 7178 1308 1559 7179 1288 1539 7180 1307 1558 7181 1308 1559 7182 1289 1540 7183 1288 1539 7184 1308 1559 7185 1309 1560 7186 1289 1540 7187 1289 1540 7188 1309 1560 7189 1290 1541 7190 1292 1543 7191 1290 1541 7192 1309 1560 7193 1292 1543 7194 1309 1560 7195 1310 1561 7196 1294 1545 7197 1292 1543 7198 1310 1561 7199 1294 1545 7200 1310 1561 7201 1311 1562 7202 1297 1548 7203 1294 1545 7204 1311 1562 7205 1311 1562 7206 1300 1551 7207 1297 1548 7208 1311 1562 7209 1312 1563 7210 1300 1551 7211 1302 1553 7212 1300 1551 7213 1312 1563 7214 1302 1553 7215 1312 1563 7216 1308 1559 7217 1302 1553 7218 1308 1559 7219 1307 1558 7220 1302 1553 7221 1307 1558 7222 1304 1555 7223 1306 1557 7224 1304 1555 7225 1307 1558 7226 1308 1559 7227 1312 1563 7228 1309 1560 7229 1310 1561 7230 1309 1560 7231 1312 1563 7232 1310 1561 7233 1312 1563 7234 1311 1562 7235 484 520 7236 314 320 7237 315 321 7238 484 520 7239 1313 1564 7240 314 320 7241 368 379 7242 1313 1564 7243 484 520 7244 368 379 7245 367 378 7246 1313 1564 7247 366 377 7248 1313 1564 7249 367 378 7250 366 377 7251 1314 1565 7252 1313 1564 7253 365 376 7254 1314 1565 7255 366 377 7256 365 376 7257 490 528 7258 1314 1565 7259 318 324 7260 1314 1565 7261 490 528 7262 318 324 7263 313 319 7264 1314 1565 7265 314 320 7266 1314 1565 7267 313 319 7268 314 320 7269 1313 1564 7270 1314 1565 7271 311 317 7272 474 509 7273 548 596 7274 311 317 7275 548 596 7276 308 314 7277 546 594 7278 308 314 7279 548 596 7280 546 594 7281 309 315 7282 308 314 7283 482 518 7284 309 315 7285 546 594 7286 482 518 7287 317 323 7288 309 315 7289 1315 1566 7290 1316 1567 7291 1317 1568 7292 1315 1566 7293 1317 1568 7294 1318 1569 7295 1318 1569 7296 1319 1570 7297 1315 1566 7298 1318 1569 7299 1320 1571 7300 1319 1570 7301 1320 1572 7302 1318 1569 7303 1321 1573 7304 1322 1574 7305 1321 1573 7306 1318 1569 7307 1322 1574 7308 1318 1569 7309 1317 1568 7310 1317 1568 7311 1323 1575 7312 1322 1574 7313 1323 1575 7314 1317 1568 7315 1324 1576 7316 1317 1568 7317 1325 1577 7318 1324 1576 7319 1325 1577 7320 1317 1568 7321 1316 1567 7322 1325 1577 7323 1316 1567 7324 1326 1578 7325 1327 1579 7326 1320 1572 7327 1328 1580 7328 1321 1573 7329 1328 1580 7330 1320 1572 7331 1321 1573 7332 1329 1581 7333 1328 1580 7334 1321 1573 7335 1330 1582 7336 1329 1581 7337 1322 1574 7338 1330 1582 7339 1321 1573 7340 1322 1574 7341 1331 1583 7342 1330 1582 7343 1323 1575 7344 1331 1583 7345 1322 1574 7346 1323 1575 7347 1332 1584 7348 1331 1583 7349 1323 1575 7350 1324 1576 7351 1332 1584 7352 1324 1576 7353 1333 1585 7354 1332 1584 7355 1119 1586 7356 1332 1584 7357 1333 1585 7358 1119 1586 7359 1334 1587 7360 1332 1584 7361 1334 1587 7362 1331 1583 7363 1332 1584 7364 1334 1587 7365 1335 1588 7366 1331 1583 7367 1331 1583 7368 1335 1588 7369 1330 1582 7370 1330 1582 7371 1335 1588 7372 1336 1589 7373 1336 1589 7374 1329 1581 7375 1330 1582 7376 1336 1589 7377 1337 1590 7378 1329 1581 7379 1320 1591 7380 1327 1592 7381 336 1593 7382 1319 1570 7383 1320 1571 7384 336 1594 7385 1319 1570 7386 336 1594 7387 331 1595 7388 331 1595 7389 1315 1566 7390 1319 1570 7391 331 1595 7392 333 1596 7393 1315 1566 7394 1315 1566 7395 333 1596 7396 393 1597 7397 1315 1566 7398 393 1597 7399 1316 1567 7400 393 1597 7401 644 1598 7402 1316 1567 7403 644 1598 7404 1326 1578 7405 1316 1567 7406 644 1598 7407 643 1599 7408 1326 1578 7409 1240 1600 7410 1326 1578 7411 643 1599 7412 1326 1578 7413 1240 1600 7414 1325 1577 7415 1240 1600 7416 1241 1601 7417 1325 1577 7418 1325 1577 7419 1241 1601 7420 1324 1576 7421 1241 1601 7422 1338 1602 7423 1324 1576 7424 1338 1602 7425 1333 1585 7426 1324 1576 7427 1338 1602 7428 1339 1603 7429 1333 1585 7430 1333 1585 7431 1339 1603 7432 1119 1586 7433 40 42 7434 1340 1604 7435 1341 1605 7436 40 42 7437 1342 1606 7438 1340 1604 7439 30 32 7440 1342 1606 7441 40 42 7442 30 32 7443 1343 1607 7444 1342 1606 7445 30 32 7446 27 29 7447 1343 1607 7448 27 29 7449 98 100 7450 1343 1607 7451 27 29 7452 24 26 7453 98 100 7454 98 100 7455 24 26 7456 1344 1608 7457 24 26 7458 26 28 7459 1344 1608 7460 26 28 7461 1345 1609 7462 1344 1608 7463 26 28 7464 1346 1610 7465 1345 1609 7466 1347 1611 7467 1345 1609 7468 1346 1610 7469 1347 1611 7470 1346 1610 7471 1348 1612 7472 1349 1613 7473 1347 1611 7474 1348 1612 7475 1349 1613 7476 1348 1612 7477 1350 1614 7478 1351 1615 7479 1349 1613 7480 1350 1614 7481 1351 1615 7482 1350 1614 7483 1352 1616 7484 1353 1617 7485 1351 1615 7486 1352 1616 7487 1354 1618 7488 1353 1617 7489 1352 1616 7490 1354 1618 7491 884 1017 7492 1353 1617 7493 1354 1618 7494 889 1022 7495 884 1017 7496 98 100 7497 1344 1608 7498 99 101 7499 1344 1608 7500 100 102 7501 99 101 7502 1344 1608 7503 1345 1609 7504 100 102 7505 108 110 7506 100 102 7507 1345 1609 7508 108 110 7509 1345 1609 7510 1347 1611 7511 1347 1611 7512 110 112 7513 108 110 7514 1347 1611 7515 1349 1613 7516 110 112 7517 1349 1613 7518 125 127 7519 110 112 7520 1349 1613 7521 1351 1615 7522 125 127 7523 125 127 7524 1351 1615 7525 127 129 7526 1353 1617 7527 127 129 7528 1351 1615 7529 1353 1617 7530 128 130 7531 127 129 7532 1353 1617 7533 1355 1619 7534 128 130 7535 148 150 7536 128 130 7537 1355 1619 7538 1356 1620 7539 148 150 7540 1355 1619 7541 1356 1620 7542 161 163 7543 148 150 7544 162 164 7545 161 163 7546 1356 1620 7547 161 163 7548 162 164 7549 160 162 7550 1353 1617 7551 884 1017 7552 1355 1619 7553 1356 1620 7554 1355 1619 7555 884 1017 7556 1356 1620 7557 884 1017 7558 883 1016 7559 162 164 7560 1356 1620 7561 883 1016 7562 883 1016 7563 882 1015 7564 162 164 7565 162 164 7566 882 1015 7567 163 165 7568 83 85 7569 96 98 7570 82 84 7571 98 100 7572 96 98 7573 83 85 7574 98 100 7575 83 85 7576 1343 1607 7577 1343 1607 7578 83 85 7579 69 71 7580 1343 1607 7581 69 71 7582 1342 1606 7583 1342 1606 7584 69 71 7585 54 56 7586 1342 1606 7587 54 56 7588 1340 1604 7589 1340 1604 7590 54 56 7591 52 54 7592 1340 1604 7593 52 54 7594 1341 1605 7595 50 52 7596 1341 1605 7597 52 54 7598 50 52 7599 1357 1621 7600 1341 1605 7601 48 50 7602 1357 1621 7603 50 52 7604 48 50 7605 1358 1622 7606 1357 1621 7607 48 50 7608 39 41 7609 1358 1622 7610 1357 1621 7611 1358 1622 7612 39 41 7613 1357 1621 7614 39 41 7615 38 40 7616 38 40 7617 1341 1605 7618 1357 1621 7619 38 40 7620 40 42 7621 1341 1605 7622 994 1129 7623 993 1128 7624 1006 1141 7625 994 1129 7626 1006 1141 7627 1359 1623 7628 1005 1140 7629 1359 1623 7630 1006 1141 7631 1005 1140 7632 1360 1624 7633 1359 1623 7634 1004 1139 7635 1360 1624 7636 1005 1140 7637 1004 1139 7638 1361 1625 7639 1360 1624 7640 1002 1137 7641 1361 1625 7642 1004 1139 7643 1002 1137 7644 1000 1135 7645 1361 1625 7646 1361 1625 7647 1000 1135 7648 998 1133 7649 1361 1625 7650 998 1133 7651 996 1131 7652 1360 1624 7653 1361 1625 7654 996 1131 7655 1359 1623 7656 1360 1624 7657 996 1131 7658 994 1129 7659 1359 1623 7660 996 1131 7661</p>
        </triangles>
      </mesh>
    </geometry>
  </library_geometries>
  <library_visual_scenes>
    <visual_scene id="Scene" name="Scene">
      <node id="v_Gnome" name="v_Gnome" type="NODE">
        <matrix sid="transform">1 0 0 0 0 -1.62921e-7 -1 0 0 1 -1.62921e-7 0 0 0 0 1</matrix>
        <instance_geometry url="#v_Gnome-mesh" name="v_Gnome">
          <bind_material>
            <technique_common>
              <instance_material symbol="gnome-material" target="#gnome-material">
                <bind_vertex_input semantic="UVMap" input_semantic="TEXCOORD" input_set="0"/>
              </instance_material>
            </technique_common>
          </bind_material>
        </instance_geometry>
      </node>
    </visual_scene>
  </library_visual_scenes>
  <scene>
    <instance_visual_scene url="#Scene"/>
  </scene>
</COLLADA>